Gender,10th board,10th marks,12th board,12th marks,Stream,Cgpa,Communication level,Technical skills(Y/N),Internships,Trainings,Projects,Backlogs,Coding Score,Aptitude Score,Hackathons Count,Certifications Count,Placement(Y/N)?
Male,CBSE,60.7,State,76.4,Information Technology,5.98,2,Yes,1,1,1,0,98,67,0,1,Placed
Female,CBSE,80.2,State,61.9,Information Technology,5.43,2,Yes,0,1,5,0,100,59,3,2,Placed
Female,CBSE,90.3,State,68.5,Civil,4.68,2,Yes,1,3,3,1,70,47,1,0,Placed
Female,State,54.8,CBSE,44.2,Information Technology,5.36,2,Yes,4,1,4,2,95,45,2,1,Placed
Male,State,96.0,CBSE,88.3,Civil,6.51,3,Yes,0,1,2,1,69,84,0,0,Placed
Male,ICSE,70.2,CBSE,39.6,Computer Science,3.5,1,Yes,1,3,6,1,100,35,0,0,Placed
Male,CBSE,58.3,CBSE,52.8,Civil,6.95,3,No,1,1,0,2,100,49,0,0,Not Placed
Female,State,82.6,State,91.0,Civil,6.7,4,Yes,1,1,1,0,82,82,0,2,Placed
Female,ICSE,65.7,State,74.1,Computer Science,6.2,4,Yes,1,1,4,0,92,63,0,1,Placed
Female,ICSE,70.9,CBSE,63.1,Information Technology,7.41,4,Yes,1,2,3,0,100,67,1,0,Placed
Male,ICSE,66.3,CBSE,60.4,Computer Science,4.74,1,Yes,3,1,2,0,96,51,0,2,Placed
Female,State,60.6,CBSE,66.1,Mechanical,6.72,3,No,0,1,2,0,75,75,1,0,Placed
Female,Other,82.1,Other,85.9,Electronics,6.65,3,Yes,0,1,2,0,100,61,0,1,Placed
Male,CBSE,68.0,State,60.7,Electronics,4.35,2,No,0,1,1,1,36,56,2,1,Not Placed
Male,State,51.9,ICSE,51.6,Computer Science,6.79,3,Yes,1,2,3,1,93,64,1,0,Placed
Male,CBSE,79.7,ICSE,69.1,Computer Science,7.22,5,Yes,4,1,6,0,100,78,1,0,Placed
Male,CBSE,55.1,State,43.0,Computer Science,5.52,3,Yes,3,0,6,0,100,47,2,0,Placed
Male,CBSE,55.9,State,54.7,Information Technology,5.69,1,Yes,2,1,6,0,100,83,1,3,Placed
Male,CBSE,88.7,CBSE,78.6,Electronics,7.25,4,Yes,0,3,3,0,100,70,0,1,Placed
Male,CBSE,55.3,State,43.9,Civil,3.5,1,Yes,1,1,2,0,87,39,0,0,Not Placed
Female,CBSE,39.6,CBSE,51.2,Mechanical,4.83,1,No,0,0,2,1,59,38,1,1,Not Placed
Male,CBSE,80.7,ICSE,80.4,Information Technology,6.19,4,Yes,3,4,4,0,72,63,1,0,Placed
Male,Other,67.7,CBSE,72.7,Other,4.88,2,Yes,0,1,2,0,100,48,0,0,Placed
Male,CBSE,69.0,ICSE,59.1,Mechanical,5.61,1,Yes,0,5,3,0,100,78,1,5,Placed
Male,State,67.6,CBSE,45.9,Electrical,5.48,2,Yes,2,0,3,1,98,34,1,0,Placed
Female,CBSE,75.2,ICSE,76.1,Electronics,6.2,4,Yes,1,5,5,1,94,41,1,2,Placed
Male,Other,61.5,CBSE,54.5,Computer Science,5.25,2,No,2,0,0,0,100,48,0,2,Placed
Male,ICSE,92.7,State,75.6,Computer Science,5.79,1,Yes,0,2,3,0,98,66,5,1,Placed
Female,State,51.3,State,40.9,Mechanical,4.06,2,Yes,2,2,2,2,95,56,2,3,Not Placed
Male,State,78.2,CBSE,70.9,Computer Science,7.19,4,No,1,1,0,0,65,67,0,0,Placed
Female,CBSE,81.0,State,91.5,Information Technology,8.46,5,Yes,1,2,2,0,100,79,1,3,Placed
Male,Other,61.4,Other,56.0,Electronics,5.73,3,Yes,2,1,1,0,70,54,2,0,Placed
Male,ICSE,57.7,CBSE,47.4,Electronics,4.12,1,Yes,2,0,2,2,97,52,0,0,Not Placed
Female,ICSE,86.2,Other,86.2,Electronics,6.62,4,Yes,0,1,1,0,96,58,0,2,Placed
Female,State,58.1,State,60.3,Computer Science,6.54,4,Yes,0,1,5,0,100,72,0,1,Placed
Female,CBSE,63.5,ICSE,41.4,Information Technology,5.22,3,Yes,1,1,1,0,96,30,1,1,Placed
Male,ICSE,84.4,CBSE,84.9,Electronics,6.96,2,Yes,2,0,4,0,100,69,5,0,Placed
Male,CBSE,72.5,State,90.7,Other,6.91,4,No,0,0,4,0,80,71,0,4,Placed
Female,State,46.8,ICSE,28.0,Mechanical,4.27,2,No,0,1,1,1,70,23,1,0,Not Placed
Male,CBSE,96.5,State,75.0,Electrical,6.0,2,No,1,2,0,0,100,64,1,2,Placed
Male,Other,64.6,State,35.0,Mechanical,4.35,2,Yes,0,2,3,1,62,35,5,3,Placed
Male,CBSE,66.4,CBSE,64.0,Electronics,5.64,2,Yes,1,0,1,0,79,59,1,0,Not Placed
Male,CBSE,75.6,CBSE,81.6,Computer Science,6.26,3,Yes,2,3,1,1,77,68,1,1,Placed
Female,State,80.8,State,76.7,Mechanical,7.84,5,Yes,1,3,3,0,66,75,1,0,Placed
Male,ICSE,99.5,State,99.9,Electronics,8.2,4,Yes,1,0,2,0,100,78,1,1,Placed
Female,State,48.8,State,59.9,Electronics,4.85,2,Yes,1,1,3,1,88,53,2,1,Placed
Male,CBSE,83.6,CBSE,94.7,Information Technology,6.7,4,Yes,2,1,3,0,67,83,2,0,Placed
Male,CBSE,82.4,State,88.4,Electronics,6.18,3,Yes,0,1,4,0,99,76,0,2,Placed
Male,ICSE,70.1,CBSE,63.5,Information Technology,5.59,2,Yes,3,1,2,0,99,61,0,1,Placed
Male,Other,83.0,State,77.9,Electronics,8.4,4,Yes,1,1,1,0,84,67,0,0,Placed
Female,ICSE,85.1,ICSE,70.1,Computer Science,5.93,2,Yes,0,0,3,0,100,36,1,1,Placed
Female,State,52.7,ICSE,52.2,Civil,6.0,3,Yes,0,0,4,2,96,36,1,0,Not Placed
Female,Other,96.5,CBSE,88.0,Computer Science,7.5,4,Yes,2,0,4,1,100,82,1,1,Placed
Female,State,50.2,ICSE,51.8,Computer Science,4.2,2,Yes,0,2,3,1,100,39,2,1,Placed
Female,State,56.1,State,70.5,Information Technology,5.96,2,Yes,4,0,4,0,100,49,0,0,Placed
Female,State,68.3,State,62.9,Mechanical,4.34,1,Yes,1,2,3,3,84,43,3,0,Not Placed
Male,State,98.9,CBSE,79.9,Information Technology,6.22,2,Yes,2,1,1,1,100,65,0,1,Placed
Male,ICSE,67.7,State,57.1,Computer Science,4.81,2,Yes,3,1,4,0,89,52,0,1,Placed
Male,State,71.6,CBSE,75.3,Electronics,4.78,1,No,2,2,1,1,53,46,1,0,Not Placed
Male,CBSE,92.0,State,70.0,Information Technology,7.71,3,Yes,1,0,2,0,100,81,0,0,Placed
Male,CBSE,67.8,CBSE,63.8,Electrical,5.79,2,Yes,1,0,4,0,89,56,1,0,Placed
Male,CBSE,55.5,CBSE,69.9,Electrical,5.38,2,Yes,0,5,4,0,100,56,4,1,Placed
Female,State,66.2,CBSE,67.6,Electronics,6.19,3,Yes,2,1,1,0,89,52,0,1,Placed
Male,CBSE,91.2,CBSE,82.7,Information Technology,6.42,3,Yes,1,0,6,0,100,88,1,0,Placed
Male,CBSE,73.0,CBSE,69.4,Mechanical,3.51,1,Yes,0,0,1,0,80,45,5,0,Not Placed
Male,State,99.0,State,79.0,Computer Science,9.7,5,Yes,1,2,1,0,100,90,1,0,Placed
Male,State,82.3,CBSE,68.2,Information Technology,6.4,2,No,0,1,4,2,72,63,0,1,Placed
Female,ICSE,63.0,State,60.3,Information Technology,5.19,3,Yes,0,0,2,1,73,65,1,2,Placed
Male,State,72.7,CBSE,72.2,Electrical,4.4,1,No,1,3,3,1,90,45,0,1,Not Placed
Female,ICSE,60.1,Other,69.6,Computer Science,5.08,3,Yes,1,1,2,0,92,61,0,1,Placed
Female,Other,62.6,Other,62.9,Electronics,7.18,3,Yes,4,5,5,0,100,63,4,2,Not Placed
Male,ICSE,99.9,CBSE,99.9,Mechanical,9.25,4,Yes,2,0,4,0,100,91,3,0,Placed
Male,State,86.3,State,95.8,Information Technology,8.7,5,Yes,1,1,2,0,100,81,2,0,Placed
Female,CBSE,84.1,CBSE,86.0,Computer Science,6.49,2,Yes,3,0,4,1,100,89,4,2,Placed
Female,Other,63.3,Other,74.7,Other,7.61,4,Yes,0,1,6,0,84,70,1,2,Placed
Female,CBSE,94.0,State,75.6,Electronics,6.92,4,Yes,0,0,2,0,98,53,1,1,Placed
Female,CBSE,87.4,CBSE,69.1,Electronics,6.68,3,No,0,0,1,1,79,62,1,0,Placed
Male,State,98.3,CBSE,93.9,Computer Science,8.41,5,Yes,3,0,4,0,100,84,1,1,Placed
Male,CBSE,97.7,CBSE,74.9,Information Technology,5.31,2,Yes,2,0,2,1,81,59,2,0,Placed
Male,Other,51.3,CBSE,50.6,Information Technology,4.01,1,Yes,0,4,6,0,100,33,1,2,Placed
Female,State,56.5,State,65.1,Computer Science,5.67,2,No,0,0,0,5,97,47,1,0,Not Placed
Female,State,57.9,State,72.6,Computer Science,7.2,5,No,3,1,2,0,88,87,4,0,Placed
Male,State,58.8,CBSE,56.6,Civil,3.74,1,No,1,1,2,4,80,42,2,1,Placed
Male,State,76.5,CBSE,65.9,Computer Science,6.03,3,Yes,1,1,2,1,100,60,0,1,Placed
Male,CBSE,64.1,CBSE,66.3,Computer Science,6.05,3,Yes,1,2,1,0,77,80,1,0,Placed
Male,State,99.9,CBSE,79.2,Electronics,7.46,4,No,2,2,1,1,86,80,0,0,Placed
Female,State,98.7,ICSE,87.3,Mechanical,7.68,4,Yes,3,4,5,0,97,76,1,2,Placed
Female,State,71.9,CBSE,68.8,Computer Science,5.46,2,Yes,2,2,3,1,100,61,4,0,Placed
Female,ICSE,99.4,State,89.3,Electronics,8.71,5,Yes,3,2,3,0,95,100,0,0,Placed
Male,CBSE,92.8,CBSE,85.5,Computer Science,6.41,3,Yes,3,1,4,0,100,63,2,1,Placed
Male,CBSE,65.7,CBSE,55.9,Computer Science,6.52,2,Yes,1,1,3,0,100,69,1,1,Placed
Female,CBSE,43.9,State,40.7,Computer Science,4.05,1,Yes,0,1,3,1,97,49,0,2,Not Placed
Female,CBSE,68.9,State,59.2,Civil,5.3,2,No,2,0,1,2,56,52,4,0,Not Placed
Female,ICSE,63.0,State,46.0,Computer Science,5.09,3,Yes,1,0,1,0,95,44,0,1,Placed
Female,ICSE,74.9,State,74.6,Computer Science,6.93,2,Yes,2,1,3,0,100,73,3,0,Placed
Male,CBSE,73.2,State,78.8,Information Technology,7.53,4,Yes,2,1,2,1,100,73,0,2,Placed
Male,State,72.9,CBSE,77.6,Civil,6.7,3,No,0,1,1,0,85,74,2,0,Placed
Male,State,79.3,State,71.9,Computer Science,7.28,4,Yes,0,0,1,0,100,53,0,0,Placed
Male,CBSE,55.0,State,48.1,Information Technology,5.34,2,No,0,1,0,0,88,83,1,1,Placed
Male,CBSE,77.8,CBSE,80.8,Computer Science,6.01,4,Yes,0,3,4,0,100,71,1,1,Placed
Male,Other,65.8,State,70.7,Information Technology,6.64,3,No,2,1,1,0,61,67,0,0,Placed
Female,State,74.8,CBSE,73.3,Electronics,5.86,2,No,0,0,0,3,79,81,0,0,Not Placed
Male,Other,85.4,CBSE,96.5,Electronics,6.87,4,Yes,3,1,2,0,87,67,3,0,Placed
Male,CBSE,54.9,State,55.9,Information Technology,5.17,2,Yes,0,2,1,1,100,46,1,1,Placed
Female,State,68.1,ICSE,63.5,Information Technology,6.09,3,Yes,2,3,2,2,100,57,2,1,Placed
Male,CBSE,70.3,ICSE,63.7,Computer Science,6.27,2,Yes,0,3,3,0,100,83,1,0,Placed
Male,CBSE,64.8,CBSE,48.0,Information Technology,5.87,2,Yes,1,0,1,1,100,54,1,0,Placed
Female,State,84.6,State,85.1,Computer Science,8.61,5,Yes,1,1,2,0,100,100,0,2,Placed
Male,CBSE,61.9,State,60.4,Mechanical,5.63,1,Yes,0,4,1,0,77,50,1,1,Placed
Male,CBSE,64.2,CBSE,68.2,Other,6.3,3,Yes,1,1,1,2,92,36,1,0,Placed
Male,CBSE,62.1,ICSE,80.0,Other,6.69,3,No,3,0,4,1,45,48,1,0,Placed
Male,CBSE,87.3,State,76.6,Civil,6.97,4,Yes,0,0,3,2,62,72,1,0,Placed
Female,State,65.1,Other,40.4,Electronics,4.66,1,No,0,4,3,5,81,51,5,0,Not Placed
Female,State,78.4,CBSE,78.6,Mechanical,6.46,3,Yes,2,1,1,0,38,66,1,1,Placed
Female,CBSE,99.7,CBSE,91.4,Information Technology,9.68,4,Yes,3,3,3,0,100,78,0,0,Placed
Female,CBSE,71.0,ICSE,60.9,Electronics,5.07,2,Yes,0,0,2,1,100,42,0,3,Placed
Female,CBSE,87.6,State,84.7,Information Technology,8.61,5,Yes,1,2,3,1,100,66,1,0,Placed
Male,State,95.4,ICSE,94.4,Information Technology,6.72,4,Yes,0,0,2,0,100,70,0,0,Placed
Female,CBSE,86.4,CBSE,70.3,Mechanical,6.7,2,No,0,0,2,0,94,69,1,0,Placed
Male,ICSE,71.8,State,65.8,Information Technology,7.37,4,Yes,1,1,1,0,100,81,5,1,Placed
Female,CBSE,81.0,State,90.5,Information Technology,5.97,2,Yes,0,1,2,0,100,77,1,2,Placed
Female,CBSE,54.0,CBSE,48.3,Electrical,4.71,1,No,1,1,3,1,78,48,0,2,Not Placed
Male,ICSE,61.1,State,61.5,Computer Science,6.54,3,Yes,1,4,2,0,96,89,1,0,Placed
Male,State,63.5,State,36.4,Information Technology,4.39,1,Yes,0,0,1,0,100,44,0,1,Not Placed
Male,CBSE,99.9,CBSE,75.1,Electrical,6.67,4,Yes,2,0,2,0,100,45,0,1,Placed
Male,ICSE,60.6,CBSE,62.0,Electronics,5.75,3,Yes,0,1,3,0,82,43,1,0,Placed
Female,State,60.4,State,72.6,Electronics,5.33,2,Yes,0,3,1,0,78,58,0,0,Placed
Female,ICSE,57.4,State,44.4,Computer Science,6.92,3,Yes,0,2,3,0,100,46,3,0,Placed
Male,State,79.8,ICSE,75.6,Information Technology,6.26,2,Yes,0,1,6,0,100,78,2,0,Placed
Male,State,74.0,CBSE,66.7,Civil,6.03,3,Yes,2,2,2,0,81,62,0,0,Placed
Male,Other,87.2,CBSE,89.9,Electronics,6.86,4,Yes,0,0,1,0,100,86,0,1,Placed
Male,CBSE,81.4,Other,63.9,Electronics,3.71,1,No,2,0,2,0,55,47,2,0,Not Placed
Male,State,52.7,Other,58.8,Computer Science,4.89,2,No,1,1,0,0,100,28,0,3,Placed
Male,State,60.7,CBSE,54.0,Computer Science,4.11,1,Yes,1,2,1,3,78,60,2,1,Not Placed
Female,CBSE,91.1,ICSE,85.6,Other,7.95,4,No,1,1,0,0,65,74,0,1,Placed
Male,CBSE,69.2,CBSE,67.6,Information Technology,5.65,3,No,0,1,0,3,56,56,0,1,Not Placed
Male,CBSE,88.6,CBSE,78.9,Electronics,6.27,3,Yes,0,1,4,0,100,71,5,1,Placed
Female,State,69.9,CBSE,72.2,Computer Science,5.64,2,No,0,1,2,0,92,59,0,0,Placed
Male,State,58.5,CBSE,59.3,Mechanical,5.34,2,Yes,1,3,2,4,100,61,0,2,Not Placed
Female,State,67.8,ICSE,64.5,Electrical,5.0,2,No,1,1,3,0,64,54,1,0,Placed
Female,CBSE,58.4,State,55.2,Electronics,6.08,2,Yes,1,0,3,0,100,58,0,3,Placed
Male,State,64.1,Other,63.9,Computer Science,6.33,3,Yes,0,2,2,1,100,48,1,0,Placed
Male,Other,74.8,State,73.3,Electronics,5.85,1,No,3,1,1,0,64,60,0,0,Placed
Male,CBSE,79.2,State,64.5,Mechanical,6.36,3,Yes,1,2,3,1,79,59,3,1,Placed
Male,State,49.7,State,48.8,Information Technology,4.98,1,Yes,0,3,2,0,100,57,3,1,Placed
Male,ICSE,71.8,Other,58.3,Electrical,5.26,1,Yes,3,0,3,0,97,62,4,1,Placed
Female,ICSE,63.8,State,62.5,Electronics,4.35,1,No,0,1,1,1,61,46,0,1,Not Placed
Male,State,62.9,ICSE,56.3,Electrical,5.05,2,No,5,1,2,0,100,50,2,1,Placed
Male,ICSE,73.9,Other,78.1,Electronics,6.97,2,Yes,0,1,3,2,100,82,0,0,Placed
Male,CBSE,64.3,CBSE,70.0,Computer Science,7.65,5,Yes,0,2,1,0,100,78,2,1,Placed
Female,ICSE,91.3,State,74.2,Information Technology,5.95,2,Yes,0,1,2,0,89,56,0,1,Placed
Male,CBSE,88.6,ICSE,81.4,Computer Science,9.24,5,Yes,1,2,1,0,100,68,2,0,Placed
Male,CBSE,88.5,Other,87.8,Electrical,7.66,5,No,1,2,2,0,49,91,1,0,Not Placed
Male,CBSE,65.1,CBSE,62.1,Mechanical,4.07,1,No,0,0,1,2,62,54,0,1,Not Placed
Female,ICSE,58.5,State,51.6,Mechanical,3.99,1,No,0,2,2,1,78,53,1,0,Not Placed
Male,State,73.1,State,58.9,Information Technology,6.91,3,No,0,2,0,2,100,52,0,2,Placed
Female,CBSE,69.9,CBSE,76.0,Computer Science,7.96,4,No,0,2,0,1,87,82,2,1,Placed
Female,CBSE,63.5,State,71.7,Mechanical,6.08,3,Yes,3,1,2,0,96,53,1,0,Placed
Male,Other,55.5,CBSE,54.5,Information Technology,5.48,2,Yes,1,1,3,2,100,65,1,2,Placed
Female,ICSE,71.4,CBSE,76.2,Computer Science,5.8,2,Yes,2,0,1,1,73,59,0,2,Placed
Male,State,66.3,State,35.1,Electronics,5.07,2,Yes,0,2,3,2,60,30,1,2,Not Placed
Female,State,81.6,State,89.5,Computer Science,6.83,3,Yes,0,1,1,0,100,74,0,0,Placed
Female,State,81.3,State,74.4,Information Technology,7.4,4,Yes,1,1,5,0,86,75,1,1,Placed
Male,CBSE,87.4,State,82.0,Information Technology,8.35,5,No,2,0,1,0,95,84,0,0,Placed
Male,Other,54.4,CBSE,52.6,Computer Science,5.36,1,Yes,2,1,1,1,96,53,2,1,Placed
Female,CBSE,77.6,CBSE,87.2,Other,7.94,4,No,1,0,0,0,41,53,0,0,Placed
Male,State,61.8,CBSE,50.7,Computer Science,6.86,3,Yes,0,3,2,0,63,73,1,0,Placed
Male,CBSE,54.9,CBSE,70.9,Computer Science,6.75,3,Yes,0,2,4,1,100,73,2,0,Placed
Male,State,66.0,State,68.5,Computer Science,6.19,2,Yes,1,0,1,0,100,63,0,1,Placed
Female,State,87.0,ICSE,86.5,Mechanical,6.96,2,No,0,1,3,1,83,84,1,3,Placed
Female,State,66.8,CBSE,61.8,Information Technology,5.15,1,No,2,1,1,2,75,40,0,0,Not Placed
Male,CBSE,93.9,CBSE,72.3,Electronics,5.61,1,Yes,1,2,4,2,87,56,1,1,Placed
Male,State,79.7,State,84.1,Computer Science,7.76,3,Yes,2,2,4,0,100,86,1,0,Placed
Male,CBSE,66.5,CBSE,68.0,Computer Science,6.17,4,Yes,1,5,6,3,100,84,1,1,Placed
Female,CBSE,88.2,Other,94.8,Information Technology,8.26,5,No,2,1,0,0,100,77,1,0,Placed
Male,CBSE,78.2,State,71.7,Civil,4.62,1,Yes,1,0,4,0,100,37,0,1,Placed
Female,ICSE,58.9,CBSE,55.0,Electrical,4.94,1,Yes,2,1,1,0,100,59,1,1,Placed
Male,State,98.0,CBSE,99.9,Computer Science,9.32,5,Yes,0,2,2,2,100,100,0,0,Placed
Female,State,75.6,State,90.8,Electronics,6.49,3,Yes,1,0,3,0,99,53,0,1,Placed
Male,State,72.3,CBSE,69.3,Electrical,5.97,3,Yes,1,0,2,0,56,57,0,1,Placed
Male,State,60.0,CBSE,52.5,Information Technology,3.54,1,No,2,2,2,1,46,50,0,0,Not Placed
Male,State,88.5,CBSE,89.5,Civil,5.94,2,No,1,2,5,0,89,81,2,1,Placed
Female,CBSE,79.2,ICSE,71.9,Computer Science,7.3,4,No,1,0,3,2,91,53,3,3,Placed
Female,CBSE,80.8,State,81.6,Electrical,6.48,3,Yes,1,2,2,0,100,66,0,0,Placed
Male,State,64.9,CBSE,61.1,Mechanical,7.01,4,Yes,3,0,4,0,100,60,0,2,Placed
Female,State,83.7,State,93.4,Electrical,7.91,4,No,0,0,0,0,84,68,0,0,Placed
Female,ICSE,84.8,State,71.6,Mechanical,6.53,4,Yes,2,1,2,0,79,66,2,0,Placed
Female,ICSE,62.6,State,66.8,Information Technology,5.17,1,Yes,1,3,3,0,92,59,1,3,Placed
Male,CBSE,52.2,CBSE,49.3,Electrical,4.31,1,Yes,2,1,3,2,100,64,1,1,Not Placed
Male,CBSE,80.1,State,72.3,Computer Science,5.94,2,Yes,1,1,5,2,100,38,2,0,Placed
Male,State,50.0,Other,48.4,Information Technology,3.99,1,Yes,1,0,2,0,89,49,0,0,Not Placed
Female,CBSE,74.1,CBSE,78.0,Mechanical,7.07,5,No,0,2,4,1,79,61,1,0,Placed
Female,CBSE,65.7,CBSE,73.5,Mechanical,6.96,3,No,2,1,2,0,70,54,0,0,Placed
Female,ICSE,89.1,CBSE,87.4,Electrical,7.49,5,Yes,0,5,1,0,100,73,0,1,Placed
Male,CBSE,66.5,CBSE,63.8,Computer Science,5.3,2,Yes,1,2,2,0,100,59,3,0,Not Placed
Male,Other,87.5,CBSE,82.0,Civil,6.93,4,No,0,0,1,0,73,63,0,1,Placed
Female,State,64.8,ICSE,72.6,Mechanical,4.4,2,Yes,1,2,2,0,57,48,0,1,Placed
Female,ICSE,86.0,Other,88.8,Computer Science,8.86,5,No,1,0,0,0,100,83,0,1,Placed
Female,CBSE,99.9,CBSE,63.0,Information Technology,4.73,1,Yes,0,4,3,0,100,57,1,0,Placed
Female,CBSE,57.0,State,55.0,Information Technology,4.37,1,Yes,2,0,1,2,100,60,3,1,Not Placed
Female,State,76.1,State,69.8,Information Technology,6.44,2,Yes,3,0,6,1,100,62,3,2,Placed
Male,CBSE,99.9,State,96.6,Other,7.86,4,No,1,1,3,0,75,79,0,2,Placed
Male,CBSE,72.9,State,69.0,Electronics,6.02,3,Yes,3,0,3,0,100,62,1,1,Placed
Female,CBSE,72.9,CBSE,76.9,Mechanical,5.4,1,Yes,0,1,1,0,68,76,0,0,Placed
Female,CBSE,83.0,State,66.5,Other,6.74,4,Yes,0,1,3,0,95,69,1,0,Placed
Male,CBSE,72.6,State,72.1,Information Technology,4.97,1,Yes,0,1,3,0,100,61,0,0,Placed
Male,ICSE,48.1,ICSE,60.1,Civil,3.87,1,Yes,0,1,4,2,100,47,2,1,Not Placed
Female,CBSE,87.9,ICSE,66.2,Information Technology,6.01,3,No,0,2,0,0,83,60,1,3,Placed
Male,CBSE,44.0,CBSE,73.1,Civil,4.91,1,Yes,1,1,3,4,82,36,1,2,Not Placed
Male,State,66.2,CBSE,76.6,Computer Science,7.98,5,Yes,0,3,3,0,100,71,2,0,Placed
Male,Other,88.9,Other,81.7,Electrical,5.7,3,No,0,0,0,0,82,68,0,0,Placed
Female,CBSE,67.0,State,57.0,Computer Science,7.01,4,Yes,1,0,1,0,100,64,1,0,Placed
Female,CBSE,62.3,ICSE,60.0,Information Technology,6.63,4,No,0,1,2,0,86,60,0,0,Placed
Male,State,84.3,CBSE,79.1,Mechanical,7.65,4,No,0,0,1,0,59,85,1,0,Placed
Female,Other,60.1,State,64.5,Information Technology,7.69,3,Yes,0,1,6,0,100,74,2,0,Placed
Male,ICSE,54.9,State,71.2,Electronics,6.3,2,No,3,3,4,1,86,51,1,0,Placed
Male,State,75.8,ICSE,67.1,Information Technology,5.25,3,Yes,0,1,3,0,100,41,1,4,Placed
Female,CBSE,69.4,CBSE,72.7,Mechanical,6.03,3,No,2,1,2,2,41,68,0,1,Not Placed
Female,State,54.6,CBSE,43.0,Computer Science,4.19,1,No,1,2,0,0,95,35,1,0,Not Placed
Female,CBSE,80.9,State,71.5,Computer Science,5.91,2,No,0,0,3,0,77,63,2,2,Placed
Female,State,78.5,ICSE,77.6,Information Technology,6.98,3,Yes,0,1,2,0,100,78,0,0,Placed
Female,State,67.0,Other,72.2,Information Technology,6.21,3,Yes,1,0,2,0,100,67,2,0,Placed
Male,Other,67.9,Other,58.4,Computer Science,5.02,3,Yes,4,0,5,1,100,69,1,0,Placed
Male,CBSE,78.6,Other,69.5,Information Technology,6.1,3,Yes,1,0,1,1,100,61,4,5,Placed
Male,CBSE,88.7,CBSE,96.1,Information Technology,8.54,5,No,1,3,1,0,92,86,1,2,Placed
Male,State,68.0,CBSE,77.6,Computer Science,7.8,4,Yes,0,0,3,0,100,70,1,1,Placed
Female,State,81.2,CBSE,78.0,Electronics,5.23,2,Yes,0,1,1,5,84,56,1,0,Not Placed
Male,ICSE,79.9,CBSE,52.6,Electrical,4.6,1,No,2,0,0,0,95,57,1,5,Placed
Female,CBSE,84.3,ICSE,99.9,Computer Science,8.27,5,Yes,2,1,2,0,100,93,1,0,Placed
Female,CBSE,72.6,ICSE,69.3,Electronics,5.04,2,Yes,1,1,3,5,70,39,1,0,Not Placed
Female,State,59.2,CBSE,56.3,Mechanical,4.95,2,Yes,3,1,3,5,73,42,0,1,Not Placed
Male,CBSE,65.5,State,58.9,Information Technology,5.76,1,Yes,1,2,4,1,100,59,3,1,Placed
Female,ICSE,76.8,Other,76.4,Mechanical,6.83,2,No,1,3,1,0,68,72,2,1,Placed
Male,State,97.5,State,92.0,Information Technology,7.85,5,No,1,0,1,0,79,65,2,3,Placed
Male,ICSE,65.2,CBSE,73.4,Electronics,5.58,1,Yes,1,0,1,1,69,53,0,0,Not Placed
Female,State,83.3,State,68.2,Computer Science,8.14,5,No,1,3,0,0,100,79,2,1,Placed
Male,ICSE,67.4,CBSE,62.4,Mechanical,6.2,2,Yes,1,4,2,0,46,64,0,1,Placed
Male,CBSE,73.5,State,90.4,Mechanical,7.77,4,No,3,1,2,0,87,81,1,0,Placed
Female,ICSE,93.2,State,87.1,Computer Science,8.47,5,Yes,2,1,3,0,100,79,1,2,Placed
Male,CBSE,82.7,CBSE,75.3,Information Technology,6.91,2,Yes,1,0,2,1,100,59,3,1,Placed
Female,State,54.6,Other,46.5,Other,5.58,1,Yes,1,1,1,1,46,45,0,0,Not Placed
Female,CBSE,64.0,State,68.1,Information Technology,6.28,3,Yes,1,0,3,3,75,71,1,1,Placed
Female,State,89.6,State,92.5,Electronics,7.61,4,No,0,5,1,0,77,85,3,3,Placed
Male,CBSE,74.0,Other,79.2,Electrical,7.17,3,Yes,2,0,1,0,100,63,1,4,Placed
Male,CBSE,55.9,CBSE,54.3,Mechanical,6.35,3,No,1,1,4,0,100,75,3,0,Placed
Female,Other,60.5,CBSE,64.0,Electronics,7.12,3,Yes,1,1,2,0,100,59,0,2,Placed
Male,CBSE,81.8,ICSE,93.1,Civil,7.89,4,Yes,3,1,2,0,96,81,1,0,Placed
Female,ICSE,85.9,CBSE,90.1,Civil,7.62,4,No,1,1,2,1,60,63,1,0,Placed
Female,Other,72.2,ICSE,61.3,Information Technology,6.41,4,Yes,0,4,4,0,100,79,2,1,Placed
Female,CBSE,99.9,CBSE,64.5,Information Technology,6.88,3,Yes,3,1,4,1,100,74,0,1,Placed
Male,State,83.5,CBSE,80.6,Information Technology,8.21,4,Yes,1,3,3,0,100,79,1,0,Placed
Male,CBSE,68.6,State,74.4,Other,6.02,2,No,2,0,1,0,65,56,0,0,Placed
Female,CBSE,60.6,CBSE,49.6,Mechanical,5.81,2,Yes,0,0,3,0,93,76,3,1,Placed
Male,State,58.4,ICSE,58.7,Computer Science,6.02,3,Yes,1,3,3,1,100,64,0,0,Placed
Male,Other,76.7,State,69.9,Civil,6.43,3,No,2,0,2,0,76,83,2,0,Placed
Female,CBSE,65.2,Other,64.9,Information Technology,7.26,4,Yes,0,2,3,0,100,69,1,0,Placed
Female,State,95.4,ICSE,81.1,Computer Science,7.84,4,No,0,1,0,0,75,75,3,0,Placed
Female,State,92.5,CBSE,97.3,Electronics,8.75,5,Yes,1,1,1,0,81,92,3,1,Placed
Female,ICSE,80.9,ICSE,77.2,Information Technology,6.47,3,Yes,2,1,5,0,100,69,0,1,Placed
Male,CBSE,55.5,State,47.8,Electrical,5.91,1,Yes,0,2,5,2,100,58,2,1,Placed
Female,State,62.6,State,71.1,Computer Science,7.15,5,Yes,5,3,6,0,100,72,3,0,Placed
Female,State,89.6,ICSE,69.6,Civil,5.94,3,Yes,1,0,2,0,61,67,0,0,Placed
Male,State,64.1,State,75.9,Electronics,7.52,4,Yes,1,1,1,0,100,64,5,0,Placed
Male,Other,87.7,State,90.7,Computer Science,10.0,5,Yes,1,1,2,0,100,91,0,1,Placed
Female,ICSE,78.6,State,87.8,Other,6.05,3,No,1,2,2,1,99,63,2,0,Placed
Female,CBSE,72.7,CBSE,67.9,Electronics,5.29,2,Yes,2,0,2,2,98,64,5,0,Placed
Female,State,62.2,CBSE,56.7,Information Technology,7.9,4,Yes,0,1,4,0,100,69,3,1,Placed
Female,CBSE,70.7,State,68.9,Information Technology,6.66,3,Yes,0,0,3,1,100,60,1,1,Placed
Male,CBSE,74.7,CBSE,70.2,Civil,6.03,3,No,0,1,2,0,100,77,1,0,Placed
Male,State,86.5,CBSE,73.3,Information Technology,6.46,2,Yes,4,2,6,3,100,77,0,0,Placed
Female,CBSE,59.6,CBSE,54.2,Computer Science,6.51,3,Yes,0,0,4,0,100,72,0,1,Placed
Female,State,68.3,State,62.6,Computer Science,8.32,5,Yes,1,1,3,0,100,86,0,0,Placed
Female,Other,72.6,CBSE,57.7,Information Technology,4.95,1,Yes,2,1,1,0,100,58,1,0,Placed
Female,CBSE,81.3,ICSE,82.8,Civil,6.59,3,No,0,0,4,0,47,72,1,1,Placed
Male,Other,59.3,CBSE,59.0,Information Technology,5.32,2,Yes,1,1,1,0,100,53,0,0,Placed
Male,State,53.6,State,52.1,Computer Science,5.95,1,Yes,1,2,2,0,100,70,2,2,Placed
Female,State,81.4,State,64.9,Computer Science,7.22,3,Yes,1,5,4,0,100,69,2,1,Placed
Female,ICSE,50.7,State,41.4,Information Technology,5.95,3,Yes,1,1,1,0,100,48,0,1,Placed
Female,CBSE,90.0,CBSE,99.9,Electrical,8.63,5,No,1,0,2,0,76,88,1,0,Placed
Female,State,69.8,Other,61.1,Information Technology,8.04,5,Yes,1,0,2,0,100,67,1,1,Placed
Female,State,50.3,Other,58.8,Other,4.7,2,Yes,0,2,3,0,88,60,1,0,Placed
Male,CBSE,65.3,ICSE,65.6,Information Technology,5.31,3,Yes,1,1,5,0,100,65,1,1,Placed
Male,Other,77.3,Other,45.2,Computer Science,6.16,2,Yes,1,0,4,1,100,64,1,0,Placed
Male,ICSE,64.5,State,81.3,Electrical,6.85,3,Yes,1,1,2,0,71,54,0,0,Placed
Female,CBSE,72.3,State,76.1,Information Technology,5.51,3,No,0,2,0,1,87,43,2,1,Placed
Male,CBSE,82.4,State,69.1,Mechanical,5.61,2,No,1,1,5,4,100,62,1,1,Not Placed
Male,State,69.2,State,66.6,Other,5.96,2,No,0,2,2,0,77,61,1,0,Not Placed
Male,CBSE,58.9,ICSE,47.7,Computer Science,4.42,2,Yes,2,0,1,0,97,60,0,0,Placed
Male,State,67.8,State,84.1,Computer Science,6.45,2,Yes,1,2,3,1,100,63,0,0,Placed
Female,CBSE,91.8,Other,74.8,Mechanical,6.08,3,Yes,1,1,1,1,87,53,1,2,Placed
Male,State,95.6,CBSE,81.5,Information Technology,6.14,2,Yes,0,1,1,0,99,59,2,4,Placed
Male,CBSE,43.7,ICSE,40.5,Computer Science,5.1,2,Yes,2,1,3,1,100,38,2,0,Placed
Female,CBSE,87.3,State,81.3,Computer Science,5.44,2,Yes,4,1,3,1,100,58,1,1,Placed
Male,State,75.5,State,85.3,Computer Science,7.53,3,Yes,0,1,2,0,100,63,2,1,Placed
Male,State,84.9,CBSE,96.6,Civil,8.05,5,Yes,1,0,3,0,94,82,1,0,Placed
Male,Other,64.3,ICSE,59.2,Computer Science,5.67,2,Yes,0,5,4,0,100,57,3,2,Placed
Female,ICSE,47.2,Other,54.2,Information Technology,6.31,3,Yes,0,3,3,0,100,52,1,1,Placed
Male,CBSE,80.2,CBSE,76.0,Electronics,5.31,2,No,0,1,1,0,67,48,0,1,Placed
Female,CBSE,58.8,State,49.3,Information Technology,4.37,2,Yes,3,0,4,2,100,36,1,0,Placed
Male,ICSE,52.6,CBSE,78.7,Computer Science,6.72,2,Yes,2,0,3,0,100,45,0,0,Placed
Male,Other,53.5,Other,68.8,Civil,6.41,3,No,0,2,2,0,62,54,1,3,Placed
Male,ICSE,80.4,State,77.2,Computer Science,7.11,5,Yes,3,3,3,0,100,66,3,2,Placed
Male,CBSE,74.0,CBSE,86.3,Mechanical,8.94,5,Yes,1,0,1,0,94,62,1,0,Placed
Female,Other,83.0,CBSE,89.4,Electrical,6.54,3,Yes,0,2,3,0,100,85,1,1,Placed
Female,CBSE,81.4,State,76.9,Information Technology,5.54,3,Yes,0,1,1,1,100,71,2,0,Placed
Female,State,66.1,CBSE,67.8,Electronics,7.62,4,Yes,0,0,2,0,100,69,0,1,Placed
Male,Other,71.0,State,83.4,Information Technology,5.93,2,Yes,2,1,1,1,100,45,5,0,Placed
Male,CBSE,64.8,Other,54.1,Information Technology,5.93,1,Yes,1,1,2,1,99,68,0,1,Placed
Female,Other,69.1,ICSE,83.6,Electrical,6.0,4,Yes,2,0,2,1,82,60,1,1,Placed
Male,CBSE,58.5,CBSE,56.6,Electrical,3.5,1,Yes,2,0,4,1,67,26,1,0,Not Placed
Male,Other,77.5,Other,88.4,Information Technology,7.21,5,No,0,0,2,0,85,60,1,1,Placed
Male,CBSE,87.1,State,80.3,Electronics,7.63,3,No,1,3,0,1,73,67,2,3,Placed
Male,Other,60.6,CBSE,63.8,Electrical,4.5,2,No,1,1,3,1,66,40,1,0,Not Placed
Female,CBSE,89.9,CBSE,82.1,Other,7.25,4,No,2,1,1,1,69,64,0,1,Placed
Female,State,73.6,CBSE,64.9,Electronics,6.51,3,Yes,0,2,1,0,87,42,1,0,Placed
Female,State,75.4,ICSE,68.8,Information Technology,5.13,2,Yes,0,5,2,0,100,71,0,1,Placed
Male,State,48.2,CBSE,64.9,Computer Science,5.91,2,Yes,2,0,1,0,82,68,4,1,Placed
Male,CBSE,46.7,CBSE,28.0,Other,4.64,1,No,0,0,1,1,82,33,0,2,Not Placed
Male,State,74.0,ICSE,58.1,Computer Science,6.26,3,Yes,1,0,4,0,100,68,2,0,Placed
Male,CBSE,83.1,State,70.1,Electronics,5.92,2,No,1,3,2,1,65,54,0,4,Placed
Male,State,62.6,ICSE,51.2,Information Technology,5.5,1,Yes,0,1,2,0,84,53,1,0,Placed
Female,CBSE,95.4,State,99.9,Computer Science,7.78,5,Yes,1,2,1,0,100,69,0,3,Placed
Female,Other,82.3,CBSE,89.3,Information Technology,8.61,5,Yes,3,0,3,0,100,87,0,0,Placed
Male,CBSE,59.3,ICSE,65.4,Other,6.65,2,Yes,1,1,6,2,87,71,1,0,Placed
Female,CBSE,72.4,CBSE,62.9,Computer Science,6.1,4,Yes,1,0,2,0,86,62,1,3,Placed
Female,CBSE,99.9,State,99.9,Electronics,8.3,5,Yes,1,1,3,0,100,78,0,0,Placed
Female,State,54.6,State,40.1,Computer Science,3.61,1,Yes,2,0,2,1,43,15,1,0,Not Placed
Female,CBSE,79.4,CBSE,96.0,Computer Science,6.92,2,Yes,1,1,1,0,100,83,0,2,Placed
Male,State,67.5,Other,58.8,Information Technology,5.28,3,Yes,1,2,5,2,100,53,1,2,Placed
Male,ICSE,81.9,State,73.8,Electronics,6.32,3,Yes,0,3,1,0,99,57,3,1,Placed
Male,State,89.7,CBSE,78.0,Computer Science,7.93,4,Yes,2,0,3,0,100,69,0,2,Placed
Female,State,66.6,Other,54.2,Information Technology,6.15,4,Yes,0,2,4,0,100,61,0,0,Placed
Male,CBSE,87.7,State,99.9,Computer Science,8.56,5,Yes,1,3,3,0,100,73,5,1,Placed
Male,State,99.9,State,97.8,Information Technology,9.23,5,Yes,1,0,4,0,100,92,0,1,Placed
Male,CBSE,72.9,State,81.8,Other,5.87,3,Yes,0,1,3,0,82,61,1,3,Placed
Male,ICSE,83.0,ICSE,65.0,Electrical,6.64,4,No,0,1,1,1,100,57,0,2,Placed
Female,CBSE,63.7,CBSE,64.6,Information Technology,5.29,3,Yes,2,0,4,2,100,49,1,0,Placed
Female,State,72.3,CBSE,74.4,Electronics,7.55,4,No,1,0,4,1,100,75,0,0,Placed
Male,CBSE,69.5,State,69.8,Electrical,5.97,2,Yes,1,0,2,1,100,37,1,1,Placed
Male,ICSE,83.2,CBSE,65.8,Computer Science,4.38,1,Yes,0,1,2,0,100,45,1,2,Placed
Male,CBSE,88.9,State,92.4,Civil,7.96,4,No,0,0,1,0,87,85,1,0,Placed
Male,State,70.5,CBSE,69.1,Electrical,6.67,3,Yes,1,0,1,1,100,64,1,0,Placed
Male,CBSE,93.5,CBSE,75.6,Computer Science,6.4,4,No,0,2,0,0,79,76,0,0,Placed
Male,State,93.4,CBSE,66.5,Computer Science,5.89,2,Yes,1,1,1,1,98,62,0,0,Placed
Male,Other,83.9,State,84.0,Other,6.72,3,Yes,0,0,4,1,100,64,2,0,Placed
Female,State,64.8,ICSE,88.1,Electronics,5.59,3,Yes,0,1,3,2,65,60,0,0,Placed
Female,State,63.4,CBSE,52.4,Computer Science,3.5,1,Yes,5,5,6,1,100,44,2,1,Placed
Male,Other,60.6,State,62.2,Computer Science,7.11,4,Yes,1,0,3,0,100,58,5,1,Placed
Male,State,85.3,CBSE,90.1,Information Technology,6.91,2,No,2,0,1,0,100,79,1,1,Placed
Female,State,55.0,State,43.6,Mechanical,5.9,2,Yes,1,0,1,0,48,68,1,1,Placed
Male,State,81.5,CBSE,71.3,Mechanical,7.27,4,No,0,0,2,0,85,57,1,0,Placed
Female,State,56.9,State,49.1,Other,6.0,2,Yes,1,1,5,0,100,62,3,0,Placed
Female,CBSE,83.5,State,87.5,Information Technology,6.9,4,Yes,0,4,4,0,100,64,2,0,Placed
Male,ICSE,72.2,Other,82.4,Electronics,5.51,1,Yes,0,1,3,5,100,56,0,1,Not Placed
Male,State,90.7,CBSE,84.6,Electronics,6.12,4,No,0,1,2,0,83,62,0,0,Placed
Female,CBSE,88.0,ICSE,72.6,Information Technology,6.12,3,Yes,0,1,2,0,100,57,0,0,Placed
Male,ICSE,92.1,State,79.6,Computer Science,4.94,1,Yes,2,0,1,0,80,64,0,0,Placed
Female,CBSE,92.5,Other,78.1,Other,6.05,3,Yes,1,0,2,1,89,64,2,0,Placed
Female,CBSE,74.0,CBSE,60.7,Civil,5.06,2,No,0,2,2,2,64,49,0,2,Not Placed
Female,State,55.8,CBSE,55.8,Information Technology,4.26,1,Yes,0,1,2,1,98,52,4,2,Placed
Male,ICSE,57.3,ICSE,63.7,Electronics,4.8,1,Yes,2,0,4,1,70,55,0,0,Placed
Female,ICSE,42.8,CBSE,52.0,Computer Science,5.08,1,Yes,0,0,2,3,100,51,1,1,Not Placed
Male,Other,56.8,CBSE,57.5,Electronics,5.66,1,Yes,2,1,1,0,76,64,2,0,Placed
Male,ICSE,73.0,CBSE,70.3,Mechanical,5.17,2,No,3,2,4,0,70,56,1,2,Placed
Female,CBSE,64.2,ICSE,62.3,Electronics,5.91,2,Yes,0,1,3,0,73,78,1,2,Placed
Male,CBSE,69.5,CBSE,54.2,Other,5.05,2,Yes,0,2,1,0,55,39,0,0,Not Placed
Female,ICSE,78.9,ICSE,75.8,Electronics,6.57,3,Yes,4,1,6,0,85,51,1,1,Placed
Female,CBSE,67.7,State,59.9,Information Technology,5.11,2,Yes,0,0,2,3,100,56,2,0,Not Placed
Male,State,56.3,CBSE,43.8,Civil,3.5,1,Yes,0,4,3,1,52,46,0,1,Not Placed
Male,State,71.3,State,72.2,Computer Science,8.12,5,Yes,1,0,5,0,100,71,0,0,Not Placed
Male,CBSE,59.4,CBSE,53.4,Information Technology,5.84,2,Yes,1,0,1,1,98,48,1,0,Placed
Male,Other,68.2,State,68.4,Information Technology,7.15,5,Yes,5,2,6,0,100,68,1,2,Placed
Male,State,90.8,State,91.6,Information Technology,7.68,4,Yes,0,0,3,2,100,75,4,0,Placed
Female,State,68.2,State,56.6,Civil,4.83,1,Yes,2,1,1,1,72,47,3,0,Not Placed
Male,Other,96.8,CBSE,88.5,Information Technology,7.99,3,No,1,2,2,0,79,69,0,4,Placed
Male,State,92.0,State,65.9,Civil,3.93,1,Yes,1,1,4,0,100,44,0,0,Placed
Female,CBSE,63.9,ICSE,78.3,Electronics,5.69,2,No,1,0,3,1,100,72,0,2,Placed
Male,State,56.4,State,43.7,Information Technology,3.92,1,Yes,5,1,5,0,100,55,3,0,Placed
Female,ICSE,71.3,ICSE,63.3,Civil,5.01,3,Yes,2,2,1,0,46,49,0,2,Placed
Male,ICSE,88.1,CBSE,94.5,Computer Science,7.25,5,Yes,0,1,1,0,74,63,0,0,Placed
Male,ICSE,65.1,ICSE,61.5,Computer Science,6.2,4,Yes,1,1,3,0,84,49,3,1,Placed
Female,State,84.7,CBSE,66.6,Electronics,6.0,4,Yes,0,5,3,1,100,48,0,4,Placed
Female,CBSE,88.9,CBSE,88.8,Computer Science,8.93,4,Yes,1,4,5,0,100,93,0,2,Placed
Female,ICSE,61.2,ICSE,67.8,Computer Science,8.53,5,Yes,1,1,2,0,100,77,1,0,Placed
Female,ICSE,62.5,Other,55.5,Electronics,4.07,2,No,1,0,1,2,73,43,3,3,Not Placed
Female,CBSE,82.0,State,71.3,Electronics,6.37,3,No,0,2,0,0,97,73,1,0,Placed
Male,CBSE,74.1,CBSE,66.2,Information Technology,6.23,4,Yes,3,0,2,0,100,66,0,0,Placed
Male,Other,62.4,CBSE,59.7,Other,5.27,1,No,0,1,0,0,45,26,1,1,Not Placed
Female,ICSE,67.1,State,46.4,Electronics,3.64,1,Yes,3,1,4,2,80,33,1,1,Not Placed
Female,ICSE,71.0,ICSE,66.4,Civil,4.79,1,No,1,2,0,2,90,53,1,0,Not Placed
Female,ICSE,50.1,CBSE,70.4,Computer Science,6.69,4,Yes,2,1,4,0,87,83,0,0,Placed
Male,State,82.7,ICSE,68.1,Electronics,5.18,1,Yes,2,3,3,0,94,73,0,2,Placed
Male,State,65.3,CBSE,58.1,Civil,5.22,2,Yes,4,0,5,0,100,32,0,4,Placed
Female,State,33.0,ICSE,28.0,Electronics,3.5,2,No,2,0,1,2,79,21,5,1,Not Placed
Male,CBSE,71.7,Other,74.9,Mechanical,6.4,2,No,1,2,2,2,66,64,1,3,Placed
Female,State,61.6,State,73.2,Information Technology,5.7,1,Yes,0,1,2,1,100,68,3,2,Placed
Female,State,95.6,CBSE,98.5,Computer Science,8.44,5,Yes,2,1,6,0,100,77,4,0,Placed
Male,State,63.8,ICSE,50.4,Information Technology,4.28,1,Yes,0,3,4,1,92,51,1,0,Placed
Female,State,56.6,State,62.4,Information Technology,6.0,4,Yes,1,1,3,5,100,53,0,1,Not Placed
Female,State,79.1,State,88.7,Civil,8.27,4,No,1,1,2,1,84,73,2,1,Placed
Male,CBSE,62.8,State,67.2,Computer Science,6.5,3,No,0,0,0,4,79,51,0,1,Not Placed
Female,CBSE,61.1,CBSE,65.6,Other,5.95,1,Yes,1,1,3,1,100,47,1,1,Placed
Male,CBSE,79.1,ICSE,69.6,Other,6.66,2,No,0,1,5,0,75,58,2,1,Placed
Female,CBSE,57.4,CBSE,60.3,Computer Science,4.56,1,Yes,0,1,1,3,81,61,1,3,Not Placed
Male,Other,51.6,Other,66.1,Information Technology,7.64,5,Yes,0,2,3,1,100,75,0,1,Placed
Female,CBSE,96.2,CBSE,90.4,Electrical,6.38,3,Yes,0,1,2,0,73,71,2,0,Placed
Male,CBSE,80.1,State,62.6,Other,6.26,3,Yes,1,5,4,1,100,58,1,2,Placed
Male,State,68.3,CBSE,61.7,Information Technology,6.48,3,Yes,1,2,1,2,100,66,0,1,Placed
Female,State,72.0,CBSE,81.1,Information Technology,6.26,4,No,0,2,0,2,100,62,0,0,Placed
Male,CBSE,79.1,CBSE,77.6,Electronics,7.55,5,No,3,1,1,0,75,63,0,0,Placed
Male,ICSE,85.6,State,80.4,Mechanical,7.07,4,No,4,1,1,0,72,74,2,1,Placed
Female,ICSE,61.4,State,55.5,Computer Science,7.21,4,Yes,1,0,3,0,100,59,1,0,Placed
Female,CBSE,77.1,ICSE,84.7,Mechanical,7.08,3,No,0,0,0,0,44,57,0,0,Placed
Female,CBSE,64.9,CBSE,80.3,Computer Science,7.02,4,No,0,0,2,0,100,75,0,1,Placed
Female,Other,69.4,State,79.7,Computer Science,6.62,3,Yes,3,4,5,0,100,55,3,1,Placed
Male,ICSE,74.2,ICSE,85.1,Information Technology,5.76,2,Yes,1,1,1,1,100,69,3,1,Placed
Male,State,71.9,CBSE,65.3,Information Technology,5.76,2,No,1,2,0,0,88,62,1,1,Placed
Male,CBSE,82.3,State,71.7,Information Technology,6.21,3,Yes,2,1,6,0,100,51,1,2,Placed
Female,State,78.8,State,72.5,Information Technology,6.75,4,No,3,1,3,0,100,55,0,1,Placed
Female,State,50.9,CBSE,53.6,Information Technology,4.0,1,No,2,1,0,1,63,56,0,0,Not Placed
Female,CBSE,53.0,CBSE,69.1,Computer Science,6.18,2,Yes,3,0,3,1,98,69,2,0,Placed
Female,State,66.8,State,76.8,Information Technology,7.31,4,No,2,3,5,1,90,75,0,0,Placed
Male,State,97.6,CBSE,93.6,Other,8.09,4,No,2,3,0,0,62,80,0,1,Placed
Male,CBSE,60.1,State,45.8,Information Technology,3.5,1,Yes,0,1,3,2,90,47,2,3,Not Placed
Male,ICSE,69.1,Other,49.9,Information Technology,5.68,2,Yes,4,2,2,0,100,61,1,2,Placed
Male,ICSE,64.5,State,65.8,Electronics,5.66,2,Yes,2,0,2,0,78,49,1,1,Placed
Male,CBSE,64.2,State,72.0,Other,5.91,2,Yes,0,0,4,0,92,60,0,1,Placed
Female,ICSE,74.5,CBSE,70.1,Computer Science,4.33,1,No,1,1,0,2,93,48,0,1,Not Placed
Male,CBSE,91.6,ICSE,99.9,Mechanical,9.24,5,Yes,2,2,2,0,100,95,0,1,Placed
Male,ICSE,78.4,CBSE,63.0,Mechanical,5.65,2,No,0,0,1,0,75,58,3,2,Placed
Male,CBSE,60.8,State,48.5,Electronics,3.5,1,Yes,3,1,4,2,60,51,2,0,Not Placed
Female,CBSE,99.9,Other,83.3,Computer Science,7.65,5,Yes,0,0,1,0,100,78,1,1,Placed
Female,State,73.1,State,62.8,Mechanical,5.79,2,Yes,3,5,3,0,100,59,0,1,Placed
Male,State,63.9,State,68.2,Computer Science,7.43,4,Yes,0,2,2,0,96,77,0,0,Placed
Male,Other,91.8,State,79.6,Electronics,6.5,3,Yes,1,1,1,0,100,76,1,2,Placed
Female,CBSE,65.4,CBSE,48.6,Mechanical,4.57,1,No,2,5,1,0,88,59,3,2,Placed
Male,CBSE,95.3,ICSE,95.4,Computer Science,7.52,4,Yes,0,0,5,2,100,80,1,1,Placed
Female,State,59.8,CBSE,42.3,Civil,4.59,1,No,2,1,0,1,78,65,2,2,Not Placed
Female,State,92.0,State,73.3,Computer Science,5.96,2,Yes,1,0,3,1,100,72,2,2,Placed
Male,CBSE,74.8,CBSE,54.9,Civil,4.06,1,Yes,3,1,3,2,84,66,1,0,Not Placed
Male,State,90.1,ICSE,84.6,Information Technology,7.24,4,No,0,0,0,0,100,74,2,1,Placed
Female,ICSE,98.6,CBSE,90.8,Computer Science,6.7,3,Yes,0,0,2,3,91,94,1,1,Placed
Male,ICSE,56.1,State,76.2,Computer Science,8.29,5,Yes,3,3,3,1,100,84,1,1,Placed
Male,Other,89.9,State,91.6,Other,9.09,4,Yes,2,1,2,0,100,75,2,0,Placed
Female,CBSE,52.3,State,68.6,Computer Science,5.95,2,No,3,1,3,0,100,52,3,1,Placed
Female,State,57.3,CBSE,60.9,Computer Science,4.61,1,Yes,2,1,5,3,100,49,0,0,Not Placed
Female,CBSE,60.8,State,50.8,Information Technology,5.4,1,Yes,1,1,1,0,100,50,1,0,Placed
Female,State,79.1,CBSE,75.6,Electronics,6.08,3,Yes,1,5,3,0,100,68,0,2,Placed
Male,State,72.5,State,75.3,Electronics,7.55,4,No,0,1,0,0,79,88,0,0,Placed
Male,Other,69.7,CBSE,74.3,Computer Science,6.02,3,Yes,0,2,1,0,73,64,1,1,Placed
Female,State,74.0,State,65.8,Information Technology,6.57,3,Yes,0,1,1,2,100,54,1,0,Placed
Female,Other,80.3,CBSE,80.1,Computer Science,7.21,4,Yes,1,0,2,2,100,76,5,2,Placed
Male,ICSE,81.4,Other,66.7,Computer Science,5.63,1,Yes,5,1,3,2,100,55,2,3,Placed
Female,Other,87.3,State,70.0,Information Technology,6.57,4,Yes,0,1,3,0,100,62,1,2,Placed
Male,ICSE,97.5,CBSE,77.0,Mechanical,7.2,4,Yes,1,1,1,0,89,68,0,0,Placed
Male,State,71.7,State,69.0,Computer Science,6.46,3,Yes,2,1,2,2,100,61,1,0,Placed
Male,CBSE,64.7,ICSE,51.7,Information Technology,5.25,2,Yes,0,1,3,0,100,39,1,1,Placed
Male,CBSE,80.6,CBSE,71.2,Information Technology,5.64,3,Yes,2,4,1,1,100,61,1,2,Placed
Male,CBSE,56.0,State,66.0,Other,6.72,2,No,0,5,2,0,59,79,0,1,Placed
Male,State,62.5,State,51.6,Other,5.69,2,Yes,3,1,2,0,100,63,1,0,Placed
Male,State,86.0,CBSE,74.5,Civil,5.77,3,Yes,1,1,1,2,100,50,1,0,Placed
Female,State,70.3,ICSE,68.4,Computer Science,6.23,2,Yes,1,1,4,0,100,37,2,0,Placed
Female,Other,55.1,CBSE,58.8,Computer Science,6.99,2,Yes,2,1,2,0,100,67,1,1,Placed
Female,Other,51.1,CBSE,48.3,Information Technology,3.92,2,Yes,3,5,5,0,100,50,0,1,Placed
Female,CBSE,72.7,ICSE,77.4,Computer Science,7.47,4,Yes,2,0,1,0,100,78,1,1,Placed
Male,CBSE,88.0,State,86.9,Electronics,6.75,4,Yes,1,1,2,0,100,72,3,3,Placed
Male,State,87.8,ICSE,92.2,Civil,8.89,5,No,1,0,0,0,96,74,1,0,Placed
Female,CBSE,73.6,State,69.4,Civil,5.87,1,No,1,2,1,4,39,73,0,1,Not Placed
Male,ICSE,99.9,State,84.8,Civil,7.95,4,Yes,0,0,2,1,99,76,1,0,Placed
Female,State,70.5,ICSE,61.0,Information Technology,5.08,3,Yes,0,3,1,1,100,49,0,1,Placed
Male,State,70.1,CBSE,70.6,Mechanical,4.87,2,No,2,1,1,2,54,57,0,3,Not Placed
Female,ICSE,36.1,ICSE,38.3,Information Technology,4.08,1,No,0,3,0,2,54,33,0,0,Not Placed
Male,ICSE,65.7,State,58.6,Computer Science,5.95,1,Yes,0,5,4,0,100,47,2,1,Placed
Female,CBSE,83.9,CBSE,73.4,Mechanical,5.71,3,Yes,1,2,2,1,92,56,0,2,Placed
Male,State,93.9,State,78.6,Computer Science,7.69,4,No,0,1,2,1,96,76,1,0,Placed
Female,State,60.4,CBSE,62.3,Information Technology,5.66,1,Yes,1,0,4,1,100,71,2,2,Placed
Male,CBSE,78.5,State,59.7,Information Technology,3.81,1,Yes,2,3,1,0,82,27,0,0,Placed
Female,CBSE,86.7,State,83.1,Mechanical,7.3,4,Yes,4,2,3,0,97,77,2,0,Placed
Female,State,72.2,Other,75.9,Mechanical,5.54,2,Yes,1,0,1,0,89,69,0,3,Placed
Male,CBSE,40.0,CBSE,39.2,Information Technology,4.02,1,Yes,0,1,1,2,76,44,2,2,Not Placed
Female,CBSE,75.5,State,90.8,Civil,8.6,5,No,2,0,0,0,50,85,0,0,Placed
Female,State,82.7,CBSE,77.2,Information Technology,8.41,5,Yes,0,1,2,0,100,92,0,1,Placed
Male,ICSE,58.7,State,43.4,Information Technology,4.1,2,Yes,0,0,2,0,100,53,3,0,Placed
Female,CBSE,68.4,State,63.5,Mechanical,6.05,3,Yes,1,1,1,3,66,54,0,0,Not Placed
Female,CBSE,55.8,State,57.5,Mechanical,4.64,1,Yes,1,1,1,1,72,58,0,0,Not Placed
Female,ICSE,36.0,ICSE,46.5,Other,4.16,1,Yes,2,1,1,2,86,45,0,0,Not Placed
Male,CBSE,86.4,ICSE,77.2,Computer Science,6.37,3,Yes,3,3,3,0,97,74,0,1,Placed
Male,Other,71.9,CBSE,58.8,Mechanical,3.67,1,No,1,2,2,0,92,33,0,0,Not Placed
Female,State,94.4,CBSE,74.9,Electronics,6.55,3,Yes,1,1,3,0,100,65,0,1,Placed
Female,CBSE,84.0,State,71.5,Electrical,6.36,4,Yes,0,3,2,0,100,70,2,1,Placed
Male,CBSE,67.0,State,59.7,Computer Science,5.18,2,No,1,2,3,1,97,53,0,1,Placed
Female,CBSE,70.8,CBSE,56.8,Mechanical,6.07,3,Yes,3,1,3,0,100,64,1,0,Placed
Male,CBSE,79.9,State,67.6,Electronics,5.6,2,Yes,0,0,2,1,100,73,2,0,Placed
Male,CBSE,85.5,State,85.7,Computer Science,6.9,3,Yes,0,1,1,0,100,69,0,1,Placed
Male,State,76.5,CBSE,88.9,Information Technology,8.05,5,No,1,2,0,0,88,87,1,0,Placed
Male,CBSE,87.5,ICSE,88.2,Information Technology,6.14,3,No,1,1,2,0,100,58,0,0,Placed
Female,State,67.8,State,78.9,Electronics,7.54,3,Yes,1,1,6,0,100,81,0,1,Placed
Male,State,58.0,CBSE,68.2,Electrical,5.52,2,Yes,1,4,3,2,95,42,1,0,Placed
Female,CBSE,71.1,CBSE,76.7,Electronics,7.48,5,No,2,0,0,0,67,71,1,0,Placed
Female,CBSE,74.9,ICSE,67.8,Electronics,7.17,3,Yes,1,0,1,0,91,69,0,1,Placed
Female,CBSE,55.2,Other,57.8,Electronics,5.93,2,Yes,2,3,2,1,100,75,0,1,Placed
Male,CBSE,53.3,State,50.8,Computer Science,4.47,1,Yes,3,0,4,1,100,43,4,4,Placed
Male,State,78.3,CBSE,71.5,Computer Science,5.42,1,Yes,3,1,2,0,100,39,0,0,Placed
Female,CBSE,66.3,Other,65.4,Information Technology,4.76,1,Yes,0,3,3,0,100,59,1,0,Placed
Female,ICSE,69.7,State,74.4,Information Technology,7.63,4,Yes,1,1,3,0,100,62,0,1,Placed
Male,State,67.0,ICSE,69.5,Computer Science,6.3,3,Yes,1,1,3,0,100,64,1,0,Placed
Female,State,93.3,ICSE,83.4,Electronics,6.48,3,Yes,0,1,3,0,100,62,1,3,Placed
Female,State,89.7,CBSE,82.8,Information Technology,7.06,4,Yes,2,0,3,0,100,70,1,0,Placed
Female,State,54.7,State,60.4,Computer Science,6.8,3,Yes,0,1,1,0,100,42,2,2,Placed
Female,CBSE,64.5,CBSE,70.0,Information Technology,7.05,4,Yes,2,1,3,0,100,50,1,3,Placed
Female,CBSE,83.9,CBSE,62.7,Computer Science,6.37,3,No,0,0,3,1,100,66,0,1,Placed
Male,State,80.4,ICSE,64.5,Electrical,6.22,3,Yes,2,2,4,0,100,60,1,0,Placed
Female,CBSE,71.4,ICSE,79.6,Civil,6.64,3,No,0,1,0,2,79,55,0,1,Not Placed
Female,State,56.1,State,56.5,Mechanical,5.34,2,No,0,0,2,3,83,47,2,0,Not Placed
Male,State,62.4,State,57.6,Computer Science,5.84,1,Yes,0,0,6,3,91,62,0,2,Placed
Male,State,64.8,CBSE,61.0,Civil,5.26,1,Yes,0,1,3,0,92,52,4,0,Placed
Male,State,75.9,CBSE,69.3,Civil,6.48,2,Yes,4,3,2,0,100,69,1,0,Not Placed
Female,State,95.9,CBSE,92.5,Mechanical,7.74,3,No,0,1,3,0,100,70,1,1,Placed
Female,State,62.4,State,50.7,Computer Science,4.4,1,Yes,1,0,1,3,100,53,0,0,Not Placed
Male,State,57.6,State,58.4,Electronics,5.87,3,Yes,1,0,1,1,98,55,0,1,Placed
Female,State,70.5,CBSE,70.3,Civil,6.09,2,Yes,0,1,2,0,98,66,2,0,Placed
Male,State,86.4,Other,83.8,Electronics,7.6,3,No,0,0,0,0,95,77,0,1,Placed
Female,ICSE,51.7,CBSE,56.0,Electronics,5.15,1,Yes,1,0,1,0,54,45,0,0,Not Placed
Female,State,92.4,ICSE,89.5,Information Technology,8.35,5,Yes,2,2,2,0,96,77,0,0,Placed
Female,State,69.6,State,61.5,Electronics,5.54,3,No,3,2,3,1,86,54,3,1,Placed
Male,ICSE,61.7,CBSE,51.9,Computer Science,5.92,1,Yes,2,2,5,1,100,63,0,1,Placed
Male,State,49.6,ICSE,76.8,Electronics,6.18,3,Yes,5,2,5,0,100,82,1,0,Placed
Male,CBSE,81.9,State,73.4,Computer Science,6.32,3,Yes,1,1,4,0,100,57,2,0,Placed
Male,ICSE,69.6,State,65.4,Information Technology,6.59,4,Yes,5,2,4,0,100,74,0,1,Placed
Female,CBSE,74.4,State,77.6,Information Technology,6.55,3,Yes,0,1,2,0,83,63,2,0,Placed
Female,State,59.4,CBSE,75.5,Electronics,8.49,5,Yes,1,0,3,0,84,75,0,1,Placed
Female,ICSE,67.5,State,60.2,Computer Science,6.32,3,Yes,0,1,3,1,100,64,5,0,Placed
Female,Other,65.2,Other,53.9,Mechanical,4.93,1,Yes,0,0,3,1,96,46,0,2,Not Placed
Female,CBSE,70.6,CBSE,55.5,Civil,5.65,2,Yes,3,0,2,2,82,51,2,0,Placed
Female,State,62.6,CBSE,77.9,Computer Science,6.53,3,Yes,1,0,2,0,100,86,0,1,Placed
Female,State,50.5,Other,42.5,Computer Science,5.49,2,Yes,2,4,2,0,100,52,2,1,Placed
Female,CBSE,99.9,CBSE,89.6,Computer Science,8.53,5,Yes,2,2,1,0,100,87,4,1,Placed
Male,CBSE,52.9,State,44.9,Electrical,5.5,2,No,0,1,3,0,80,68,5,2,Placed
Male,State,74.5,State,56.4,Electronics,4.87,1,Yes,0,0,2,1,100,70,0,2,Not Placed
Male,State,47.2,State,47.5,Information Technology,3.79,1,Yes,1,0,3,0,100,41,0,0,Placed
Female,CBSE,44.0,State,38.6,Computer Science,3.86,1,No,4,1,1,1,100,33,1,2,Not Placed
Female,State,73.4,CBSE,63.1,Electronics,5.45,2,Yes,1,1,3,0,81,45,1,0,Placed
Male,State,74.4,CBSE,90.9,Civil,8.71,5,Yes,1,2,5,0,80,70,0,0,Placed
Female,ICSE,89.7,State,86.5,Civil,8.9,5,Yes,2,0,1,0,80,77,1,1,Placed
Female,Other,77.6,State,82.5,Electronics,7.27,4,Yes,0,1,2,0,100,62,0,2,Placed
Male,State,69.9,State,75.7,Computer Science,6.83,3,No,0,4,1,0,92,67,0,1,Placed
Male,Other,58.7,State,58.0,Computer Science,5.36,2,Yes,2,0,2,4,100,48,0,2,Not Placed
Female,ICSE,93.0,CBSE,80.4,Computer Science,7.87,5,Yes,0,1,3,0,100,72,2,3,Placed
Male,CBSE,85.0,CBSE,81.2,Computer Science,9.15,5,Yes,1,0,2,0,100,82,1,1,Placed
Female,CBSE,54.6,ICSE,57.6,Computer Science,7.25,4,Yes,1,0,3,0,100,62,2,1,Placed
Male,State,72.5,State,63.7,Computer Science,7.06,4,No,0,2,1,0,85,54,0,0,Placed
Female,State,74.0,CBSE,71.8,Information Technology,7.48,3,No,1,1,0,1,68,72,1,0,Placed
Female,State,67.2,CBSE,58.3,Electrical,5.99,2,No,2,1,4,0,100,71,3,1,Placed
Female,State,82.8,CBSE,75.4,Electronics,6.46,3,Yes,0,1,1,0,87,77,0,0,Placed
Female,State,83.6,CBSE,74.3,Civil,5.47,2,Yes,1,2,3,1,100,69,2,0,Placed
Male,State,69.3,ICSE,54.3,Mechanical,4.91,1,Yes,2,0,1,0,87,48,0,0,Placed
Male,CBSE,68.1,Other,42.6,Computer Science,5.05,1,Yes,0,0,5,1,100,42,0,2,Placed
Male,ICSE,93.0,ICSE,75.4,Mechanical,4.99,1,Yes,0,3,5,2,81,64,2,0,Placed
Female,CBSE,85.1,Other,96.9,Computer Science,8.06,5,Yes,1,2,2,0,100,85,1,0,Placed
Female,Other,73.0,Other,66.7,Electronics,5.19,3,No,3,2,1,0,71,61,4,1,Placed
Female,CBSE,49.2,State,59.7,Information Technology,6.59,3,Yes,0,1,3,1,100,81,1,3,Placed
Male,Other,76.8,CBSE,51.4,Other,4.25,2,Yes,1,0,1,1,100,47,1,1,Not Placed
Male,CBSE,81.8,ICSE,66.3,Computer Science,6.5,4,No,0,3,2,0,82,55,1,0,Placed
Male,CBSE,33.4,CBSE,28.0,Computer Science,3.5,1,Yes,1,1,5,1,95,30,0,0,Not Placed
Male,CBSE,75.5,CBSE,69.6,Electrical,7.41,5,Yes,0,0,3,0,85,70,2,1,Placed
Female,State,66.2,CBSE,88.9,Computer Science,6.15,3,Yes,1,1,4,0,100,63,3,0,Placed
Male,ICSE,68.9,State,71.3,Mechanical,6.46,3,Yes,1,0,1,0,88,71,1,1,Placed
Male,State,59.3,CBSE,76.4,Mechanical,5.22,3,Yes,3,0,6,2,93,66,1,0,Placed
Female,Other,69.9,CBSE,64.9,Civil,5.06,2,Yes,3,0,2,0,91,67,1,1,Placed
Male,State,91.5,State,97.3,Other,7.91,4,Yes,1,0,1,0,62,91,0,1,Placed
Male,State,65.8,ICSE,85.1,Other,7.16,4,No,2,0,3,0,78,46,1,1,Placed
Female,ICSE,85.5,State,78.0,Computer Science,7.18,3,Yes,1,0,3,0,90,62,1,1,Placed
Male,CBSE,60.7,ICSE,55.1,Civil,5.02,2,Yes,1,0,4,1,82,52,1,1,Placed
Female,CBSE,82.6,CBSE,63.8,Electronics,5.17,1,No,0,0,3,0,78,43,1,0,Placed
Female,Other,72.0,CBSE,65.9,Electronics,5.74,2,Yes,0,0,3,0,99,59,0,4,Placed
Female,Other,76.9,State,73.5,Computer Science,6.71,3,Yes,0,0,1,0,100,59,2,1,Placed
Male,Other,72.1,State,89.4,Mechanical,7.39,4,No,0,1,2,0,54,68,2,0,Placed
Female,Other,81.0,State,62.8,Other,5.42,1,Yes,2,1,1,2,74,71,1,1,Not Placed
Male,CBSE,36.1,ICSE,42.7,Electrical,4.88,1,Yes,1,1,1,0,100,60,0,0,Placed
Male,ICSE,52.1,ICSE,35.9,Information Technology,4.22,2,No,0,0,2,1,86,41,0,0,Not Placed
Male,State,77.8,Other,69.1,Computer Science,6.57,4,Yes,4,3,6,0,100,56,0,1,Placed
Female,Other,43.4,CBSE,50.7,Information Technology,4.75,1,No,1,1,2,1,55,49,1,0,Not Placed
Male,State,64.6,CBSE,68.6,Civil,4.81,2,No,1,2,1,1,68,31,0,5,Not Placed
Male,State,71.2,State,74.3,Mechanical,6.37,2,Yes,0,1,4,1,66,69,1,1,Placed
Female,State,60.4,CBSE,64.3,Information Technology,7.07,5,Yes,2,0,6,0,80,70,3,1,Placed
Male,CBSE,62.3,CBSE,67.5,Computer Science,6.69,3,Yes,0,1,2,2,100,53,0,0,Placed
Male,CBSE,75.8,CBSE,72.3,Information Technology,5.76,2,Yes,1,1,1,1,100,75,2,1,Placed
Male,ICSE,86.1,CBSE,69.1,Information Technology,7.02,5,No,1,1,0,0,63,59,0,1,Placed
Male,ICSE,58.6,CBSE,40.4,Electrical,3.77,1,Yes,1,1,2,4,64,29,0,0,Not Placed
Male,CBSE,63.9,CBSE,57.5,Electronics,5.98,3,Yes,3,2,2,0,83,59,0,0,Placed
Male,ICSE,61.8,State,60.0,Information Technology,5.37,3,Yes,1,1,2,2,100,43,2,0,Placed
Female,State,38.1,State,56.1,Electronics,5.56,1,Yes,3,0,4,1,100,47,2,1,Placed
Male,State,74.0,State,69.5,Computer Science,5.95,2,Yes,1,1,2,1,100,65,0,1,Placed
Male,CBSE,85.1,State,76.9,Other,5.95,2,Yes,1,0,6,1,100,59,0,1,Placed
Female,ICSE,86.2,CBSE,83.5,Information Technology,5.82,2,Yes,4,0,3,0,100,79,1,1,Placed
Male,State,59.8,CBSE,57.1,Information Technology,5.97,2,Yes,1,1,1,0,100,43,3,0,Placed
Female,State,54.5,CBSE,64.0,Information Technology,6.29,3,Yes,2,0,2,0,100,63,3,0,Placed
Male,State,72.3,ICSE,89.0,Mechanical,7.57,3,Yes,1,3,5,0,100,87,1,0,Placed
Male,CBSE,83.6,State,99.6,Mechanical,8.12,5,No,2,1,0,1,38,86,0,0,Placed
Male,State,74.2,CBSE,71.6,Mechanical,5.37,2,Yes,2,1,1,1,87,51,1,1,Placed
Male,CBSE,76.1,CBSE,75.4,Computer Science,7.67,5,Yes,5,0,5,0,100,91,0,2,Placed
Male,CBSE,88.0,Other,96.8,Information Technology,8.99,5,Yes,4,0,3,0,70,66,0,1,Placed
Male,State,61.7,State,59.8,Computer Science,5.08,1,Yes,0,2,3,2,95,53,2,0,Not Placed
Male,Other,68.9,ICSE,73.5,Mechanical,6.66,3,Yes,2,1,2,2,80,74,1,0,Placed
Male,State,94.9,CBSE,74.8,Computer Science,7.55,4,Yes,3,0,5,0,100,84,0,0,Placed
Male,CBSE,69.2,CBSE,63.8,Electronics,5.32,1,Yes,2,2,3,0,95,47,1,0,Placed
Male,State,54.3,ICSE,67.3,Civil,5.41,2,No,1,0,0,2,50,55,1,0,Not Placed
Male,ICSE,62.6,State,54.8,Electrical,5.49,2,Yes,0,1,2,0,71,60,0,1,Placed
Male,State,58.9,State,57.9,Information Technology,4.2,1,No,0,4,1,1,81,45,4,2,Not Placed
Female,ICSE,77.0,State,57.0,Information Technology,4.53,2,Yes,1,0,4,1,100,38,0,0,Placed
Male,State,59.5,State,79.7,Computer Science,6.19,4,Yes,2,2,3,0,100,49,1,0,Placed
Female,ICSE,75.8,State,84.5,Mechanical,5.28,3,No,1,3,2,1,84,55,0,0,Placed
Female,CBSE,61.7,CBSE,63.2,Civil,6.38,3,No,0,0,1,0,45,52,0,0,Placed
Male,CBSE,42.3,CBSE,51.8,Computer Science,3.5,1,No,1,2,2,0,90,34,1,1,Not Placed
Female,CBSE,76.3,ICSE,76.2,Information Technology,7.06,4,Yes,3,1,2,0,100,88,0,1,Placed
Female,State,74.1,CBSE,84.4,Civil,7.52,4,No,1,2,0,0,67,78,0,2,Placed
Male,Other,79.2,State,69.2,Electrical,5.68,2,Yes,4,0,3,0,100,57,2,0,Placed
Male,ICSE,62.6,State,69.3,Computer Science,5.8,2,Yes,0,5,3,0,100,58,0,5,Placed
Female,CBSE,61.1,Other,71.6,Electronics,6.46,3,No,2,1,1,0,75,61,0,2,Placed
Female,CBSE,77.6,State,85.4,Computer Science,7.45,4,Yes,2,1,2,0,100,81,0,0,Placed
Male,CBSE,93.3,State,62.4,Computer Science,6.86,3,Yes,4,2,5,1,100,54,2,0,Placed
Male,CBSE,72.2,ICSE,63.2,Electrical,3.5,1,Yes,2,1,2,0,68,34,0,1,Not Placed
Male,State,77.9,ICSE,63.2,Civil,4.58,1,Yes,0,0,3,0,64,49,1,1,Placed
Male,Other,67.5,State,67.1,Mechanical,6.27,3,Yes,3,0,6,1,71,33,0,0,Placed
Female,Other,50.4,State,32.6,Computer Science,4.06,1,Yes,1,1,2,0,90,31,0,0,Not Placed
Male,State,85.5,CBSE,58.7,Civil,5.79,2,Yes,1,1,4,2,100,66,1,1,Placed
Male,ICSE,84.7,State,99.9,Information Technology,8.53,5,Yes,1,2,2,0,100,93,1,1,Placed
Female,State,82.0,ICSE,82.7,Information Technology,7.05,4,Yes,0,1,1,0,100,55,4,0,Placed
Male,CBSE,69.5,ICSE,68.3,Electronics,5.77,2,Yes,2,1,4,0,77,57,2,1,Placed
Male,State,80.4,CBSE,78.9,Computer Science,9.12,5,Yes,1,2,5,1,100,69,0,1,Placed
Female,State,84.5,State,79.8,Mechanical,7.97,4,Yes,1,0,2,0,74,66,0,0,Placed
Female,State,94.7,State,96.0,Electronics,8.29,5,Yes,1,1,2,0,99,76,1,0,Placed
Male,CBSE,85.8,Other,73.0,Computer Science,6.72,3,Yes,1,0,2,1,100,73,0,0,Placed
Male,CBSE,72.9,State,71.5,Computer Science,7.03,5,No,0,0,6,0,100,77,1,0,Placed
Male,CBSE,53.7,State,57.5,Computer Science,6.38,2,Yes,2,1,5,0,100,55,0,0,Placed
Male,Other,74.2,CBSE,60.2,Computer Science,6.19,3,No,5,0,2,0,100,45,2,1,Placed
Male,State,75.6,State,84.5,Electronics,6.42,3,Yes,2,0,3,1,100,51,0,0,Placed
Male,ICSE,81.9,CBSE,72.0,Civil,7.59,5,Yes,1,1,3,1,98,82,2,0,Placed
Male,ICSE,91.0,ICSE,93.4,Computer Science,8.19,5,Yes,1,1,1,0,100,78,2,0,Placed
Male,CBSE,70.7,ICSE,69.2,Computer Science,8.21,4,Yes,1,1,2,0,100,72,5,0,Placed
Male,State,99.9,State,99.9,Electronics,8.26,5,Yes,1,4,1,2,100,72,3,0,Placed
Male,ICSE,47.4,State,40.1,Civil,3.69,1,Yes,4,1,5,0,76,48,2,0,Placed
Male,State,77.9,ICSE,62.6,Information Technology,7.11,4,Yes,1,1,1,0,92,71,1,0,Placed
Male,Other,60.8,CBSE,51.5,Information Technology,5.42,1,Yes,1,1,4,0,77,47,0,0,Placed
Male,CBSE,45.3,CBSE,50.3,Electronics,4.99,1,Yes,1,1,5,0,100,41,1,1,Placed
Female,CBSE,69.2,Other,82.3,Computer Science,6.17,3,Yes,0,0,1,0,100,68,1,0,Placed
Female,ICSE,51.6,ICSE,69.6,Computer Science,7.02,4,Yes,0,1,3,0,100,49,2,1,Placed
Female,ICSE,69.7,ICSE,44.2,Mechanical,3.83,2,Yes,1,0,3,0,100,47,3,0,Not Placed
Female,Other,72.5,CBSE,71.9,Electronics,5.87,1,Yes,0,0,5,1,94,58,1,0,Placed
Male,State,87.7,CBSE,48.6,Electronics,4.32,1,Yes,0,1,4,2,100,48,0,2,Not Placed
Male,Other,50.9,CBSE,61.1,Mechanical,5.77,2,No,3,1,3,2,59,54,0,1,Not Placed
Male,ICSE,84.7,CBSE,89.7,Mechanical,5.85,1,No,1,1,4,3,81,74,3,1,Placed
Female,ICSE,73.4,ICSE,69.6,Computer Science,6.23,3,Yes,2,1,1,1,100,72,0,0,Not Placed
Female,State,86.4,CBSE,80.6,Information Technology,7.92,4,Yes,2,1,2,0,100,86,1,0,Placed
Male,CBSE,66.0,State,65.2,Computer Science,5.02,1,Yes,2,2,4,0,88,55,1,1,Placed
Male,Other,53.3,CBSE,47.1,Computer Science,5.12,2,Yes,1,0,1,0,100,49,0,0,Placed
Male,State,55.0,CBSE,60.6,Mechanical,4.77,2,Yes,1,1,5,1,78,44,2,0,Placed
Male,State,53.9,Other,53.1,Civil,4.39,2,No,0,0,2,0,38,37,2,1,Not Placed
Female,State,78.7,CBSE,83.3,Other,8.3,5,No,1,0,1,0,44,78,0,0,Placed
Female,State,92.7,CBSE,83.4,Electronics,5.54,1,No,1,1,1,1,81,62,0,0,Not Placed
Male,State,64.1,CBSE,54.5,Computer Science,6.13,4,Yes,1,0,1,0,65,67,0,0,Placed
Female,CBSE,80.8,CBSE,60.2,Computer Science,5.38,2,Yes,0,1,1,1,99,53,1,0,Placed
Female,ICSE,50.7,State,34.4,Civil,3.5,1,Yes,1,3,2,0,92,23,1,1,Not Placed
Male,State,74.5,CBSE,84.0,Electronics,6.06,3,No,0,1,3,0,58,65,0,1,Placed
Male,State,81.4,State,71.5,Electronics,6.93,3,Yes,1,2,2,0,76,75,0,0,Placed
Male,CBSE,51.7,ICSE,57.2,Civil,4.85,1,No,4,1,2,5,74,55,3,0,Not Placed
Male,CBSE,69.1,State,84.7,Mechanical,6.62,3,No,1,3,1,2,23,68,0,3,Placed
Male,CBSE,82.0,CBSE,70.9,Civil,6.01,4,No,2,0,0,0,65,70,0,0,Placed
Male,State,30.9,State,31.9,Computer Science,3.82,1,Yes,1,1,6,3,100,41,1,0,Not Placed
Male,CBSE,90.7,CBSE,81.7,Mechanical,4.91,1,Yes,0,1,1,1,100,43,2,1,Not Placed
Male,Other,77.0,State,73.0,Civil,5.6,2,Yes,1,2,2,1,100,69,3,0,Placed
Female,CBSE,82.0,State,95.4,Information Technology,8.81,5,Yes,1,0,3,0,100,88,1,0,Placed
Male,CBSE,66.2,CBSE,80.3,Electronics,5.46,2,No,0,0,1,1,64,58,0,0,Not Placed
Male,CBSE,47.9,ICSE,57.1,Information Technology,4.53,1,No,1,4,1,0,87,37,0,1,Placed
Male,CBSE,79.5,Other,89.1,Other,6.81,4,Yes,4,0,6,0,100,64,0,0,Placed
Female,ICSE,70.8,ICSE,66.3,Computer Science,5.56,3,Yes,1,0,3,0,100,40,3,4,Placed
Male,ICSE,72.4,CBSE,72.3,Electronics,6.27,3,Yes,4,1,3,0,58,55,0,0,Placed
Male,State,87.2,State,77.4,Computer Science,5.95,2,Yes,1,1,4,1,88,57,0,1,Placed
Female,CBSE,82.7,Other,64.1,Mechanical,5.22,3,Yes,0,2,1,2,95,54,1,0,Not Placed
Female,CBSE,98.9,CBSE,99.9,Computer Science,8.35,5,Yes,1,1,2,0,94,99,4,1,Placed
Female,State,74.2,ICSE,76.0,Computer Science,7.42,4,No,2,1,3,2,100,81,0,0,Placed
Male,Other,62.3,CBSE,61.9,Information Technology,6.94,3,No,1,0,5,4,100,65,0,0,Placed
Male,CBSE,69.4,CBSE,67.0,Electrical,5.57,2,Yes,2,1,2,0,100,51,0,0,Placed
Female,State,77.8,ICSE,58.3,Computer Science,7.39,5,Yes,2,1,1,0,100,55,0,0,Placed
Female,State,86.2,ICSE,69.9,Computer Science,6.28,4,Yes,1,0,3,0,100,74,1,2,Placed
Female,CBSE,51.5,ICSE,57.0,Mechanical,5.85,3,No,0,3,4,0,53,41,2,2,Placed
Female,State,72.1,Other,63.8,Electronics,7.49,4,Yes,1,0,3,0,100,57,0,2,Placed
Male,CBSE,94.5,CBSE,83.7,Electrical,7.02,4,Yes,0,1,3,0,69,95,3,1,Placed
Female,ICSE,68.6,CBSE,65.4,Computer Science,4.91,1,Yes,2,3,2,2,100,53,1,1,Placed
Male,CBSE,85.0,Other,71.9,Electronics,6.36,2,Yes,2,0,3,0,91,85,0,0,Placed
Male,State,78.9,CBSE,64.5,Computer Science,5.54,3,No,2,0,3,0,100,54,2,0,Placed
Male,CBSE,85.4,State,62.9,Computer Science,5.74,3,No,0,1,1,1,91,70,1,1,Placed
Male,Other,60.7,State,59.1,Mechanical,7.03,4,No,1,0,0,2,54,63,0,0,Not Placed
Male,CBSE,60.7,CBSE,66.7,Electronics,4.84,1,No,0,2,1,1,66,45,0,0,Not Placed
Male,ICSE,72.3,CBSE,52.8,Mechanical,5.1,1,Yes,1,1,2,0,100,43,0,0,Placed
Female,ICSE,50.5,State,52.6,Information Technology,4.43,1,Yes,2,5,2,0,100,26,1,1,Placed
Male,Other,68.2,ICSE,69.0,Information Technology,6.01,3,Yes,1,2,1,0,100,52,0,1,Placed
Female,State,75.5,State,61.7,Information Technology,6.48,2,Yes,4,3,3,1,100,69,3,1,Placed
Male,State,97.0,State,99.9,Other,8.18,4,Yes,3,0,5,0,86,81,0,2,Not Placed
Male,CBSE,77.6,State,69.3,Information Technology,6.1,2,Yes,0,0,2,1,96,56,1,0,Placed
Male,CBSE,80.8,CBSE,74.6,Information Technology,6.06,3,Yes,2,0,6,1,100,63,0,0,Placed
Male,State,88.3,CBSE,79.6,Information Technology,7.26,4,Yes,0,1,3,0,100,81,5,1,Placed
Male,CBSE,58.5,State,41.2,Electronics,5.81,3,Yes,0,0,2,1,70,36,0,0,Not Placed
Male,Other,69.7,CBSE,77.4,Computer Science,6.12,3,Yes,3,2,2,1,79,67,0,0,Placed
Male,CBSE,99.9,CBSE,80.4,Electrical,8.4,5,Yes,1,1,3,0,100,63,2,1,Placed
Female,State,70.9,State,65.8,Computer Science,7.26,4,Yes,0,1,2,2,100,40,0,0,Placed
Male,State,87.6,State,86.7,Electrical,8.32,5,Yes,1,1,5,0,100,74,3,0,Placed
Female,State,85.5,CBSE,93.7,Computer Science,8.27,5,No,2,1,0,0,100,77,2,0,Placed
Male,State,51.3,State,42.7,Mechanical,5.23,3,No,2,0,0,0,54,43,2,0,Placed
Female,CBSE,76.3,State,67.8,Electrical,4.95,1,Yes,0,0,1,0,100,54,0,1,Placed
Female,State,74.1,CBSE,84.4,Computer Science,6.78,3,Yes,2,1,3,0,100,76,2,0,Placed
Female,CBSE,76.6,Other,77.1,Other,7.1,5,Yes,2,1,4,1,100,63,3,1,Placed
Male,Other,61.4,CBSE,67.8,Information Technology,6.47,3,Yes,1,0,1,0,98,50,3,3,Placed
Male,ICSE,56.4,ICSE,46.8,Electrical,4.36,2,No,1,2,2,0,26,51,4,2,Placed
Male,Other,65.3,CBSE,60.2,Mechanical,3.5,1,Yes,0,2,1,1,63,55,1,0,Not Placed
Female,CBSE,70.6,ICSE,66.3,Information Technology,5.72,2,Yes,0,0,3,1,100,61,2,1,Placed
Female,CBSE,88.6,CBSE,72.9,Computer Science,5.58,1,No,1,1,0,1,98,65,0,1,Placed
Female,CBSE,97.4,ICSE,71.3,Information Technology,6.88,3,Yes,2,1,3,0,100,77,0,0,Placed
Male,CBSE,91.6,CBSE,78.6,Computer Science,6.84,3,Yes,2,0,2,0,100,79,1,0,Placed
Female,CBSE,84.0,State,91.5,Computer Science,7.28,3,Yes,1,2,1,0,100,63,1,2,Placed
Female,State,57.9,State,59.0,Computer Science,8.11,5,Yes,2,5,3,2,99,68,0,2,Placed
Male,CBSE,66.3,CBSE,78.5,Information Technology,7.84,4,Yes,2,1,3,4,88,57,0,1,Placed
Male,State,74.9,ICSE,73.0,Civil,7.0,3,Yes,1,3,3,0,50,67,1,0,Placed
Female,ICSE,63.1,CBSE,54.7,Computer Science,7.44,3,Yes,0,1,2,0,100,71,1,0,Placed
Female,State,80.1,Other,87.9,Computer Science,8.34,5,Yes,1,1,3,0,96,66,2,0,Placed
Female,CBSE,82.1,CBSE,78.7,Electronics,6.02,3,Yes,0,1,2,0,91,71,2,1,Placed
Male,CBSE,79.5,State,84.2,Computer Science,6.57,3,No,0,0,4,1,100,79,2,0,Placed
Female,State,86.4,State,69.1,Computer Science,7.26,4,No,0,0,4,0,100,84,1,0,Placed
Male,CBSE,59.3,CBSE,69.9,Computer Science,4.59,2,Yes,2,1,3,0,100,53,0,0,Placed
Male,State,85.1,CBSE,89.5,Electrical,7.2,3,No,0,1,4,1,74,77,1,5,Placed
Male,CBSE,62.3,ICSE,64.6,Civil,3.54,1,No,0,1,4,1,76,58,1,1,Not Placed
Female,ICSE,58.8,ICSE,51.0,Information Technology,5.2,2,No,4,1,1,2,69,38,0,0,Not Placed
Female,ICSE,79.4,Other,74.1,Mechanical,6.99,3,No,2,0,6,0,86,66,0,0,Placed
Male,State,89.0,CBSE,87.9,Electronics,7.56,5,No,2,1,0,0,56,60,1,1,Placed
Male,CBSE,78.8,State,76.4,Mechanical,7.21,4,Yes,0,1,1,0,73,69,0,0,Placed
Female,CBSE,72.3,CBSE,75.2,Mechanical,8.06,5,Yes,2,0,6,0,100,73,2,0,Placed
Male,ICSE,76.3,CBSE,82.3,Electronics,6.82,4,Yes,1,3,1,0,100,64,2,3,Placed
Female,State,73.9,ICSE,63.9,Computer Science,8.58,5,Yes,1,1,3,0,100,81,0,2,Placed
Male,CBSE,56.2,CBSE,45.6,Computer Science,5.06,3,No,1,0,5,0,92,41,2,2,Placed
Male,CBSE,54.6,State,55.6,Information Technology,6.27,3,Yes,1,2,1,0,100,55,2,0,Placed
Male,CBSE,70.9,State,64.9,Electrical,5.12,2,No,4,1,1,0,68,64,0,0,Placed
Male,ICSE,73.1,State,77.7,Electronics,8.11,5,No,1,1,2,0,100,96,0,1,Placed
Female,CBSE,72.2,Other,58.4,Civil,6.03,4,Yes,1,5,3,0,62,70,3,2,Placed
Male,State,81.5,State,86.3,Other,8.33,5,Yes,1,1,4,0,100,82,0,0,Placed
Male,State,69.0,State,80.3,Computer Science,7.17,5,Yes,2,3,4,0,100,79,1,0,Placed
Female,State,79.9,ICSE,74.9,Mechanical,5.14,1,No,0,3,0,0,68,59,0,0,Not Placed
Male,ICSE,70.0,State,68.1,Mechanical,6.24,2,No,2,0,1,0,72,40,2,1,Placed
Male,ICSE,97.5,CBSE,80.4,Other,5.1,1,No,1,0,2,1,69,42,0,0,Not Placed
Female,State,73.1,CBSE,64.4,Other,5.28,2,Yes,0,1,3,1,95,53,0,0,Not Placed
Female,CBSE,99.9,CBSE,85.8,Mechanical,7.15,3,Yes,1,2,2,0,96,92,1,1,Placed
Male,State,76.9,State,87.1,Computer Science,9.7,4,Yes,3,2,3,0,100,76,0,0,Placed
Female,State,69.0,ICSE,66.0,Civil,5.88,3,Yes,5,2,4,0,91,67,1,1,Placed
Female,State,59.4,CBSE,46.3,Computer Science,5.04,3,Yes,0,1,4,1,100,37,0,0,Placed
Male,State,51.8,CBSE,56.4,Civil,4.91,1,Yes,0,2,5,1,91,60,1,0,Placed
Male,CBSE,58.1,Other,66.8,Electrical,4.58,1,Yes,1,2,1,0,100,59,1,0,Placed
Female,State,59.7,ICSE,59.5,Information Technology,5.74,2,Yes,2,0,2,1,100,45,1,3,Placed
Female,CBSE,77.5,State,87.8,Electronics,7.4,5,Yes,1,0,2,0,100,76,3,0,Placed
Male,ICSE,64.6,CBSE,71.2,Information Technology,5.56,3,Yes,2,1,6,0,84,65,0,1,Placed
Female,CBSE,74.6,CBSE,60.5,Information Technology,4.66,1,Yes,4,1,6,0,100,54,2,3,Placed
Female,State,89.9,CBSE,76.9,Information Technology,6.37,3,Yes,1,1,3,0,100,78,1,0,Placed
Male,CBSE,70.8,CBSE,70.4,Mechanical,6.03,4,No,0,0,0,1,94,69,0,0,Placed
Male,State,99.9,CBSE,73.3,Electrical,5.8,2,Yes,0,0,1,0,54,77,0,3,Placed
Male,State,55.5,State,60.0,Electrical,4.4,2,Yes,0,2,2,1,100,66,1,1,Not Placed
Female,CBSE,69.9,CBSE,49.8,Computer Science,5.4,3,No,2,4,4,3,100,58,2,2,Not Placed
Male,ICSE,64.4,CBSE,73.5,Electrical,6.71,3,No,0,3,0,2,88,74,0,1,Placed
Female,State,85.1,CBSE,87.9,Mechanical,7.22,4,Yes,1,1,4,1,94,71,2,0,Placed
Female,State,40.6,State,50.5,Computer Science,4.68,1,Yes,1,3,1,0,100,53,2,0,Placed
Female,CBSE,51.8,State,47.1,Computer Science,5.5,1,Yes,0,0,2,1,100,59,1,1,Not Placed
Male,State,70.5,State,69.6,Computer Science,6.25,3,Yes,0,2,3,0,100,58,0,1,Placed
Female,State,93.7,CBSE,80.1,Electrical,5.59,2,No,1,1,2,0,97,78,1,1,Placed
Male,State,75.2,CBSE,61.1,Electronics,6.5,2,Yes,1,2,3,1,100,58,0,1,Placed
Female,State,53.1,CBSE,51.4,Mechanical,5.06,2,No,1,0,3,1,58,51,0,0,Not Placed
Male,State,55.2,CBSE,63.4,Computer Science,5.91,2,Yes,2,2,2,1,100,58,1,0,Placed
Male,CBSE,95.4,ICSE,87.0,Mechanical,5.64,3,No,4,1,2,2,67,77,2,0,Placed
Female,CBSE,63.3,Other,77.0,Computer Science,6.23,3,Yes,2,0,4,1,100,52,0,0,Placed
Male,CBSE,58.8,State,66.8,Information Technology,7.96,3,Yes,1,1,1,1,82,58,0,1,Placed
Male,CBSE,92.7,Other,91.1,Electronics,6.16,3,Yes,2,0,2,2,88,62,0,0,Placed
Female,State,86.2,State,63.6,Computer Science,5.81,2,Yes,0,1,5,1,100,55,0,0,Placed
Female,ICSE,89.8,CBSE,79.5,Civil,6.45,3,Yes,2,1,4,0,100,68,0,1,Placed
Female,CBSE,58.7,Other,48.4,Computer Science,5.33,3,Yes,0,1,4,0,100,39,0,1,Placed
Female,Other,50.6,CBSE,51.1,Mechanical,3.5,1,Yes,1,2,1,0,100,45,1,0,Not Placed
Male,State,73.9,State,63.5,Information Technology,6.08,3,Yes,2,5,4,0,88,47,0,2,Placed
Male,Other,76.7,CBSE,68.7,Electronics,4.55,1,Yes,1,0,5,2,78,53,2,1,Placed
Male,State,77.1,CBSE,83.4,Computer Science,7.41,4,Yes,0,0,3,0,100,86,2,0,Placed
Male,State,92.7,State,89.3,Computer Science,7.12,3,Yes,0,1,2,1,100,83,1,0,Placed
Female,CBSE,47.7,State,60.8,Electrical,4.62,1,Yes,3,0,3,2,89,47,1,2,Not Placed
Female,CBSE,84.0,CBSE,62.0,Computer Science,6.68,3,Yes,1,2,3,0,100,57,2,1,Placed
Male,CBSE,56.6,CBSE,58.0,Civil,4.86,1,Yes,0,1,4,1,67,75,4,0,Placed
Male,State,84.0,CBSE,87.7,Other,7.53,5,Yes,2,1,2,0,100,83,1,1,Placed
Female,CBSE,65.4,Other,79.1,Computer Science,7.5,3,Yes,1,0,2,0,100,80,0,1,Placed
Male,ICSE,60.6,ICSE,45.0,Computer Science,5.97,2,Yes,3,2,4,0,96,64,1,0,Placed
Female,CBSE,63.5,State,59.1,Mechanical,4.15,1,Yes,2,4,3,2,94,54,2,2,Placed
Male,ICSE,51.8,CBSE,64.2,Other,6.4,2,Yes,0,1,2,0,100,68,1,1,Placed
Female,CBSE,72.6,ICSE,67.5,Electrical,5.85,2,Yes,2,4,2,0,99,64,1,0,Placed
Male,CBSE,61.2,CBSE,51.8,Electronics,4.63,1,Yes,5,0,5,0,100,52,2,2,Placed
Female,CBSE,83.0,CBSE,61.8,Civil,4.28,1,No,1,0,0,1,59,44,0,0,Not Placed
Female,State,81.0,CBSE,66.3,Computer Science,6.76,3,Yes,0,4,1,1,100,64,3,1,Placed
Female,CBSE,95.6,ICSE,69.8,Other,5.11,2,No,2,2,2,1,83,71,1,1,Placed
Female,ICSE,77.1,CBSE,73.4,Other,6.64,3,Yes,0,0,1,0,100,75,2,1,Placed
Female,CBSE,79.3,CBSE,83.4,Computer Science,9.06,5,Yes,2,1,3,3,100,75,0,0,Placed
Female,CBSE,91.6,State,71.1,Information Technology,7.3,5,No,2,1,2,0,100,79,3,0,Placed
Male,ICSE,63.2,CBSE,65.0,Computer Science,7.38,5,Yes,0,2,3,0,100,67,1,0,Placed
Female,CBSE,51.2,State,61.9,Computer Science,5.28,2,Yes,2,2,5,0,100,48,3,0,Placed
Female,Other,74.8,State,71.1,Civil,6.61,2,Yes,2,0,1,0,79,68,1,2,Placed
Male,Other,52.1,State,38.0,Information Technology,3.5,1,Yes,3,1,2,1,100,30,0,0,Not Placed
Female,CBSE,99.9,CBSE,93.8,Computer Science,7.79,5,Yes,0,1,1,0,100,70,0,0,Placed
Female,CBSE,92.4,CBSE,83.8,Information Technology,8.81,5,Yes,1,1,4,0,100,95,0,0,Placed
Female,CBSE,99.9,ICSE,88.4,Other,6.6,2,No,0,1,1,1,87,58,0,1,Placed
Male,ICSE,72.9,ICSE,64.2,Electronics,6.77,4,Yes,0,1,1,0,91,66,0,0,Placed
Male,State,79.7,CBSE,75.6,Information Technology,7.63,4,Yes,0,0,1,1,89,81,0,0,Placed
Female,State,65.6,CBSE,69.3,Computer Science,7.37,5,Yes,0,1,4,0,100,61,0,0,Placed
Female,ICSE,84.4,CBSE,99.9,Other,6.75,3,Yes,3,0,4,0,91,86,4,1,Placed
Male,CBSE,55.0,State,57.4,Civil,5.5,1,No,1,0,1,0,46,57,0,0,Not Placed
Female,ICSE,36.4,State,57.4,Information Technology,5.39,2,Yes,1,1,6,2,100,89,0,2,Placed
Female,State,60.9,CBSE,64.3,Computer Science,7.06,4,Yes,2,0,4,0,100,68,0,0,Placed
Male,State,51.6,State,52.7,Computer Science,3.84,1,Yes,5,1,3,0,100,64,0,1,Placed
Female,ICSE,92.7,State,86.0,Computer Science,7.82,3,Yes,1,0,2,1,100,65,0,1,Placed
Male,State,97.4,Other,75.8,Electronics,6.73,2,Yes,1,1,2,3,93,60,2,3,Placed
Male,CBSE,52.4,CBSE,57.4,Electrical,3.5,1,No,0,5,3,2,49,52,3,3,Not Placed
Male,State,90.1,CBSE,62.7,Information Technology,5.08,1,Yes,2,0,1,1,91,49,1,1,Placed
Female,State,85.3,CBSE,70.3,Civil,4.22,2,Yes,1,1,2,0,66,45,0,0,Placed
Male,CBSE,50.0,ICSE,53.6,Information Technology,4.63,1,Yes,1,1,3,0,100,69,1,4,Placed
Male,Other,66.5,ICSE,76.8,Mechanical,6.89,3,No,0,0,4,1,83,75,1,0,Placed
Male,CBSE,63.9,State,77.2,Mechanical,6.59,2,No,2,1,3,0,100,73,3,1,Placed
Male,State,82.5,CBSE,74.5,Computer Science,6.89,3,Yes,0,0,2,0,84,70,1,0,Placed
Female,State,54.8,CBSE,57.7,Information Technology,4.61,1,Yes,0,0,3,2,100,55,3,1,Not Placed
Male,CBSE,70.6,CBSE,77.8,Electronics,7.67,4,Yes,1,3,4,0,91,56,1,1,Placed
Male,Other,62.4,State,48.5,Computer Science,5.04,3,Yes,1,0,3,1,100,52,2,0,Placed
Female,ICSE,78.6,CBSE,78.0,Information Technology,6.9,3,Yes,0,1,4,0,100,63,3,0,Placed
Male,State,69.0,CBSE,58.5,Electronics,6.25,2,Yes,0,0,4,0,100,70,1,1,Placed
Male,CBSE,64.5,State,61.7,Other,4.52,2,No,1,0,3,1,99,45,2,1,Not Placed
Male,CBSE,69.0,CBSE,62.2,Information Technology,6.05,3,Yes,1,0,1,1,79,53,0,1,Placed
Male,CBSE,99.9,State,94.3,Civil,7.81,4,Yes,1,1,2,0,99,66,2,0,Placed
Male,CBSE,66.2,CBSE,70.2,Information Technology,5.87,1,Yes,1,1,2,2,100,68,1,1,Placed
Male,State,57.4,ICSE,67.0,Civil,6.24,3,No,1,2,2,0,91,76,0,2,Placed
Male,Other,80.2,State,78.6,Electronics,7.14,5,Yes,1,1,2,0,100,62,2,3,Placed
Female,State,70.0,Other,69.2,Electrical,5.86,3,Yes,0,1,2,1,100,55,1,0,Not Placed
Male,ICSE,52.2,State,72.7,Information Technology,6.41,3,No,0,2,1,0,100,75,0,2,Placed
Female,State,99.9,Other,74.7,Electronics,6.93,4,Yes,1,5,5,0,100,68,2,2,Placed
Female,State,67.1,ICSE,82.3,Electronics,7.66,5,Yes,1,1,2,0,100,77,0,1,Placed
Male,ICSE,66.7,State,62.1,Information Technology,5.89,1,Yes,3,3,2,1,100,64,0,0,Placed
Female,State,74.2,Other,76.4,Computer Science,7.87,5,Yes,1,1,1,1,100,72,0,1,Placed
Male,ICSE,96.2,CBSE,83.9,Computer Science,7.95,4,Yes,1,2,1,1,100,73,0,0,Placed
Female,CBSE,48.5,CBSE,44.3,Computer Science,3.5,2,Yes,0,1,5,5,82,30,2,1,Not Placed
Male,CBSE,75.9,CBSE,76.8,Electrical,5.18,2,Yes,0,3,5,1,100,49,0,1,Placed
Male,ICSE,99.9,State,99.9,Computer Science,9.46,5,No,1,1,1,0,100,71,2,1,Placed
Male,State,73.8,State,75.1,Computer Science,6.56,3,Yes,1,1,3,0,100,68,0,0,Placed
Female,ICSE,54.7,ICSE,50.6,Mechanical,4.84,1,No,0,1,3,0,78,50,0,0,Not Placed
Male,Other,63.3,CBSE,98.6,Information Technology,9.23,5,Yes,2,2,1,0,100,93,0,1,Placed
Female,CBSE,74.9,State,83.2,Electronics,7.0,4,Yes,0,5,2,0,100,80,1,2,Placed
Male,State,90.6,CBSE,92.3,Computer Science,7.93,4,Yes,2,0,3,0,100,82,2,0,Placed
Female,CBSE,67.2,State,61.9,Other,4.64,1,Yes,1,1,4,0,94,38,2,0,Placed
Male,State,83.6,CBSE,71.4,Civil,6.27,3,Yes,1,0,3,2,100,57,2,1,Placed
Female,ICSE,51.9,Other,51.1,Civil,5.15,2,Yes,3,0,3,1,100,42,1,1,Placed
Male,CBSE,51.8,CBSE,64.7,Information Technology,5.49,3,No,0,3,4,0,81,46,3,2,Placed
Male,State,65.2,CBSE,54.0,Mechanical,4.08,2,No,0,1,2,0,58,49,1,1,Not Placed
Male,State,92.1,ICSE,73.4,Computer Science,9.03,4,Yes,1,1,4,0,100,80,2,2,Placed
Male,CBSE,73.0,State,75.1,Computer Science,6.7,3,Yes,0,1,2,0,100,59,2,0,Placed
Female,ICSE,76.1,CBSE,75.3,Computer Science,6.18,3,Yes,4,1,2,2,98,72,0,2,Placed
Male,State,75.9,State,64.2,Electronics,6.41,4,Yes,0,0,1,1,97,60,1,1,Placed
Female,Other,87.5,CBSE,69.7,Information Technology,6.28,2,Yes,0,0,5,0,100,56,2,1,Placed
Male,CBSE,63.5,Other,77.0,Electronics,5.63,1,No,1,1,0,0,100,66,0,0,Placed
Male,CBSE,81.6,State,79.8,Computer Science,7.52,4,Yes,0,0,3,0,100,87,0,0,Placed
Male,State,60.4,CBSE,46.7,Information Technology,4.07,1,Yes,0,0,2,3,70,36,4,1,Not Placed
Male,CBSE,99.8,State,76.9,Mechanical,7.82,3,Yes,3,0,3,0,100,65,1,2,Placed
Female,Other,60.8,CBSE,57.0,Information Technology,5.95,2,Yes,0,2,2,1,98,62,2,0,Placed
Male,CBSE,59.6,ICSE,67.0,Mechanical,5.51,3,Yes,2,0,1,2,100,60,1,0,Placed
Male,ICSE,79.7,Other,80.7,Computer Science,7.24,4,No,0,2,0,0,68,65,1,3,Placed
Female,State,73.1,ICSE,81.1,Civil,7.38,4,No,0,1,0,1,59,64,0,0,Placed
Female,CBSE,76.6,CBSE,57.5,Electronics,5.5,3,No,0,0,0,0,71,55,1,1,Placed
Male,CBSE,75.2,CBSE,73.6,Computer Science,8.59,5,Yes,1,1,1,0,100,66,1,1,Placed
Male,State,56.7,CBSE,71.8,Computer Science,7.59,3,Yes,1,1,3,0,100,67,5,1,Placed
Female,State,94.6,State,99.3,Electronics,8.49,5,No,4,2,1,0,75,76,0,0,Placed
Male,CBSE,84.5,State,82.0,Civil,5.79,2,No,1,3,0,0,34,50,0,1,Placed
Male,Other,91.0,State,99.9,Information Technology,8.16,5,Yes,2,0,3,0,100,85,0,0,Placed
Male,CBSE,64.6,Other,69.5,Computer Science,6.85,3,No,0,2,0,0,100,85,2,0,Placed
Female,State,77.8,CBSE,83.8,Civil,6.01,2,No,0,0,4,1,100,51,0,0,Placed
Female,State,74.8,CBSE,71.5,Mechanical,7.21,4,Yes,2,0,2,0,72,76,1,0,Placed
Male,CBSE,87.8,CBSE,73.0,Information Technology,5.67,3,Yes,1,0,6,2,100,62,1,0,Placed
Male,Other,88.2,CBSE,72.4,Information Technology,5.93,2,Yes,1,1,1,1,92,22,0,0,Placed
Male,CBSE,74.7,CBSE,72.8,Computer Science,6.13,4,No,0,0,0,0,86,59,0,0,Placed
Female,CBSE,50.7,State,50.9,Electronics,5.58,1,Yes,1,1,3,2,100,88,1,0,Placed
Male,CBSE,96.9,CBSE,70.0,Information Technology,5.63,2,Yes,0,2,2,0,100,39,0,1,Placed
Male,State,79.8,CBSE,64.6,Other,3.98,1,Yes,2,2,3,2,54,57,0,0,Not Placed
Female,State,63.5,ICSE,59.4,Information Technology,6.64,3,Yes,0,2,2,1,75,65,0,1,Placed
Male,State,77.7,CBSE,80.5,Information Technology,6.63,3,Yes,0,0,2,0,100,60,0,2,Placed
Female,CBSE,50.8,State,52.9,Electronics,4.08,1,Yes,1,1,4,5,100,51,2,1,Not Placed
Male,CBSE,86.8,CBSE,79.4,Electrical,5.93,2,Yes,0,3,1,0,94,68,2,1,Placed
Male,ICSE,51.4,State,43.7,Civil,5.69,1,No,2,0,1,0,98,52,0,1,Placed
Male,CBSE,68.9,Other,66.9,Information Technology,5.56,1,Yes,3,2,3,0,83,54,3,0,Placed
Female,ICSE,75.4,CBSE,84.7,Mechanical,6.79,3,No,0,0,2,0,77,65,0,0,Placed
Female,CBSE,86.5,State,81.4,Electronics,6.49,2,Yes,1,1,1,0,100,71,0,1,Placed
Female,ICSE,73.5,ICSE,55.1,Information Technology,4.27,1,Yes,0,2,2,0,98,53,1,0,Placed
Male,CBSE,80.9,State,63.2,Computer Science,5.34,2,Yes,1,3,2,0,84,65,2,0,Placed
Female,State,71.6,CBSE,74.6,Information Technology,5.48,2,Yes,1,1,6,1,70,57,0,0,Placed
Male,CBSE,71.5,CBSE,66.4,Computer Science,7.08,4,Yes,1,2,3,0,100,70,2,1,Not Placed
Male,CBSE,73.2,State,69.2,Electrical,6.04,3,Yes,1,0,1,0,85,48,0,1,Placed
Female,CBSE,69.4,ICSE,60.9,Information Technology,7.99,4,Yes,2,1,2,0,100,53,0,1,Placed
Male,CBSE,48.4,CBSE,56.3,Other,4.42,1,No,0,1,3,3,75,43,3,0,Not Placed
Male,CBSE,61.2,CBSE,57.9,Electronics,4.59,1,Yes,1,1,2,3,100,39,2,1,Not Placed
Male,State,75.4,CBSE,69.7,Electronics,7.51,3,Yes,3,1,3,0,81,69,1,0,Placed
Male,State,68.5,CBSE,57.9,Electronics,6.32,3,No,0,4,1,1,63,61,0,0,Placed
Male,ICSE,69.8,CBSE,76.6,Computer Science,7.23,5,Yes,3,0,3,0,100,72,0,1,Placed
Female,State,67.5,CBSE,63.4,Information Technology,4.92,2,Yes,0,0,1,0,100,49,2,1,Placed
Male,State,59.9,CBSE,66.0,Computer Science,7.76,5,Yes,2,4,3,0,100,62,0,1,Placed
Female,State,65.1,CBSE,51.9,Electronics,4.91,1,No,2,1,2,2,89,57,1,0,Not Placed
Female,State,67.7,Other,83.1,Information Technology,6.81,3,Yes,2,1,1,0,83,80,0,0,Placed
Male,State,72.1,CBSE,81.8,Civil,7.65,4,No,0,0,2,1,79,73,1,0,Placed
Male,ICSE,77.5,CBSE,54.0,Computer Science,5.39,1,Yes,1,0,2,4,100,46,1,0,Not Placed
Male,CBSE,69.5,CBSE,59.1,Computer Science,4.69,1,Yes,1,0,1,0,100,59,0,1,Placed
Female,CBSE,57.6,Other,63.0,Information Technology,5.93,2,Yes,1,0,3,1,100,47,4,0,Placed
Male,State,52.4,ICSE,41.1,Electrical,3.5,2,No,0,1,3,1,78,27,0,3,Not Placed
Female,CBSE,99.9,ICSE,88.6,Mechanical,4.45,1,Yes,1,2,3,3,67,63,3,0,Not Placed
Male,ICSE,56.2,CBSE,61.4,Information Technology,5.0,1,Yes,0,2,4,1,69,35,1,0,Not Placed
Female,ICSE,64.7,ICSE,61.7,Electronics,5.14,2,Yes,0,0,2,1,78,40,3,1,Placed
Male,CBSE,79.2,State,79.8,Computer Science,6.05,2,Yes,0,1,1,1,100,77,1,1,Placed
Male,CBSE,77.1,CBSE,65.9,Other,6.2,2,No,1,1,2,0,40,41,0,1,Not Placed
Female,State,79.3,State,52.0,Mechanical,4.08,1,Yes,2,0,1,4,61,40,0,0,Not Placed
Female,State,65.8,ICSE,74.2,Information Technology,7.05,3,Yes,0,2,3,0,100,87,1,2,Placed
Male,CBSE,75.3,ICSE,81.2,Electronics,5.77,2,Yes,1,1,2,0,100,70,0,1,Placed
Female,State,72.9,ICSE,94.7,Computer Science,8.87,5,Yes,4,4,4,0,100,75,0,1,Placed
Male,State,67.6,Other,43.6,Other,3.5,1,Yes,0,0,3,0,90,43,0,0,Not Placed
Female,CBSE,75.4,CBSE,79.1,Computer Science,4.93,1,Yes,2,0,4,1,97,63,1,0,Placed
Female,CBSE,86.8,State,60.4,Electronics,6.64,3,Yes,2,1,4,0,83,50,1,1,Placed
Male,ICSE,71.7,CBSE,86.3,Computer Science,6.74,3,Yes,0,0,1,0,98,76,2,1,Placed
Male,CBSE,71.8,ICSE,73.7,Mechanical,7.77,4,No,1,1,1,0,74,84,0,1,Placed
Male,ICSE,87.0,CBSE,70.7,Civil,6.4,3,Yes,4,3,5,0,75,78,0,1,Placed
Male,State,85.5,ICSE,86.9,Mechanical,7.76,4,No,2,0,1,0,95,81,0,0,Placed
Female,State,94.2,CBSE,80.1,Electronics,7.75,4,No,1,0,1,1,100,83,0,0,Placed
Male,ICSE,47.4,CBSE,53.6,Electrical,5.04,3,Yes,1,0,1,1,78,41,0,1,Not Placed
Male,ICSE,84.7,CBSE,80.6,Computer Science,7.25,3,No,0,1,2,0,100,89,1,1,Placed
Female,CBSE,80.4,CBSE,92.7,Information Technology,8.98,5,Yes,2,1,1,0,89,76,0,1,Placed
Female,CBSE,59.6,ICSE,77.8,Computer Science,7.06,4,No,0,2,3,1,97,63,1,2,Placed
Male,ICSE,75.5,CBSE,65.7,Other,5.02,1,Yes,3,2,2,0,99,51,1,0,Placed
Male,State,86.7,State,90.6,Information Technology,8.22,5,Yes,1,1,2,0,100,75,4,1,Placed
Male,CBSE,60.4,CBSE,63.8,Mechanical,3.64,1,Yes,0,1,1,4,78,34,2,0,Not Placed
Male,Other,78.2,CBSE,59.5,Mechanical,6.46,3,Yes,1,2,3,0,100,59,0,0,Placed
Female,CBSE,84.2,CBSE,71.2,Computer Science,7.73,5,No,0,1,4,0,93,87,1,0,Placed
Male,CBSE,57.0,CBSE,81.1,Computer Science,8.25,5,Yes,0,0,1,0,100,71,0,1,Placed
Female,CBSE,70.0,ICSE,71.1,Information Technology,7.47,5,Yes,0,0,1,1,100,65,1,1,Placed
Male,State,76.2,State,82.1,Information Technology,7.06,4,No,1,0,1,0,100,86,2,1,Placed
Female,State,60.9,CBSE,58.6,Computer Science,5.61,1,No,2,1,2,5,100,37,2,0,Not Placed
Female,CBSE,59.7,State,54.4,Computer Science,4.33,2,Yes,1,1,6,2,92,56,0,1,Placed
Female,CBSE,70.1,CBSE,67.8,Electrical,7.43,3,No,0,0,0,0,93,66,2,1,Placed
Male,CBSE,83.2,CBSE,74.7,Other,5.82,1,No,1,2,3,1,53,64,0,0,Not Placed
Male,State,81.0,State,60.8,Information Technology,6.06,3,Yes,2,1,2,2,100,63,0,2,Placed
Male,CBSE,59.9,CBSE,49.9,Information Technology,5.27,3,No,0,0,0,0,100,66,0,0,Placed
Female,Other,81.1,State,82.9,Computer Science,6.08,3,No,0,2,0,2,79,53,3,4,Placed
Female,CBSE,60.3,State,56.4,Mechanical,3.5,1,No,2,1,4,1,52,27,1,1,Not Placed
Female,Other,49.5,ICSE,52.4,Civil,4.71,1,Yes,1,0,4,0,100,53,2,1,Placed
Female,CBSE,66.9,Other,67.5,Computer Science,5.88,1,Yes,0,5,2,0,100,49,0,1,Placed
Female,ICSE,87.7,CBSE,83.9,Computer Science,7.27,4,Yes,1,0,5,1,98,81,1,1,Placed
Male,CBSE,81.2,CBSE,87.4,Civil,7.94,4,Yes,3,2,2,2,77,80,4,1,Placed
Female,CBSE,72.0,CBSE,58.0,Electronics,5.57,1,Yes,1,4,2,2,80,58,0,0,Not Placed
Male,ICSE,66.2,CBSE,70.4,Computer Science,7.16,4,Yes,3,2,4,0,100,62,2,0,Placed
Male,ICSE,66.5,ICSE,72.4,Electronics,6.71,3,Yes,1,1,6,3,93,66,2,0,Placed
Male,State,73.5,ICSE,80.0,Information Technology,6.72,3,Yes,0,3,2,0,69,64,4,0,Placed
Male,State,57.0,State,43.6,Information Technology,3.73,1,Yes,1,0,4,0,100,59,2,0,Placed
Male,State,67.1,State,67.9,Mechanical,6.05,4,No,0,0,4,0,83,58,0,1,Placed
Female,ICSE,69.0,CBSE,83.9,Civil,6.83,3,Yes,1,1,1,5,97,64,0,0,Not Placed
Male,CBSE,53.1,State,53.8,Information Technology,6.12,3,Yes,1,3,2,0,61,65,0,1,Placed
Female,State,60.3,ICSE,65.1,Electrical,5.55,2,Yes,0,1,1,0,89,48,2,0,Placed
Male,State,77.7,State,81.1,Information Technology,6.8,3,Yes,2,4,3,0,100,88,1,2,Placed
Male,CBSE,72.1,CBSE,58.8,Civil,4.92,1,No,1,0,2,1,76,35,1,1,Not Placed
Male,ICSE,67.7,State,84.1,Information Technology,6.44,3,Yes,0,2,1,0,72,84,2,2,Placed
Male,CBSE,59.2,CBSE,64.4,Electrical,6.94,3,Yes,1,3,2,0,100,66,4,2,Placed
Female,CBSE,94.1,State,90.8,Electrical,8.38,5,Yes,1,1,2,0,100,77,2,2,Placed
Male,State,60.3,State,43.6,Computer Science,3.64,1,Yes,2,4,3,0,100,59,3,0,Placed
Female,State,75.5,CBSE,79.6,Electrical,7.35,4,Yes,2,0,3,0,100,70,0,1,Placed
Male,CBSE,65.2,State,69.0,Civil,4.12,1,Yes,0,4,1,0,90,40,5,0,Placed
Female,CBSE,72.5,ICSE,85.6,Civil,7.75,4,Yes,3,3,3,0,74,74,0,0,Placed
Female,Other,78.4,CBSE,70.7,Computer Science,5.87,2,Yes,0,0,1,1,100,68,1,0,Placed
Female,CBSE,52.8,Other,44.7,Civil,4.53,1,Yes,0,1,3,1,100,46,0,0,Not Placed
Male,State,71.9,State,62.1,Civil,3.6,2,Yes,1,1,3,0,73,41,2,0,Placed
Male,State,88.7,State,76.5,Information Technology,5.69,2,Yes,0,0,3,0,100,59,1,1,Placed
Male,State,96.7,ICSE,76.3,Other,6.78,3,Yes,2,0,1,0,69,72,0,0,Placed
Female,Other,70.2,State,80.6,Computer Science,6.51,3,No,1,0,1,0,89,55,2,1,Placed
Male,State,72.6,ICSE,82.7,Computer Science,6.52,3,Yes,1,1,4,0,88,72,0,2,Placed
Male,State,99.9,CBSE,88.0,Electronics,8.58,5,Yes,4,1,4,0,100,97,0,0,Placed
Female,State,87.9,CBSE,77.0,Electronics,8.59,4,Yes,0,3,4,0,97,92,0,0,Placed
Male,State,63.4,State,44.4,Electronics,5.33,2,Yes,0,1,1,1,100,65,1,4,Placed
Female,State,63.3,ICSE,69.4,Computer Science,5.43,2,Yes,1,1,2,0,100,50,0,2,Placed
Male,ICSE,85.4,ICSE,95.6,Other,9.2,5,No,2,0,1,0,49,100,0,0,Placed
Male,CBSE,57.8,State,52.0,Computer Science,3.87,2,No,4,1,2,2,64,41,4,0,Not Placed
Female,CBSE,87.2,State,79.2,Computer Science,6.77,2,Yes,0,3,1,1,100,73,2,3,Placed
Male,CBSE,76.7,CBSE,76.9,Computer Science,6.95,3,No,2,1,1,0,80,68,0,0,Placed
Female,CBSE,79.2,Other,91.6,Electronics,9.29,5,Yes,2,0,3,0,100,80,0,0,Placed
Male,CBSE,68.4,CBSE,68.3,Electrical,6.71,2,Yes,0,1,3,1,100,67,3,0,Placed
Male,ICSE,63.2,State,64.4,Mechanical,5.17,1,Yes,2,1,1,0,100,64,0,0,Placed
Female,State,92.5,State,86.2,Civil,6.05,4,No,0,1,5,2,58,69,2,2,Placed
Female,State,68.5,State,52.1,Computer Science,6.19,3,Yes,1,0,3,0,100,62,0,1,Placed
Female,State,66.2,CBSE,50.2,Electronics,4.38,1,No,2,1,1,1,85,38,1,0,Not Placed
Male,ICSE,70.9,Other,60.1,Information Technology,5.9,1,Yes,2,1,6,1,100,57,0,3,Placed
Female,State,74.7,State,81.2,Information Technology,5.85,2,Yes,1,3,1,2,93,67,2,1,Placed
Male,ICSE,57.6,Other,54.8,Computer Science,5.97,2,Yes,3,1,4,0,100,41,4,0,Placed
Male,CBSE,64.1,CBSE,57.8,Mechanical,5.6,2,Yes,1,0,4,1,60,59,0,1,Placed
Female,Other,63.3,State,57.0,Electronics,4.19,1,Yes,0,0,2,0,68,50,0,1,Not Placed
Male,State,83.8,State,76.5,Mechanical,7.3,3,Yes,0,4,3,0,100,85,1,2,Placed
Female,CBSE,59.6,State,76.7,Information Technology,7.28,3,Yes,2,3,4,0,100,67,3,1,Placed
Male,State,47.4,Other,49.0,Computer Science,5.75,1,Yes,2,0,1,2,100,54,2,1,Placed
Male,State,44.5,CBSE,40.5,Electronics,3.89,1,Yes,1,3,1,0,91,41,2,0,Placed
Male,CBSE,51.4,CBSE,53.8,Computer Science,5.56,2,Yes,4,4,3,0,100,62,1,4,Placed
Female,State,91.1,State,99.9,Electrical,8.0,5,Yes,2,1,2,0,91,77,2,1,Placed
Female,CBSE,72.2,CBSE,64.1,Electronics,5.63,1,No,1,2,0,0,70,68,1,0,Placed
Female,CBSE,79.0,Other,62.4,Computer Science,6.11,4,Yes,1,1,1,0,100,58,1,0,Placed
Female,Other,79.5,CBSE,69.6,Other,7.05,4,No,2,1,3,0,93,69,2,1,Placed
Female,State,72.8,State,70.9,Electronics,7.18,4,Yes,0,0,3,2,100,62,2,1,Placed
Female,ICSE,71.0,CBSE,75.1,Computer Science,5.72,2,No,0,1,0,1,70,48,2,0,Not Placed
Male,State,86.6,State,90.0,Electronics,8.34,5,Yes,1,3,5,0,100,80,0,0,Placed
Male,CBSE,74.0,CBSE,60.0,Computer Science,6.87,4,Yes,2,2,3,0,91,55,1,1,Placed
Male,State,91.6,CBSE,74.2,Civil,5.99,1,No,3,1,2,0,65,50,2,1,Placed
Female,State,80.7,CBSE,72.3,Civil,6.46,3,No,0,1,2,0,43,60,0,1,Placed
Female,Other,63.4,CBSE,69.4,Other,6.36,3,No,3,1,3,1,70,48,1,0,Placed
Male,CBSE,65.0,Other,51.1,Electronics,4.16,1,Yes,1,1,3,2,81,41,0,0,Not Placed
Female,ICSE,61.8,CBSE,55.3,Information Technology,5.05,2,Yes,1,2,2,0,100,53,0,0,Placed
Female,Other,89.0,State,75.8,Mechanical,7.0,4,Yes,2,1,1,0,73,78,1,0,Placed
Male,State,66.3,Other,74.1,Computer Science,6.27,3,Yes,1,0,1,1,100,63,2,1,Placed
Female,Other,60.8,ICSE,65.9,Electronics,6.76,2,Yes,2,0,1,0,67,66,0,1,Placed
Female,CBSE,76.5,Other,81.4,Electronics,8.07,5,Yes,0,1,2,0,76,62,1,0,Placed
Male,Other,70.6,Other,81.3,Computer Science,8.21,5,Yes,0,1,2,0,100,65,0,0,Placed
Female,State,76.1,State,69.0,Information Technology,8.07,5,Yes,1,1,1,0,100,82,1,2,Placed
Male,CBSE,98.5,State,77.0,Civil,6.22,3,Yes,0,1,4,0,86,57,0,1,Placed
Female,Other,84.8,CBSE,66.8,Civil,5.8,2,Yes,1,2,3,2,83,49,0,0,Not Placed
Female,State,72.4,State,50.9,Computer Science,5.5,3,Yes,2,1,2,1,100,43,4,1,Placed
Female,State,52.3,ICSE,49.6,Computer Science,5.07,2,Yes,1,4,6,0,100,47,0,1,Placed
Male,State,65.0,State,59.9,Computer Science,6.28,2,Yes,1,0,5,0,100,67,2,0,Placed
Female,CBSE,82.0,State,84.4,Electrical,5.4,2,Yes,5,3,3,0,100,41,3,2,Placed
Female,State,55.6,State,56.9,Computer Science,5.78,3,No,0,0,2,1,100,83,2,3,Placed
Male,ICSE,99.9,CBSE,85.0,Mechanical,5.69,2,Yes,2,1,4,2,67,63,0,0,Placed
Female,CBSE,72.2,ICSE,68.0,Computer Science,5.45,1,Yes,2,1,1,2,100,50,0,0,Not Placed
Male,CBSE,72.7,State,59.1,Electronics,6.1,3,Yes,0,1,1,1,100,58,0,0,Placed
Female,CBSE,62.7,CBSE,72.3,Information Technology,6.32,3,Yes,0,4,1,0,92,54,0,0,Placed
Male,State,79.0,ICSE,66.4,Civil,6.24,3,Yes,2,0,1,1,94,64,0,0,Placed
Male,State,55.8,State,45.5,Computer Science,4.66,1,Yes,2,1,6,1,89,38,1,0,Placed
Male,ICSE,99.9,ICSE,98.1,Electronics,8.97,5,Yes,1,2,4,0,100,88,2,0,Placed
Female,Other,90.4,State,88.5,Computer Science,7.44,4,Yes,1,0,1,0,100,71,1,0,Placed
Male,State,85.8,CBSE,62.1,Mechanical,3.68,1,No,1,4,3,0,48,49,2,0,Placed
Female,CBSE,52.5,ICSE,62.9,Electrical,5.74,1,Yes,1,1,1,0,79,74,1,1,Placed
Male,Other,74.9,State,63.8,Computer Science,4.1,1,Yes,1,3,2,2,100,43,2,1,Not Placed
Male,ICSE,88.9,CBSE,77.9,Civil,5.06,2,Yes,3,1,3,1,80,57,2,0,Placed
Male,State,80.3,CBSE,77.1,Electronics,5.82,3,Yes,1,1,1,0,97,70,0,1,Placed
Female,State,58.0,ICSE,64.4,Computer Science,5.18,3,Yes,1,1,2,0,100,68,1,0,Placed
Male,Other,62.9,CBSE,66.6,Information Technology,5.64,2,Yes,1,2,3,1,100,63,3,1,Placed
Female,State,65.7,ICSE,63.8,Computer Science,5.11,2,Yes,1,0,1,0,75,46,1,0,Placed
Female,CBSE,63.6,CBSE,58.5,Mechanical,3.94,1,No,2,1,3,2,56,32,0,2,Not Placed
Female,State,93.4,State,89.2,Mechanical,8.59,4,No,1,0,0,0,78,83,2,1,Placed
Male,CBSE,45.1,Other,47.6,Computer Science,4.38,2,No,1,0,2,3,65,50,0,2,Not Placed
Male,CBSE,81.2,CBSE,94.0,Electronics,5.7,3,Yes,0,0,4,0,90,72,0,5,Placed
Female,State,53.9,State,61.3,Civil,4.96,1,Yes,2,3,1,0,100,60,0,0,Placed
Male,CBSE,58.5,ICSE,49.6,Electrical,3.66,1,Yes,1,1,3,2,100,30,2,0,Not Placed
Female,CBSE,43.9,ICSE,43.1,Electronics,3.61,1,No,1,1,1,1,64,32,0,1,Not Placed
Male,CBSE,64.3,State,63.7,Other,6.18,3,No,1,2,1,0,63,57,0,1,Placed
Female,State,93.2,State,97.9,Electronics,7.56,4,No,0,2,0,1,59,78,0,1,Placed
Female,ICSE,75.7,ICSE,85.9,Information Technology,6.35,3,Yes,0,0,3,0,100,71,0,0,Placed
Female,Other,55.2,ICSE,52.4,Civil,5.11,1,Yes,1,1,2,0,100,55,1,0,Placed
Male,CBSE,86.2,ICSE,70.3,Information Technology,7.4,4,Yes,0,4,2,0,100,50,2,1,Placed
Female,State,89.2,CBSE,71.3,Information Technology,6.92,3,Yes,1,0,3,0,100,54,1,1,Placed
Male,Other,73.5,Other,72.6,Information Technology,4.31,1,Yes,0,1,5,4,100,54,0,1,Not Placed
Male,CBSE,99.9,State,99.9,Civil,6.79,3,Yes,0,1,2,0,82,75,1,1,Placed
Female,State,83.5,CBSE,83.0,Civil,6.74,4,Yes,1,1,3,1,85,67,3,4,Placed
Female,ICSE,81.6,CBSE,60.3,Information Technology,5.5,2,Yes,3,4,6,0,100,60,1,1,Placed
Female,CBSE,60.8,CBSE,53.3,Information Technology,4.97,2,Yes,0,1,1,0,79,56,1,2,Placed
Female,ICSE,80.8,CBSE,69.4,Information Technology,5.43,2,No,1,0,1,1,70,45,1,0,Not Placed
Male,ICSE,75.0,CBSE,63.0,Electronics,4.43,1,Yes,2,4,1,0,100,34,0,2,Placed
Male,CBSE,79.3,CBSE,70.6,Computer Science,8.3,5,Yes,2,2,4,0,100,71,1,1,Placed
Female,CBSE,62.4,State,65.5,Civil,5.58,2,No,0,1,1,0,48,61,0,0,Not Placed
Male,CBSE,73.8,CBSE,77.2,Information Technology,7.4,4,Yes,0,0,2,0,100,74,1,1,Placed
Male,CBSE,60.6,CBSE,71.4,Information Technology,6.45,3,Yes,2,3,3,0,100,62,2,0,Placed
Male,State,41.9,CBSE,51.7,Computer Science,5.3,3,No,2,0,3,2,98,65,2,0,Placed
Male,State,86.0,CBSE,60.0,Computer Science,5.74,3,No,0,1,1,1,85,78,2,0,Not Placed
Male,CBSE,51.0,CBSE,42.7,Electrical,3.5,1,Yes,1,0,3,0,65,45,3,4,Placed
Male,Other,73.5,State,68.5,Information Technology,4.89,1,Yes,1,5,5,2,100,71,3,3,Placed
Male,CBSE,76.7,Other,74.0,Computer Science,7.06,4,Yes,1,2,4,0,100,54,0,0,Placed
Male,CBSE,76.6,ICSE,81.1,Information Technology,7.24,4,Yes,2,1,3,0,100,73,2,3,Placed
Female,CBSE,68.0,ICSE,66.4,Information Technology,6.96,3,No,0,2,4,0,100,61,1,0,Placed
Male,State,75.8,CBSE,72.4,Computer Science,7.27,3,Yes,2,3,4,0,100,77,0,0,Placed
Male,State,78.6,CBSE,76.3,Information Technology,6.03,3,Yes,1,4,3,0,58,48,3,2,Placed
Female,CBSE,82.3,CBSE,74.2,Electronics,7.44,4,No,1,2,4,0,100,71,1,2,Placed
Male,CBSE,96.3,ICSE,88.1,Electronics,8.02,5,Yes,2,2,4,0,70,70,1,2,Placed
Female,ICSE,75.3,CBSE,82.7,Information Technology,7.8,3,Yes,1,1,2,0,100,84,1,1,Placed
Female,Other,72.9,State,68.8,Information Technology,8.3,5,Yes,1,1,2,0,100,69,2,0,Placed
Male,CBSE,59.3,CBSE,59.2,Other,7.09,4,No,0,2,0,0,78,47,2,0,Placed
Male,CBSE,78.1,CBSE,73.2,Information Technology,7.18,4,Yes,2,2,1,0,97,74,1,3,Placed
Female,State,81.3,Other,89.0,Computer Science,8.19,4,No,2,3,2,0,100,88,1,0,Placed
Female,State,69.3,ICSE,55.9,Computer Science,6.51,2,No,2,0,2,1,100,52,1,0,Placed
Male,CBSE,79.6,ICSE,92.5,Information Technology,7.29,3,Yes,2,1,3,0,100,83,2,1,Placed
Female,Other,67.9,State,54.2,Mechanical,4.41,1,Yes,2,1,5,0,84,48,1,2,Placed
Male,State,81.4,ICSE,69.5,Computer Science,7.02,4,Yes,1,2,2,1,100,68,1,0,Placed
Female,State,84.8,State,86.0,Mechanical,6.22,2,No,0,0,0,0,46,42,0,0,Placed
Male,State,84.6,Other,88.8,Computer Science,8.21,4,Yes,2,2,3,0,100,91,0,0,Placed
Female,Other,73.6,CBSE,56.2,Information Technology,5.59,1,No,2,1,0,0,100,59,1,0,Placed
Female,ICSE,57.4,State,47.1,Civil,3.59,1,Yes,3,1,4,2,100,45,3,1,Not Placed
Female,CBSE,63.4,State,65.3,Information Technology,6.07,3,No,1,1,1,0,100,65,2,0,Placed
Male,CBSE,80.3,CBSE,98.7,Electronics,9.19,5,Yes,1,1,3,0,100,91,0,1,Placed
Male,State,99.9,ICSE,99.9,Computer Science,8.47,5,Yes,2,2,2,0,100,99,4,0,Placed
Male,CBSE,67.2,Other,62.9,Mechanical,5.57,2,Yes,2,4,1,2,66,66,0,0,Not Placed
Male,State,78.4,State,49.6,Computer Science,5.42,2,Yes,3,1,2,0,100,48,0,0,Placed
Male,ICSE,64.2,CBSE,64.0,Civil,5.87,1,Yes,1,2,3,0,100,87,1,0,Placed
Female,State,58.4,State,62.4,Computer Science,5.66,2,Yes,3,0,3,1,96,65,1,2,Placed
Male,Other,62.5,ICSE,58.0,Electrical,5.54,2,Yes,0,2,3,0,69,73,3,1,Placed
Male,CBSE,42.8,State,38.6,Information Technology,3.5,2,Yes,1,1,2,3,100,41,3,0,Not Placed
Female,ICSE,90.9,CBSE,84.8,Mechanical,6.19,3,Yes,0,1,4,0,100,69,3,0,Placed
Female,ICSE,40.8,State,36.2,Information Technology,3.55,1,Yes,2,2,6,1,100,26,1,1,Placed
Female,CBSE,68.3,CBSE,84.9,Electrical,7.39,4,No,1,1,1,0,99,56,0,1,Placed
Female,State,55.5,ICSE,71.8,Computer Science,6.71,3,Yes,0,0,3,1,100,67,4,0,Placed
Male,CBSE,59.6,CBSE,66.3,Computer Science,6.09,2,Yes,1,5,1,0,100,58,0,1,Placed
Male,ICSE,91.3,State,84.4,Information Technology,7.91,3,Yes,0,1,3,0,100,81,1,0,Placed
Female,State,74.8,ICSE,64.5,Computer Science,6.43,4,No,0,1,1,1,100,56,1,0,Placed
Female,CBSE,58.5,CBSE,58.7,Computer Science,5.45,2,No,0,1,2,3,97,63,1,0,Not Placed
Male,State,63.7,CBSE,79.2,Electrical,5.67,1,No,1,3,0,2,76,70,2,0,Not Placed
Female,State,61.3,CBSE,69.7,Other,5.19,1,No,0,0,3,3,78,73,2,1,Not Placed
Male,CBSE,71.4,CBSE,70.6,Information Technology,5.07,2,Yes,0,0,1,0,100,81,1,3,Placed
Male,CBSE,74.4,CBSE,80.0,Electrical,6.78,2,Yes,0,1,5,0,90,76,3,0,Placed
Male,State,98.5,Other,94.3,Electronics,6.95,4,Yes,1,1,1,0,100,95,2,1,Placed
Female,State,45.2,ICSE,52.9,Computer Science,4.89,2,Yes,0,0,2,3,93,55,2,0,Not Placed
Female,ICSE,71.5,ICSE,78.4,Mechanical,6.38,3,Yes,1,1,3,1,93,69,0,0,Placed
Male,Other,67.6,Other,70.9,Mechanical,6.95,3,Yes,2,0,4,1,79,56,2,1,Placed
Female,State,85.3,CBSE,87.6,Other,7.93,5,No,4,2,3,0,78,77,0,1,Placed
Male,ICSE,77.0,CBSE,74.4,Computer Science,6.69,3,Yes,0,2,1,0,100,64,0,0,Placed
Male,State,80.3,CBSE,72.7,Mechanical,7.26,4,No,2,0,3,0,85,59,3,2,Placed
Female,State,76.8,ICSE,67.1,Computer Science,4.45,1,No,0,0,2,0,79,35,1,1,Not Placed
Female,CBSE,59.0,State,52.6,Computer Science,7.01,5,Yes,0,2,1,0,97,62,0,0,Placed
Female,CBSE,89.0,CBSE,65.7,Computer Science,6.79,2,No,0,2,2,0,100,54,0,1,Placed
Female,State,83.2,CBSE,68.3,Other,5.93,2,Yes,1,2,3,0,100,60,2,0,Placed
Female,CBSE,84.8,State,69.2,Civil,5.0,1,Yes,1,1,3,3,100,64,0,1,Not Placed
Female,State,89.7,State,77.2,Civil,5.92,2,Yes,3,4,4,0,100,55,2,0,Placed
Male,ICSE,77.8,ICSE,89.0,Electronics,7.93,4,Yes,2,2,4,1,97,66,3,0,Placed
Male,CBSE,92.7,CBSE,82.9,Information Technology,7.76,5,Yes,4,0,5,0,100,62,2,1,Placed
Male,State,77.3,Other,75.4,Computer Science,7.4,4,Yes,2,1,3,0,100,65,1,1,Placed
Male,ICSE,68.9,State,69.4,Information Technology,5.66,3,Yes,1,1,1,2,100,54,1,1,Placed
Female,ICSE,71.9,State,84.8,Information Technology,6.48,2,No,1,0,2,1,70,53,0,0,Placed
Male,CBSE,71.7,Other,63.0,Mechanical,5.67,3,No,2,3,5,2,95,67,0,0,Placed
Male,CBSE,64.7,Other,61.3,Electronics,6.28,3,Yes,1,2,2,0,84,65,1,2,Placed
Male,State,94.8,CBSE,85.0,Computer Science,7.43,3,Yes,0,0,3,0,100,59,3,1,Placed
Female,State,76.1,CBSE,83.4,Computer Science,8.65,5,Yes,1,3,3,0,100,70,3,0,Placed
Male,CBSE,73.3,State,83.4,Computer Science,7.35,3,Yes,1,1,3,0,95,81,0,1,Placed
Female,CBSE,77.4,State,77.8,Information Technology,6.86,3,Yes,2,1,5,0,100,56,0,0,Placed
Male,ICSE,99.9,State,99.9,Electrical,8.55,5,No,2,2,1,0,100,75,0,1,Placed
Male,State,56.2,Other,58.9,Electronics,6.53,3,Yes,1,1,2,2,100,59,1,0,Placed
Female,Other,60.2,CBSE,58.4,Civil,3.88,1,No,3,1,1,1,75,37,1,0,Not Placed
Female,ICSE,52.7,State,66.3,Information Technology,5.1,2,Yes,2,0,5,0,100,77,0,1,Placed
Male,Other,68.7,CBSE,71.4,Information Technology,6.16,4,Yes,0,1,1,0,100,68,1,0,Placed
Female,CBSE,75.4,ICSE,64.2,Computer Science,8.92,4,Yes,1,1,6,0,71,77,0,1,Placed
Female,ICSE,65.5,Other,74.1,Electrical,6.03,4,Yes,0,1,1,1,100,63,0,1,Placed
Male,CBSE,64.4,State,61.2,Civil,5.17,2,No,2,1,0,2,62,60,1,0,Not Placed
Female,State,74.0,CBSE,67.2,Computer Science,6.82,3,Yes,0,1,2,1,100,68,0,2,Placed
Female,State,65.0,ICSE,72.7,Electronics,7.2,4,Yes,1,1,3,0,100,65,4,1,Placed
Female,CBSE,76.3,State,71.3,Information Technology,6.59,3,Yes,1,1,2,0,78,47,1,0,Placed
Female,ICSE,87.6,CBSE,84.6,Electronics,8.15,5,Yes,2,0,2,0,100,72,0,0,Placed
Female,ICSE,81.5,ICSE,82.7,Electrical,5.75,2,Yes,0,0,3,1,100,61,0,0,Placed
Female,CBSE,84.3,Other,70.4,Electronics,5.49,2,No,0,1,4,1,83,63,1,0,Placed
Female,State,87.2,State,84.2,Electronics,8.12,5,Yes,1,0,6,0,100,87,2,0,Placed
Female,CBSE,76.0,State,85.5,Computer Science,7.47,5,Yes,1,0,2,0,94,74,0,0,Placed
Female,State,69.8,CBSE,57.8,Computer Science,4.52,1,Yes,1,0,3,0,100,51,1,0,Placed
Female,ICSE,61.2,State,65.4,Computer Science,4.96,1,Yes,2,0,3,3,86,42,1,0,Not Placed
Female,CBSE,66.5,State,56.6,Computer Science,4.85,1,Yes,0,1,3,1,100,43,0,0,Not Placed
Male,Other,64.7,CBSE,73.7,Mechanical,6.19,3,Yes,1,1,1,0,77,44,1,0,Not Placed
Female,CBSE,82.2,CBSE,86.8,Mechanical,7.46,5,Yes,3,0,3,0,100,69,3,1,Placed
Female,State,76.9,CBSE,69.1,Computer Science,6.1,2,No,1,0,2,0,100,66,0,0,Placed
Male,State,81.8,CBSE,98.4,Civil,8.04,4,No,1,0,0,0,62,85,0,0,Placed
Female,CBSE,55.8,State,67.9,Computer Science,5.92,2,Yes,2,1,2,0,100,54,0,1,Placed
Male,CBSE,92.0,State,91.1,Information Technology,8.82,5,Yes,1,2,1,0,100,94,1,3,Placed
Male,ICSE,66.0,State,71.0,Computer Science,8.81,5,Yes,1,0,4,0,100,92,1,0,Placed
Female,ICSE,56.6,CBSE,67.3,Information Technology,5.82,3,Yes,0,1,4,1,100,69,4,1,Placed
Male,CBSE,65.9,State,54.5,Computer Science,5.87,3,No,0,0,0,1,80,67,1,1,Placed
Female,State,99.9,ICSE,91.9,Information Technology,8.13,5,Yes,2,0,3,0,100,71,1,0,Placed
Female,CBSE,66.6,State,68.8,Information Technology,6.4,3,Yes,2,1,2,1,100,49,0,0,Placed
Male,CBSE,67.4,Other,61.5,Other,5.99,3,Yes,0,1,3,2,80,67,1,1,Placed
Male,State,69.3,State,71.6,Computer Science,6.98,3,Yes,0,0,2,0,100,82,0,2,Placed
Male,CBSE,69.9,State,79.7,Computer Science,6.66,2,Yes,1,0,2,1,100,85,1,0,Placed
Female,ICSE,61.1,CBSE,56.6,Computer Science,6.76,3,Yes,0,0,4,0,100,45,2,0,Placed
Female,State,74.0,State,70.0,Electronics,6.33,3,No,0,2,2,0,77,62,0,0,Placed
Female,Other,87.1,ICSE,72.1,Computer Science,6.24,2,Yes,1,0,1,0,98,52,1,4,Not Placed
Male,State,76.4,Other,54.4,Civil,7.03,5,Yes,2,0,1,0,84,60,2,1,Placed
Female,Other,56.4,Other,65.1,Electronics,5.73,2,Yes,1,2,5,2,100,68,2,0,Placed
Male,State,67.2,CBSE,65.1,Electronics,6.06,3,No,0,0,0,0,57,61,0,0,Placed
Female,State,64.3,State,63.7,Electronics,5.9,2,No,3,0,3,1,73,43,2,0,Placed
Male,Other,72.7,State,59.7,Computer Science,5.66,1,Yes,0,0,2,0,100,55,3,0,Placed
Female,State,90.6,State,81.1,Computer Science,7.58,4,Yes,1,0,1,1,97,69,4,4,Placed
Male,CBSE,69.9,CBSE,78.4,Information Technology,6.14,3,Yes,0,0,3,0,100,75,0,4,Placed
Female,State,70.8,ICSE,68.1,Electronics,6.56,3,Yes,1,3,5,1,100,57,2,0,Placed
Male,Other,96.9,Other,88.0,Computer Science,6.04,4,Yes,2,2,1,2,92,69,1,0,Placed
Female,ICSE,84.3,State,80.3,Computer Science,5.95,1,Yes,1,1,1,0,98,61,0,0,Placed
Female,State,80.0,CBSE,62.6,Other,7.11,5,No,0,1,3,1,81,82,2,0,Placed
Male,State,99.4,CBSE,95.8,Computer Science,7.0,5,Yes,1,1,2,0,100,82,1,2,Placed
Female,Other,78.9,State,61.6,Civil,3.54,1,No,2,1,2,0,50,41,0,2,Not Placed
Female,CBSE,44.2,CBSE,38.8,Civil,3.5,2,Yes,2,2,2,0,63,32,0,1,Not Placed
Male,State,83.7,Other,67.3,Information Technology,7.74,4,Yes,1,1,2,1,100,71,1,4,Placed
Male,CBSE,49.7,State,50.5,Computer Science,3.57,1,Yes,1,0,2,1,89,64,1,1,Not Placed
Female,State,78.3,State,70.2,Computer Science,5.6,2,Yes,1,0,3,0,97,65,1,0,Placed
Male,State,48.0,State,51.0,Mechanical,3.5,1,No,0,3,0,3,21,39,0,2,Not Placed
Female,CBSE,65.5,CBSE,55.1,Electronics,4.93,2,No,0,0,2,3,98,58,2,1,Not Placed
Male,CBSE,66.9,Other,75.2,Civil,5.8,2,No,0,3,2,0,96,68,0,1,Placed
Female,State,61.2,State,69.2,Electrical,5.52,2,Yes,2,1,4,0,100,66,0,2,Placed
Male,CBSE,67.1,Other,63.6,Mechanical,7.2,4,Yes,1,1,5,1,100,74,3,1,Placed
Female,CBSE,86.5,State,75.1,Computer Science,5.7,2,Yes,2,0,5,2,100,52,2,0,Placed
Female,ICSE,62.0,State,55.7,Computer Science,5.43,2,Yes,2,0,3,1,90,41,1,2,Placed
Female,CBSE,79.6,CBSE,71.6,Civil,6.26,2,No,1,1,1,0,81,69,0,0,Placed
Female,State,58.5,State,44.9,Computer Science,3.94,1,Yes,2,1,2,1,100,47,1,1,Not Placed
Male,Other,69.3,ICSE,57.4,Computer Science,6.07,2,Yes,3,1,4,0,100,53,3,1,Placed
Female,CBSE,76.5,ICSE,81.0,Mechanical,6.31,2,No,1,1,2,0,86,59,1,0,Placed
Male,CBSE,58.0,ICSE,61.5,Information Technology,6.13,3,Yes,2,1,1,1,91,65,1,0,Placed
Male,State,53.6,CBSE,71.5,Electrical,6.0,3,Yes,2,2,6,0,92,67,0,0,Placed
Male,ICSE,78.9,Other,71.2,Mechanical,4.18,1,Yes,0,3,1,1,86,36,0,2,Not Placed
Male,Other,87.7,Other,77.2,Computer Science,8.09,5,Yes,1,3,3,0,100,76,1,1,Placed
Female,Other,70.9,CBSE,64.1,Electrical,7.48,4,Yes,0,1,2,0,91,66,1,0,Placed
Female,ICSE,65.6,Other,61.0,Computer Science,5.71,2,Yes,2,0,3,1,100,55,0,2,Placed
Male,CBSE,74.2,CBSE,64.1,Information Technology,5.16,2,No,2,0,1,0,98,45,1,0,Placed
Male,CBSE,72.8,State,72.3,Information Technology,7.85,3,Yes,1,1,1,0,100,66,1,1,Not Placed
Female,CBSE,75.4,CBSE,71.8,Computer Science,8.27,5,No,1,2,6,0,100,72,1,0,Placed
Male,CBSE,36.6,Other,37.4,Information Technology,4.08,1,Yes,2,1,6,1,97,23,0,0,Not Placed
Male,State,57.0,CBSE,70.3,Computer Science,6.27,3,No,1,1,1,0,100,74,1,1,Placed
Male,State,60.2,State,79.1,Information Technology,6.87,3,Yes,4,2,2,0,100,69,1,0,Placed
Female,CBSE,74.1,State,82.2,Information Technology,5.64,2,Yes,2,0,1,3,76,56,2,0,Not Placed
Female,ICSE,74.6,CBSE,76.5,Civil,6.01,2,No,2,3,0,0,47,50,3,0,Placed
Male,CBSE,80.9,State,83.3,Civil,8.26,5,No,1,1,2,0,86,80,1,1,Placed
Male,State,75.6,CBSE,90.3,Computer Science,7.62,4,Yes,1,0,2,0,100,60,2,0,Placed
Female,State,53.8,State,63.0,Information Technology,4.96,2,Yes,0,2,2,4,82,60,1,0,Not Placed
Female,State,92.3,Other,78.4,Information Technology,7.34,3,No,0,3,1,0,100,80,2,0,Placed
Male,State,89.8,ICSE,86.3,Computer Science,6.91,3,Yes,2,2,4,0,100,65,1,0,Placed
Female,CBSE,54.4,ICSE,62.1,Civil,5.28,2,No,1,2,0,1,81,31,2,0,Not Placed
Male,State,76.7,CBSE,62.6,Mechanical,4.33,2,Yes,1,2,3,2,81,43,2,1,Not Placed
Male,ICSE,63.7,CBSE,59.9,Computer Science,4.86,1,Yes,1,1,3,3,100,50,2,3,Not Placed
Female,Other,73.9,State,81.4,Information Technology,7.75,5,Yes,1,1,6,0,100,74,1,1,Placed
Male,State,86.7,CBSE,61.8,Computer Science,6.02,2,Yes,2,0,3,0,100,78,1,0,Placed
Female,State,99.9,Other,77.4,Electronics,5.93,2,No,0,0,2,1,64,64,0,1,Placed
Male,State,82.5,CBSE,75.1,Computer Science,6.89,3,No,3,1,3,0,100,85,0,1,Placed
Male,Other,76.1,Other,75.6,Other,5.77,2,Yes,1,2,6,1,100,70,0,0,Placed
Female,CBSE,67.2,CBSE,51.8,Civil,3.96,1,Yes,2,1,4,1,90,48,1,0,Not Placed
Male,State,74.5,ICSE,69.6,Information Technology,7.37,5,Yes,1,1,1,0,100,71,0,2,Placed
Female,ICSE,91.0,CBSE,94.8,Electronics,8.47,5,Yes,0,4,3,0,100,63,0,0,Placed
Male,State,71.4,CBSE,69.2,Electrical,5.93,3,Yes,2,1,4,0,100,41,3,1,Placed
Male,CBSE,59.6,State,69.1,Electronics,6.22,3,Yes,1,5,3,0,85,69,2,1,Placed
Male,State,49.3,CBSE,46.1,Computer Science,4.89,1,Yes,1,2,2,5,98,48,2,0,Not Placed
Female,CBSE,79.2,State,66.3,Information Technology,6.55,4,Yes,0,1,2,0,100,74,1,1,Placed
Male,State,75.5,State,80.1,Civil,5.79,2,Yes,1,0,3,2,89,47,0,0,Not Placed
Female,State,63.0,CBSE,65.9,Electronics,6.66,3,No,0,0,1,0,73,65,2,1,Placed
Male,ICSE,86.4,Other,67.9,Mechanical,6.13,4,No,1,1,1,0,66,64,0,2,Placed
Female,State,66.1,State,56.6,Civil,4.74,1,No,3,1,4,0,93,44,2,0,Placed
Male,CBSE,70.1,State,83.2,Electrical,6.42,3,No,1,1,1,1,84,56,2,0,Placed
Female,CBSE,71.8,State,59.6,Electrical,6.08,3,Yes,0,2,3,1,92,48,1,3,Placed
Female,ICSE,67.1,State,74.7,Computer Science,6.62,3,Yes,1,1,4,0,100,60,2,0,Placed
Female,CBSE,75.3,CBSE,66.7,Electronics,5.31,2,No,2,1,2,1,90,51,1,3,Placed
Female,State,88.1,CBSE,81.0,Mechanical,6.32,3,Yes,1,2,2,0,87,60,0,0,Placed
Female,CBSE,56.0,State,59.9,Mechanical,5.99,2,No,0,0,0,1,46,58,3,0,Not Placed
Female,ICSE,78.8,State,53.1,Electronics,3.6,2,Yes,1,0,3,1,89,41,0,1,Not Placed
Male,State,74.4,CBSE,56.2,Computer Science,5.23,3,Yes,1,0,6,1,100,41,1,0,Placed
Male,CBSE,74.2,State,71.5,Civil,6.91,3,No,1,0,3,0,94,72,1,0,Placed
Female,CBSE,84.2,State,70.9,Mechanical,5.86,2,No,1,2,2,0,59,46,1,0,Placed
Female,ICSE,72.7,CBSE,79.5,Computer Science,7.31,4,Yes,1,1,2,1,100,69,1,0,Placed
Female,State,78.7,CBSE,58.0,Information Technology,6.55,3,Yes,1,1,1,3,100,51,1,0,Placed
Male,State,82.0,State,82.2,Computer Science,8.05,5,Yes,1,1,3,0,100,70,0,0,Placed
Male,ICSE,64.9,CBSE,49.9,Information Technology,4.65,2,Yes,2,1,1,1,100,43,0,0,Placed
Male,Other,76.2,CBSE,68.6,Computer Science,6.24,4,No,0,1,3,0,100,58,0,0,Placed
Female,CBSE,68.5,CBSE,55.7,Information Technology,6.23,3,Yes,0,2,2,0,94,56,2,1,Placed
Male,Other,70.1,Other,86.6,Electronics,8.07,5,No,1,1,1,0,100,78,2,0,Placed
Male,CBSE,67.5,State,52.2,Electronics,4.91,1,Yes,2,2,1,5,83,60,0,0,Not Placed
Male,CBSE,78.6,CBSE,72.7,Mechanical,6.08,4,Yes,2,2,2,0,91,52,2,0,Placed
Male,ICSE,73.1,CBSE,52.6,Civil,4.96,1,Yes,1,0,3,1,92,22,0,0,Not Placed
Female,CBSE,77.5,State,89.1,Computer Science,8.92,5,Yes,1,1,2,1,100,73,2,0,Placed
Male,CBSE,71.8,State,72.9,Computer Science,7.6,4,Yes,2,2,3,1,100,82,1,0,Placed
Female,CBSE,49.5,ICSE,53.5,Civil,5.4,2,No,0,2,2,1,58,57,3,1,Not Placed
Male,State,72.4,Other,84.0,Computer Science,6.39,3,Yes,0,0,2,0,100,60,0,2,Placed
Male,State,72.9,State,71.1,Other,5.77,1,No,0,0,1,0,54,54,1,1,Not Placed
Male,State,75.4,CBSE,73.7,Civil,5.89,2,Yes,0,1,4,2,93,42,2,1,Placed
Male,ICSE,63.7,ICSE,64.1,Electronics,7.04,4,Yes,1,0,1,1,84,56,0,0,Placed
Male,State,55.3,Other,62.1,Other,5.22,1,No,0,0,2,0,53,44,3,0,Not Placed
Male,CBSE,80.7,State,70.6,Computer Science,7.62,5,Yes,2,0,2,0,86,77,0,0,Placed
Female,Other,68.2,State,64.0,Information Technology,5.45,1,Yes,4,0,4,1,100,55,4,5,Placed
Male,CBSE,74.4,CBSE,78.9,Electronics,6.29,3,Yes,0,1,2,0,96,55,2,0,Placed
Female,CBSE,68.1,CBSE,68.8,Information Technology,6.71,2,No,0,2,0,0,78,50,0,0,Placed
Female,CBSE,71.9,State,67.8,Electrical,7.27,3,Yes,0,0,6,1,96,76,1,0,Placed
Female,State,65.7,Other,50.3,Computer Science,4.98,1,Yes,2,1,1,0,93,48,0,0,Placed
Male,CBSE,58.4,State,73.8,Electronics,4.09,2,Yes,1,1,1,2,54,39,1,1,Not Placed
Male,CBSE,78.6,ICSE,67.3,Electronics,4.57,1,No,0,2,1,1,63,60,1,0,Not Placed
Male,CBSE,63.6,CBSE,72.6,Mechanical,6.39,2,No,0,1,4,1,92,72,4,0,Placed
Male,CBSE,74.3,CBSE,72.5,Computer Science,5.29,2,Yes,1,0,2,1,95,53,0,3,Placed
Female,State,77.7,State,60.3,Information Technology,4.94,1,Yes,3,3,4,0,100,41,3,0,Placed
Male,ICSE,63.8,CBSE,75.4,Civil,6.21,3,Yes,0,2,2,0,100,79,2,2,Placed
Male,ICSE,55.1,State,58.9,Computer Science,3.52,1,Yes,0,1,2,0,100,51,3,3,Placed
Female,CBSE,99.9,CBSE,99.9,Civil,7.45,4,No,1,0,2,0,78,76,1,1,Placed
Female,CBSE,64.6,ICSE,61.6,Electronics,4.56,1,Yes,0,0,2,1,100,39,0,0,Not Placed
Female,Other,80.7,ICSE,82.6,Mechanical,5.42,2,Yes,0,0,3,0,100,67,1,0,Placed
Male,CBSE,99.2,State,71.8,Mechanical,5.35,2,Yes,2,0,1,0,69,46,0,0,Placed
Male,ICSE,83.1,CBSE,72.3,Computer Science,5.64,2,Yes,0,0,5,0,100,67,3,1,Placed
Male,CBSE,67.8,State,53.1,Electronics,5.47,3,Yes,2,0,1,0,84,58,0,0,Placed
Male,Other,71.1,Other,64.6,Civil,6.58,3,Yes,2,1,3,1,86,55,1,0,Placed
Male,CBSE,60.3,State,64.9,Information Technology,5.69,2,Yes,1,2,4,1,100,64,1,0,Placed
Male,State,84.3,CBSE,72.2,Other,5.56,2,No,1,2,0,0,79,54,0,1,Placed
Male,State,79.9,CBSE,83.6,Information Technology,6.86,2,Yes,1,0,1,1,100,81,1,0,Placed
Male,State,64.8,CBSE,55.0,Computer Science,4.48,1,Yes,0,4,2,1,100,44,1,1,Not Placed
Male,CBSE,57.4,CBSE,66.9,Information Technology,4.99,1,No,0,2,3,2,74,60,2,0,Not Placed
Female,State,53.5,ICSE,68.2,Other,4.35,2,Yes,1,0,3,2,100,78,1,0,Not Placed
Female,State,85.8,ICSE,89.5,Information Technology,6.42,3,Yes,1,0,4,1,100,62,1,3,Placed
Female,CBSE,73.7,CBSE,66.8,Civil,7.11,4,Yes,1,0,2,1,72,51,1,2,Placed
Male,CBSE,75.0,CBSE,50.0,Electrical,4.08,1,Yes,1,2,6,2,72,44,0,0,Not Placed
Male,State,60.5,CBSE,66.2,Information Technology,3.5,2,Yes,3,0,3,2,80,50,1,0,Placed
Male,CBSE,51.5,Other,52.4,Computer Science,4.78,1,Yes,1,0,4,2,100,41,1,2,Not Placed
Female,State,85.5,State,69.3,Mechanical,4.47,1,Yes,1,1,2,0,36,47,0,1,Not Placed
Female,CBSE,72.6,State,63.9,Information Technology,6.01,3,Yes,2,2,1,0,85,51,1,0,Placed
Male,State,84.7,State,92.9,Civil,7.29,4,Yes,0,0,2,0,100,60,1,1,Placed
Female,CBSE,66.6,State,53.6,Information Technology,5.33,2,No,4,1,1,0,81,54,0,0,Placed
Male,State,68.7,CBSE,71.2,Information Technology,6.39,3,Yes,0,0,1,1,75,62,0,0,Placed
Male,CBSE,82.0,CBSE,78.7,Civil,6.08,3,No,1,1,1,2,58,51,2,1,Not Placed
Female,CBSE,82.3,State,73.2,Information Technology,5.25,1,Yes,2,1,1,1,100,50,1,0,Placed
Female,CBSE,83.2,State,83.8,Information Technology,7.18,4,Yes,2,1,2,1,100,69,1,2,Placed
Female,Other,67.9,CBSE,82.2,Information Technology,8.06,4,Yes,1,1,1,0,100,76,0,0,Placed
Female,CBSE,80.6,CBSE,72.5,Information Technology,8.14,4,No,1,0,1,0,100,60,2,2,Placed
Male,State,87.5,CBSE,78.2,Electronics,6.47,3,Yes,3,0,6,0,100,60,1,0,Placed
Female,CBSE,70.5,State,74.1,Civil,6.0,4,Yes,3,0,3,2,60,71,0,0,Placed
Male,CBSE,64.8,State,72.8,Information Technology,6.98,4,Yes,0,0,1,1,100,74,1,1,Placed
Female,State,90.8,Other,81.8,Electronics,8.26,5,Yes,2,0,2,2,100,74,0,1,Placed
Male,State,62.8,CBSE,59.0,Mechanical,4.8,2,Yes,1,0,4,2,78,61,2,0,Not Placed
Female,Other,80.8,CBSE,53.4,Computer Science,5.99,2,Yes,3,1,3,0,58,51,0,2,Placed
Male,Other,71.2,CBSE,60.6,Computer Science,5.1,1,Yes,2,0,2,0,100,50,0,1,Placed
Female,ICSE,46.2,State,38.3,Electrical,4.24,1,Yes,0,3,4,3,47,41,1,0,Not Placed
Male,State,87.8,State,87.7,Mechanical,7.97,4,No,1,2,0,0,80,78,0,0,Placed
Female,State,33.4,State,37.6,Electronics,3.5,1,Yes,1,0,2,3,80,50,3,1,Not Placed
Male,CBSE,44.2,CBSE,45.3,Electronics,4.07,2,Yes,1,1,1,1,76,31,2,2,Not Placed
Male,Other,79.4,State,74.5,Computer Science,7.6,4,Yes,0,4,1,0,100,79,0,1,Placed
Male,State,79.4,ICSE,65.8,Electronics,6.43,4,No,1,1,0,0,80,59,0,0,Placed
Male,State,63.1,Other,77.9,Electronics,7.6,3,No,3,2,2,0,49,56,2,1,Placed
Female,CBSE,74.1,Other,83.6,Electronics,7.8,4,Yes,2,2,4,0,100,79,1,1,Placed
Male,CBSE,36.6,ICSE,58.6,Information Technology,5.3,1,Yes,0,3,2,1,81,49,0,1,Not Placed
Female,Other,81.9,Other,83.3,Computer Science,9.29,5,Yes,1,0,2,0,100,97,2,3,Placed
Male,CBSE,75.5,CBSE,71.3,Computer Science,6.66,3,Yes,1,0,2,0,100,58,1,1,Placed
Male,State,71.4,CBSE,84.7,Other,4.16,1,Yes,3,0,3,2,99,50,2,2,Placed
Female,CBSE,72.3,CBSE,62.4,Information Technology,5.6,2,Yes,1,1,2,0,94,58,0,1,Placed
Female,ICSE,78.9,State,65.5,Information Technology,5.64,3,No,2,1,3,0,100,41,4,0,Placed
Male,CBSE,71.6,Other,62.7,Computer Science,6.69,3,Yes,3,0,2,1,95,73,0,0,Placed
Female,ICSE,45.8,CBSE,54.6,Computer Science,5.04,2,Yes,0,0,3,2,93,63,1,1,Not Placed
Female,CBSE,99.9,State,82.3,Mechanical,7.74,4,Yes,5,2,6,0,100,82,4,0,Placed
Male,ICSE,88.8,State,80.0,Electronics,7.3,5,Yes,0,1,2,0,97,73,2,3,Placed
Female,State,54.0,Other,39.5,Electronics,3.5,2,Yes,1,1,3,4,94,45,1,1,Not Placed
Female,CBSE,67.2,State,70.2,Computer Science,6.34,3,Yes,1,2,3,0,100,66,1,2,Placed
Female,State,68.7,Other,51.4,Mechanical,4.04,1,No,0,1,1,3,55,50,0,0,Not Placed
Male,CBSE,87.1,CBSE,71.0,Computer Science,6.68,3,Yes,1,0,1,2,100,84,0,2,Placed
Female,CBSE,41.8,CBSE,58.5,Computer Science,5.0,2,Yes,0,2,1,3,100,52,0,1,Not Placed
Male,ICSE,65.0,State,75.6,Information Technology,6.78,3,No,0,0,0,1,93,65,0,0,Placed
Male,State,47.4,CBSE,54.3,Information Technology,5.08,2,Yes,0,2,3,1,100,50,0,0,Not Placed
Male,CBSE,68.0,CBSE,68.8,Computer Science,6.23,3,Yes,1,2,2,0,100,51,1,3,Placed
Male,CBSE,65.4,State,58.7,Electronics,7.26,4,No,0,1,3,0,81,65,3,3,Placed
Female,CBSE,73.1,ICSE,62.1,Mechanical,5.11,2,No,1,1,1,0,48,34,0,0,Not Placed
Female,ICSE,63.5,State,59.0,Civil,3.5,1,Yes,1,1,4,0,66,54,0,0,Not Placed
Female,CBSE,61.5,CBSE,46.0,Information Technology,5.7,1,Yes,0,2,2,0,92,65,3,2,Placed
Male,Other,80.7,State,78.0,Computer Science,7.88,4,Yes,0,0,1,0,94,66,1,0,Placed
Male,Other,78.4,CBSE,74.3,Computer Science,4.95,2,No,1,1,1,0,100,47,1,3,Placed
Male,CBSE,79.7,CBSE,65.4,Other,5.02,2,No,1,0,4,0,41,59,2,0,Placed
Female,CBSE,69.5,State,82.8,Electronics,7.37,4,Yes,2,3,2,0,100,58,0,0,Placed
Male,ICSE,64.0,CBSE,69.1,Mechanical,6.36,3,No,1,3,1,0,48,50,0,0,Placed
Female,CBSE,70.3,CBSE,74.6,Computer Science,6.74,3,Yes,0,2,2,1,100,57,0,1,Placed
Female,CBSE,79.0,ICSE,69.4,Electronics,6.13,3,Yes,1,1,2,1,100,66,3,5,Placed
Male,CBSE,41.5,CBSE,46.1,Computer Science,4.05,1,Yes,1,0,1,3,83,46,0,0,Placed
Female,State,77.5,Other,79.4,Electronics,4.6,2,Yes,1,1,2,2,82,58,2,1,Not Placed
Male,ICSE,76.3,State,73.8,Electrical,8.09,5,No,1,2,1,0,85,72,1,2,Placed
Female,CBSE,72.9,Other,85.7,Other,6.1,2,Yes,3,1,4,1,100,73,0,2,Placed
Female,CBSE,69.9,CBSE,65.4,Electronics,6.01,2,Yes,1,1,1,1,100,60,0,0,Placed
Male,Other,36.1,State,37.0,Information Technology,4.06,1,Yes,4,2,4,1,100,56,1,2,Placed
Male,ICSE,65.8,CBSE,70.7,Electrical,6.85,3,Yes,4,0,4,1,93,75,2,0,Placed
Female,State,97.1,ICSE,75.2,Mechanical,6.39,3,Yes,5,2,4,0,89,56,3,1,Placed
Female,ICSE,72.2,CBSE,78.4,Computer Science,7.13,4,Yes,0,1,3,0,100,66,0,1,Placed
Male,State,67.7,CBSE,52.8,Information Technology,3.5,1,Yes,1,0,3,1,100,40,0,1,Not Placed
Female,ICSE,72.2,ICSE,75.5,Computer Science,6.06,4,Yes,1,2,2,1,100,54,1,0,Placed
Female,CBSE,77.0,CBSE,66.3,Information Technology,6.78,3,Yes,2,2,2,0,95,75,1,1,Not Placed
Female,CBSE,81.2,CBSE,80.7,Information Technology,7.63,4,Yes,1,1,4,0,100,81,1,1,Placed
Male,State,68.8,CBSE,75.7,Electronics,5.66,1,Yes,0,1,6,1,100,58,3,0,Placed
Female,State,77.9,State,75.0,Information Technology,5.25,2,Yes,2,2,1,3,100,63,0,0,Not Placed
Female,Other,95.5,CBSE,74.6,Computer Science,6.86,3,Yes,4,3,5,0,98,63,2,0,Placed
Male,CBSE,86.1,State,70.6,Electronics,3.57,1,Yes,2,4,3,2,94,57,0,5,Placed
Male,Other,99.9,CBSE,82.6,Civil,5.64,2,No,0,1,1,0,54,58,1,4,Placed
Female,Other,62.8,State,43.1,Mechanical,5.79,1,No,3,1,4,0,100,32,2,0,Placed
Male,CBSE,95.5,ICSE,97.9,Information Technology,9.46,5,Yes,1,2,5,0,100,76,1,1,Placed
Female,ICSE,60.9,State,61.8,Electrical,5.91,2,Yes,3,1,2,1,97,71,0,1,Placed
Male,State,76.9,State,61.3,Electrical,5.71,2,Yes,2,1,2,2,100,55,2,2,Placed
Male,Other,82.3,CBSE,91.3,Computer Science,6.08,3,Yes,1,1,4,0,100,72,1,0,Placed
Female,State,64.8,CBSE,56.6,Computer Science,4.91,1,Yes,2,1,2,1,100,50,3,1,Placed
Male,State,73.2,CBSE,72.4,Mechanical,5.84,2,Yes,2,0,2,0,76,45,0,0,Placed
Male,State,84.7,State,70.3,Civil,5.22,1,No,1,0,5,0,84,45,1,1,Placed
Male,CBSE,62.1,State,41.4,Other,3.78,1,No,0,1,0,2,65,48,1,2,Not Placed
Female,CBSE,95.4,Other,72.9,Electrical,7.36,5,Yes,1,1,3,0,100,80,0,0,Placed
Male,State,52.6,CBSE,50.0,Electronics,4.36,1,Yes,1,3,2,0,100,33,0,1,Placed
Male,ICSE,99.2,State,98.4,Electronics,7.69,5,No,1,0,1,0,78,89,0,1,Placed
Female,State,86.0,State,83.0,Computer Science,7.96,4,Yes,1,0,1,2,100,71,0,0,Placed
Male,State,70.7,State,69.4,Computer Science,5.13,3,Yes,0,4,1,0,91,58,2,0,Placed
Female,CBSE,66.4,ICSE,44.7,Information Technology,3.95,1,Yes,2,1,1,1,87,41,1,1,Not Placed
Male,State,64.9,CBSE,76.4,Electronics,5.9,1,Yes,1,1,3,0,54,66,1,2,Placed
Female,CBSE,70.1,CBSE,69.8,Electronics,6.19,3,Yes,2,2,3,0,100,71,1,1,Placed
Male,ICSE,71.3,State,67.3,Mechanical,5.46,2,No,0,2,3,2,22,48,0,0,Not Placed
Female,Other,89.6,CBSE,93.5,Computer Science,7.7,4,Yes,0,1,3,0,100,89,0,0,Placed
Male,State,99.6,CBSE,99.9,Electronics,7.5,4,No,0,3,0,0,68,90,0,2,Placed
Male,CBSE,74.8,CBSE,82.6,Computer Science,6.31,4,Yes,0,0,6,2,96,71,2,1,Placed
Male,CBSE,60.2,CBSE,57.7,Information Technology,6.1,3,No,0,1,0,0,90,47,2,0,Placed
Male,State,64.4,State,53.3,Mechanical,4.56,1,Yes,1,2,2,2,100,53,1,1,Not Placed
Male,State,69.4,CBSE,76.9,Mechanical,6.96,2,Yes,2,1,3,0,100,64,1,0,Placed
Male,ICSE,57.6,State,44.5,Other,3.5,1,No,1,3,0,0,44,32,1,2,Not Placed
Female,CBSE,55.5,State,76.1,Computer Science,6.25,2,Yes,1,0,1,0,100,56,1,0,Placed
Male,ICSE,99.9,State,90.2,Information Technology,7.46,4,Yes,1,1,4,0,100,90,2,0,Placed
Male,State,76.2,Other,61.5,Information Technology,5.68,3,Yes,2,1,2,0,100,57,0,1,Not Placed
Female,CBSE,60.3,CBSE,47.9,Information Technology,5.59,2,Yes,0,1,3,1,79,65,4,1,Placed
Female,State,83.4,Other,64.8,Civil,5.12,2,No,1,0,3,0,68,60,1,0,Placed
Male,CBSE,55.5,State,58.0,Mechanical,5.84,3,No,2,0,5,0,59,46,0,0,Placed
Male,State,56.7,ICSE,57.5,Electrical,5.52,1,No,0,4,0,1,100,48,2,0,Not Placed
Male,ICSE,60.8,State,48.2,Computer Science,4.94,2,Yes,1,3,1,2,90,47,0,1,Not Placed
Female,State,95.2,State,82.8,Electrical,5.98,2,Yes,1,0,3,1,82,64,3,0,Placed
Female,ICSE,68.5,ICSE,52.7,Computer Science,6.01,2,Yes,0,1,1,2,100,53,0,0,Not Placed
Male,State,37.8,ICSE,49.2,Electrical,3.81,1,Yes,0,1,3,5,88,54,2,0,Not Placed
Female,CBSE,88.9,CBSE,81.1,Information Technology,7.05,4,Yes,2,2,2,1,100,72,2,3,Placed
Female,State,67.7,CBSE,62.0,Information Technology,5.78,3,Yes,1,1,3,1,100,61,1,0,Placed
Female,State,46.1,State,36.7,Electronics,3.8,1,Yes,0,2,3,2,93,29,1,1,Not Placed
Female,CBSE,67.6,Other,62.7,Electrical,5.18,2,Yes,2,3,4,0,100,37,0,1,Not Placed
Male,CBSE,79.3,CBSE,70.3,Computer Science,5.73,3,Yes,2,1,1,1,100,69,1,1,Placed
Male,State,77.7,State,76.5,Information Technology,5.32,2,Yes,0,0,3,1,100,50,0,1,Placed
Male,CBSE,97.2,State,89.6,Civil,8.39,5,Yes,2,1,2,0,80,77,0,2,Placed
Male,CBSE,60.1,ICSE,68.0,Information Technology,5.78,2,Yes,1,2,2,0,97,59,1,0,Placed
Male,State,72.7,State,64.7,Computer Science,5.99,2,Yes,1,1,1,1,90,61,2,0,Placed
Female,CBSE,62.2,State,43.0,Information Technology,4.47,1,No,1,3,2,3,96,40,0,0,Not Placed
Male,Other,50.4,Other,62.7,Information Technology,6.86,2,Yes,1,3,6,0,100,56,1,1,Placed
Male,CBSE,84.4,State,68.9,Electrical,7.67,4,No,0,1,2,0,100,66,1,1,Not Placed
Male,ICSE,78.5,State,62.8,Mechanical,5.63,2,No,0,1,0,1,49,36,1,1,Not Placed
Female,State,76.0,CBSE,71.6,Electronics,6.11,3,Yes,4,1,4,0,86,66,2,2,Placed
Male,State,78.0,State,76.5,Other,5.36,2,Yes,2,0,2,2,89,65,0,1,Not Placed
Male,CBSE,62.4,CBSE,56.5,Information Technology,4.17,1,No,1,1,2,2,90,51,0,0,Not Placed
Male,Other,57.9,CBSE,53.0,Computer Science,3.75,2,Yes,1,0,4,1,100,46,1,0,Placed
Male,State,72.5,State,65.5,Computer Science,5.44,3,Yes,0,2,2,1,86,67,1,0,Placed
Female,ICSE,88.3,State,95.4,Information Technology,6.12,4,Yes,1,3,1,0,79,80,0,1,Placed
Female,CBSE,94.5,State,85.8,Computer Science,8.45,5,Yes,1,0,2,0,100,91,0,0,Placed
Male,CBSE,83.1,CBSE,67.6,Electrical,6.22,4,Yes,1,1,1,0,70,59,1,1,Placed
Female,State,72.4,State,59.7,Mechanical,5.05,2,Yes,3,1,4,0,100,52,3,2,Placed
Female,CBSE,75.8,State,69.3,Computer Science,7.4,3,Yes,0,2,2,0,72,68,1,0,Placed
Female,State,72.2,State,71.5,Electronics,5.28,2,Yes,2,1,1,2,100,52,2,0,Placed
Male,CBSE,57.6,CBSE,63.0,Mechanical,4.76,1,No,1,0,1,2,64,52,1,1,Not Placed
Male,State,72.3,State,70.5,Electrical,4.29,1,Yes,0,0,4,2,100,53,2,1,Not Placed
Male,Other,53.3,ICSE,46.6,Electrical,5.18,2,Yes,1,0,2,1,100,59,1,1,Placed
Female,State,70.3,CBSE,63.5,Electronics,5.0,3,No,1,3,1,2,93,68,3,0,Placed
Male,ICSE,94.9,CBSE,93.5,Civil,7.39,4,Yes,3,1,2,0,100,79,2,0,Placed
Male,State,83.5,State,66.2,Electronics,6.81,3,Yes,0,4,2,1,100,72,0,2,Placed
Male,State,59.1,State,54.7,Electronics,6.39,3,No,1,1,1,0,100,59,3,1,Placed
Female,Other,71.0,State,74.2,Computer Science,6.7,4,No,5,1,6,2,100,75,0,3,Placed
Male,ICSE,60.3,State,69.0,Computer Science,6.73,4,Yes,1,2,1,1,100,74,1,0,Placed
Female,ICSE,71.1,CBSE,66.4,Electronics,5.1,2,Yes,2,2,1,2,74,68,0,0,Not Placed
Female,CBSE,86.6,CBSE,75.8,Computer Science,8.34,5,Yes,1,0,1,0,100,57,3,0,Placed
Male,State,81.1,CBSE,62.6,Computer Science,5.82,2,Yes,0,0,4,0,100,65,1,1,Placed
Female,CBSE,99.9,CBSE,95.2,Mechanical,7.66,3,Yes,3,0,3,0,84,75,4,2,Placed
Male,State,88.7,State,94.7,Computer Science,7.69,4,Yes,1,2,4,0,100,83,1,0,Placed
Female,State,74.9,CBSE,96.8,Electronics,8.97,4,Yes,5,2,5,0,100,91,0,0,Placed
Male,ICSE,81.5,Other,80.0,Electronics,6.98,3,Yes,1,0,5,0,100,62,2,1,Placed
Female,ICSE,69.2,ICSE,66.4,Other,6.4,3,Yes,1,0,1,0,73,44,2,1,Placed
Female,State,56.2,ICSE,48.0,Information Technology,5.24,1,No,0,1,0,0,86,53,0,2,Not Placed
Female,CBSE,90.3,Other,63.9,Computer Science,5.86,1,No,1,1,2,0,99,55,0,1,Placed
Female,ICSE,86.1,State,81.3,Electronics,7.72,4,No,2,1,2,1,67,79,0,0,Placed
Male,CBSE,68.6,ICSE,90.0,Civil,7.46,5,Yes,4,5,4,0,84,73,0,1,Placed
Female,State,75.8,CBSE,84.6,Other,6.03,3,Yes,0,2,3,0,84,73,0,1,Placed
Female,CBSE,89.4,CBSE,93.2,Information Technology,6.97,4,Yes,1,0,3,0,100,78,0,2,Placed
Female,CBSE,83.8,ICSE,80.3,Information Technology,7.15,4,Yes,1,0,5,0,93,57,3,0,Placed
Male,Other,51.5,CBSE,57.2,Electrical,5.98,1,Yes,1,1,5,1,100,58,2,1,Placed
Female,CBSE,75.4,Other,47.3,Computer Science,6.45,3,Yes,0,0,1,0,100,58,0,0,Placed
Female,State,69.7,State,74.9,Electronics,4.87,1,Yes,0,2,2,0,89,53,0,1,Placed
Female,CBSE,87.6,ICSE,74.9,Information Technology,6.69,3,No,0,1,1,0,81,71,4,0,Placed
Male,Other,86.4,CBSE,72.8,Computer Science,7.07,5,Yes,2,1,2,0,95,60,1,0,Placed
Female,ICSE,90.5,State,79.6,Information Technology,7.24,4,Yes,1,1,1,0,100,87,1,1,Placed
Male,CBSE,56.3,CBSE,53.7,Computer Science,6.3,3,Yes,2,0,2,3,100,45,1,0,Placed
Female,CBSE,61.0,ICSE,53.6,Mechanical,5.47,2,No,0,1,5,2,100,40,1,0,Not Placed
Male,State,87.6,CBSE,80.8,Electrical,5.82,3,Yes,2,2,1,1,100,70,2,0,Placed
Female,CBSE,63.7,State,57.2,Computer Science,4.7,2,No,0,2,3,0,83,71,1,0,Placed
Female,State,50.7,CBSE,54.0,Civil,5.09,2,Yes,0,0,1,0,64,43,0,3,Not Placed
Male,CBSE,79.5,CBSE,59.8,Computer Science,6.68,3,No,1,1,2,0,74,65,2,1,Placed
Female,CBSE,64.3,State,61.1,Electronics,5.7,2,Yes,1,1,2,0,98,68,1,0,Placed
Male,State,97.1,CBSE,76.9,Computer Science,5.48,2,Yes,0,2,2,5,85,58,1,1,Not Placed
Female,CBSE,76.1,State,65.7,Electrical,4.78,1,No,3,1,4,0,59,45,2,0,Placed
Female,ICSE,74.2,CBSE,72.1,Mechanical,6.71,2,No,1,2,5,0,70,77,3,1,Placed
Female,CBSE,66.8,CBSE,49.1,Mechanical,4.28,2,No,0,0,1,3,52,46,0,0,Not Placed
Female,CBSE,94.3,State,77.5,Civil,6.44,3,Yes,1,1,3,0,78,70,2,0,Placed
Female,Other,77.0,CBSE,78.4,Electronics,7.65,5,Yes,2,2,3,0,77,59,2,4,Placed
Male,State,66.3,CBSE,50.6,Other,3.61,1,Yes,2,2,1,5,74,45,1,0,Not Placed
Male,State,60.9,ICSE,78.5,Mechanical,6.13,3,Yes,3,0,2,0,85,74,1,0,Placed
Female,CBSE,71.0,CBSE,80.3,Electrical,6.2,3,Yes,1,1,3,1,100,71,0,1,Placed
Female,State,58.3,CBSE,53.8,Electronics,5.42,2,Yes,0,0,2,0,73,57,1,0,Placed
Female,State,86.4,CBSE,71.9,Computer Science,7.27,3,No,2,2,1,0,100,86,0,1,Placed
Female,CBSE,46.7,State,52.0,Electronics,3.65,1,Yes,1,2,6,0,100,49,2,3,Placed
Male,ICSE,70.0,State,53.0,Computer Science,5.34,2,Yes,2,0,1,1,77,63,1,0,Placed
Female,State,80.5,CBSE,55.4,Electronics,5.98,2,Yes,0,1,1,0,74,63,0,0,Placed
Male,CBSE,76.8,ICSE,68.0,Information Technology,4.55,1,Yes,3,1,5,0,90,47,2,1,Placed
Male,State,62.0,CBSE,60.2,Electronics,5.46,2,No,1,0,1,1,85,57,1,0,Not Placed
Male,State,81.2,State,76.8,Computer Science,5.8,2,Yes,1,3,3,0,100,69,0,1,Placed
Male,CBSE,59.6,CBSE,53.6,Computer Science,4.81,1,No,0,0,0,2,100,28,3,0,Not Placed
Male,State,71.7,State,81.5,Information Technology,4.84,1,No,2,1,4,2,97,61,2,1,Placed
Male,CBSE,81.1,Other,60.9,Other,6.61,4,No,0,1,0,0,100,75,3,1,Placed
Female,State,78.5,State,62.5,Information Technology,5.54,2,Yes,2,2,1,0,100,48,1,0,Placed
Male,ICSE,62.5,Other,66.7,Information Technology,5.41,2,Yes,0,0,1,2,100,47,2,0,Not Placed
Male,State,88.8,CBSE,70.0,Mechanical,6.25,4,Yes,2,1,2,0,91,66,0,0,Placed
Male,Other,73.2,CBSE,57.9,Electronics,4.43,1,Yes,1,0,4,0,91,38,0,0,Placed
Male,CBSE,82.4,CBSE,78.0,Information Technology,5.85,1,Yes,1,2,1,2,100,75,1,1,Placed
Male,State,93.4,CBSE,74.5,Information Technology,8.0,4,Yes,1,0,1,0,100,69,0,2,Placed
Male,ICSE,87.6,CBSE,79.4,Computer Science,8.69,4,Yes,1,2,2,0,100,86,2,1,Placed
Female,State,87.7,CBSE,73.8,Other,5.66,1,Yes,2,1,6,0,100,52,1,2,Placed
Female,State,74.7,State,62.4,Computer Science,6.92,3,Yes,4,0,2,2,100,85,1,1,Placed
Female,CBSE,83.1,CBSE,56.3,Information Technology,5.78,3,Yes,2,0,2,0,100,79,1,0,Placed
Male,CBSE,75.0,CBSE,72.6,Computer Science,5.35,3,Yes,0,0,3,1,100,70,2,1,Placed
Male,CBSE,55.1,CBSE,43.9,Computer Science,3.92,1,Yes,3,3,5,0,100,36,1,1,Placed
Female,Other,76.2,ICSE,70.5,Civil,7.28,5,No,2,1,2,0,78,67,2,0,Placed
Male,CBSE,75.6,CBSE,66.6,Computer Science,4.94,1,Yes,0,3,1,0,94,35,1,0,Placed
Male,ICSE,80.2,State,73.1,Computer Science,8.7,5,Yes,2,0,2,0,100,91,0,2,Placed
Male,State,70.2,State,66.2,Information Technology,5.59,2,Yes,1,0,1,1,73,58,0,4,Placed
Male,CBSE,61.3,State,62.9,Computer Science,7.41,4,Yes,1,3,3,1,64,64,1,0,Placed
Male,State,81.2,CBSE,68.6,Computer Science,6.08,2,Yes,2,2,1,1,95,53,1,1,Placed
Male,ICSE,53.6,CBSE,67.6,Civil,6.41,3,No,0,2,0,0,78,72,3,0,Placed
Female,ICSE,92.4,State,65.8,Civil,6.83,3,Yes,1,3,2,0,100,71,1,0,Placed
Male,CBSE,68.8,CBSE,64.3,Electrical,6.88,2,Yes,2,5,5,0,86,64,1,2,Placed
Female,CBSE,75.4,CBSE,79.9,Civil,5.97,2,No,3,0,3,1,45,65,0,1,Placed
Female,CBSE,79.8,CBSE,79.6,Mechanical,5.8,2,Yes,0,0,1,1,70,81,1,1,Placed
Female,CBSE,80.3,ICSE,65.5,Computer Science,6.08,2,Yes,0,0,2,0,96,52,0,1,Placed
Female,State,52.3,State,46.1,Civil,3.5,1,No,1,2,0,2,61,25,0,0,Not Placed
Female,ICSE,83.5,State,67.6,Civil,5.91,2,No,2,1,1,0,71,51,2,2,Placed
Male,CBSE,76.2,State,78.1,Civil,5.64,3,Yes,3,1,4,1,100,74,3,0,Placed
Male,State,63.1,ICSE,54.9,Electronics,6.14,4,Yes,0,2,3,0,93,60,0,2,Placed
Male,State,61.5,State,63.7,Computer Science,5.53,2,Yes,1,1,4,0,89,49,3,0,Placed
Female,CBSE,67.3,State,68.1,Civil,4.16,1,No,0,0,4,1,77,55,2,2,Not Placed
Female,CBSE,53.8,Other,79.0,Mechanical,7.8,5,No,2,1,1,0,58,66,0,0,Placed
Male,State,96.1,State,90.2,Other,7.43,4,No,0,0,3,0,63,75,0,1,Placed
Female,ICSE,92.8,CBSE,76.5,Computer Science,6.9,3,Yes,3,1,4,0,100,74,4,0,Placed
Male,State,78.3,CBSE,59.1,Computer Science,6.73,3,Yes,1,0,2,0,100,57,4,0,Not Placed
Female,CBSE,68.9,ICSE,63.9,Computer Science,6.84,4,Yes,2,0,5,0,100,47,2,0,Placed
Male,CBSE,69.2,ICSE,65.7,Civil,4.88,2,Yes,0,2,5,2,100,57,1,1,Placed
Male,CBSE,82.6,State,54.8,Computer Science,5.06,2,Yes,1,4,4,1,100,50,2,0,Placed
Male,State,96.6,State,80.3,Computer Science,6.12,4,Yes,1,4,1,0,100,60,1,0,Placed
Male,ICSE,64.0,State,66.0,Other,4.37,1,No,0,0,0,1,48,50,0,0,Not Placed
Male,CBSE,56.4,State,52.0,Computer Science,5.8,3,Yes,0,2,5,0,80,60,1,0,Placed
Male,ICSE,93.7,State,95.0,Civil,7.83,4,No,0,1,1,0,60,55,1,2,Placed
Female,State,47.0,CBSE,34.7,Information Technology,4.74,1,Yes,0,2,4,3,100,46,1,1,Not Placed
Male,State,57.9,Other,65.2,Civil,6.69,3,Yes,1,2,3,0,71,61,0,0,Placed
Male,Other,68.5,ICSE,75.5,Electronics,7.2,4,Yes,1,5,3,0,100,67,0,1,Placed
Female,CBSE,50.2,State,62.2,Electrical,6.27,4,Yes,1,0,1,0,58,64,0,2,Placed
Female,Other,87.6,CBSE,65.0,Electrical,3.8,2,Yes,2,2,2,2,100,30,2,0,Not Placed
Male,CBSE,84.0,CBSE,81.1,Computer Science,6.9,3,No,0,2,3,0,92,40,2,0,Placed
Male,CBSE,64.0,State,56.3,Computer Science,6.43,2,Yes,0,0,2,3,100,44,1,0,Not Placed
Male,ICSE,89.9,State,68.4,Computer Science,5.29,2,No,2,1,2,1,100,65,1,0,Placed
Male,Other,92.3,State,80.1,Mechanical,6.69,3,Yes,1,0,3,0,70,62,1,0,Placed
Female,State,70.4,CBSE,58.8,Electrical,5.74,2,Yes,0,3,1,1,62,52,0,1,Not Placed
Male,State,65.7,State,73.5,Information Technology,6.98,3,No,0,2,0,3,80,84,1,0,Placed
Male,State,99.9,ICSE,95.1,Electronics,8.11,5,Yes,0,1,3,0,100,85,1,0,Placed
Female,ICSE,82.1,CBSE,65.1,Computer Science,6.67,2,Yes,0,1,1,0,100,74,0,1,Placed
Male,CBSE,75.6,State,64.5,Civil,5.66,1,Yes,2,0,2,0,100,58,2,1,Placed
Female,ICSE,91.1,ICSE,79.5,Other,5.25,2,No,0,2,4,0,82,38,1,0,Placed
Male,State,76.2,State,71.4,Computer Science,7.0,5,Yes,4,0,4,1,100,66,0,1,Placed
Female,State,64.9,State,73.7,Information Technology,6.85,2,Yes,2,1,5,0,100,59,5,2,Placed
Male,State,73.1,State,76.7,Computer Science,5.58,2,Yes,2,2,2,2,100,54,0,0,Placed
Female,State,86.5,Other,80.4,Electronics,8.07,5,Yes,1,1,3,0,100,80,2,2,Placed
Female,Other,44.1,CBSE,45.5,Electronics,5.04,2,Yes,1,1,2,2,100,27,0,0,Not Placed
Male,State,68.0,State,48.3,Computer Science,3.8,1,Yes,1,0,1,0,100,36,1,5,Placed
Female,Other,91.4,CBSE,96.5,Information Technology,7.34,4,Yes,1,0,6,0,100,73,1,1,Placed
Female,CBSE,64.8,CBSE,59.1,Information Technology,5.13,2,Yes,3,1,2,0,100,60,1,1,Not Placed
Female,State,93.6,CBSE,99.9,Electronics,7.59,5,Yes,1,0,1,0,100,100,2,0,Placed
Female,ICSE,91.8,CBSE,85.8,Electronics,7.44,4,No,1,1,3,2,100,54,0,0,Placed
Female,State,71.1,Other,88.6,Computer Science,6.78,3,Yes,2,1,4,0,86,72,1,3,Placed
Male,State,64.0,Other,69.1,Mechanical,6.91,4,Yes,2,1,6,0,86,62,1,4,Placed
Male,State,68.0,CBSE,51.7,Mechanical,5.7,2,No,1,1,0,3,49,53,0,0,Not Placed
Female,ICSE,99.9,State,83.8,Information Technology,7.8,5,Yes,2,1,1,0,89,100,1,0,Placed
Male,ICSE,98.2,State,87.0,Computer Science,7.59,4,Yes,4,1,3,0,100,62,0,0,Placed
Female,CBSE,73.8,ICSE,61.6,Mechanical,6.25,4,Yes,0,0,3,0,98,55,0,3,Placed
Female,ICSE,63.5,State,58.9,Other,4.98,1,Yes,0,0,1,2,97,66,0,2,Not Placed
Male,State,73.6,CBSE,56.5,Computer Science,4.92,2,No,0,2,0,1,88,55,5,0,Placed
Male,CBSE,75.4,ICSE,71.6,Information Technology,7.53,3,Yes,1,1,3,0,100,79,1,0,Placed
Female,ICSE,54.6,State,58.3,Computer Science,5.98,3,No,0,1,2,0,77,52,0,3,Placed
Male,State,73.1,State,59.8,Electronics,4.87,1,No,0,1,0,1,24,56,0,0,Not Placed
Female,ICSE,90.5,Other,99.9,Computer Science,8.02,5,Yes,1,0,5,0,100,91,0,2,Placed
Male,CBSE,46.8,Other,50.7,Information Technology,4.43,1,Yes,2,0,1,2,100,51,1,0,Not Placed
Female,CBSE,83.6,State,69.5,Mechanical,7.74,4,Yes,2,1,4,0,100,91,2,0,Placed
Male,State,91.2,State,67.1,Electronics,5.97,2,Yes,3,1,6,1,100,64,0,0,Placed
Female,CBSE,64.2,Other,63.7,Information Technology,6.08,2,No,0,1,1,1,93,64,1,1,Placed
Male,ICSE,95.7,CBSE,84.2,Information Technology,7.92,5,Yes,2,0,2,0,100,72,3,0,Placed
Female,CBSE,62.3,CBSE,69.6,Electronics,5.03,2,Yes,1,0,1,1,78,59,0,0,Not Placed
Male,State,78.2,CBSE,72.2,Computer Science,7.58,4,Yes,1,1,4,1,100,74,1,1,Placed
Female,CBSE,67.7,ICSE,53.8,Computer Science,4.85,2,Yes,0,1,1,1,70,55,2,1,Not Placed
Female,CBSE,67.7,State,82.5,Electrical,8.46,5,Yes,0,3,3,0,100,83,1,2,Placed
Male,ICSE,63.4,CBSE,66.9,Computer Science,5.97,3,Yes,3,0,4,1,100,65,2,1,Placed
Male,CBSE,81.8,Other,73.8,Mechanical,7.13,4,Yes,3,5,2,0,86,64,3,1,Placed
Male,State,83.9,State,79.6,Electrical,4.38,1,No,0,4,5,2,98,63,3,0,Not Placed
Female,Other,71.1,ICSE,73.1,Computer Science,5.59,2,Yes,4,1,5,3,100,63,1,1,Placed
Female,State,53.0,CBSE,40.5,Information Technology,4.17,1,Yes,0,2,1,0,100,40,2,2,Placed
Male,ICSE,77.6,State,74.8,Electronics,4.63,2,Yes,1,3,2,1,100,48,0,1,Placed
Male,CBSE,77.9,State,68.9,Electrical,6.47,3,No,2,0,1,0,74,71,0,0,Placed
Male,CBSE,69.0,State,71.8,Electrical,6.4,2,Yes,1,0,4,1,100,73,3,1,Placed
Female,ICSE,98.1,State,81.2,Mechanical,5.79,2,No,0,0,0,1,63,60,1,0,Not Placed
Male,State,50.1,ICSE,46.5,Computer Science,4.91,1,Yes,0,1,6,2,100,36,1,1,Placed
Female,State,41.0,CBSE,62.4,Mechanical,6.18,3,Yes,1,0,1,0,74,74,0,0,Placed
Male,State,61.8,ICSE,73.7,Information Technology,4.7,1,Yes,1,3,1,2,100,69,2,2,Placed
Female,State,81.9,CBSE,43.5,Information Technology,3.5,1,Yes,1,1,3,0,97,64,3,0,Placed
Male,CBSE,57.2,CBSE,69.5,Computer Science,6.12,2,Yes,4,3,2,1,100,44,2,0,Placed
Male,ICSE,58.3,CBSE,58.0,Computer Science,5.69,3,Yes,0,0,4,1,100,54,0,0,Placed
Female,State,85.3,CBSE,71.9,Civil,5.92,2,No,0,1,0,1,59,51,0,1,Not Placed
Female,State,78.5,CBSE,63.8,Information Technology,6.75,2,No,2,1,5,0,98,46,1,0,Placed
Female,ICSE,77.3,ICSE,63.5,Information Technology,6.36,4,Yes,0,1,4,1,100,63,3,0,Placed
Male,CBSE,82.9,State,70.4,Information Technology,7.0,4,Yes,1,3,4,0,100,70,1,1,Placed
Male,CBSE,66.0,State,53.2,Civil,3.51,1,No,4,1,2,1,74,40,0,3,Not Placed
Female,ICSE,66.7,State,51.5,Mechanical,4.88,1,Yes,3,0,3,1,90,33,3,1,Placed
Female,ICSE,83.3,CBSE,67.1,Computer Science,5.99,1,Yes,1,4,2,0,55,64,2,0,Placed
Male,State,53.2,CBSE,58.1,Computer Science,6.99,3,Yes,2,1,6,2,100,52,1,0,Placed
Male,CBSE,42.0,State,47.0,Computer Science,5.11,1,Yes,3,0,2,1,100,61,1,0,Placed
Male,CBSE,65.9,State,70.0,Electrical,5.4,2,No,1,1,1,1,98,68,1,1,Placed
Female,State,85.0,ICSE,78.1,Electronics,7.44,5,Yes,1,1,6,1,100,76,2,0,Placed
Male,CBSE,75.6,State,58.6,Electronics,5.92,1,Yes,0,1,2,0,89,53,0,1,Not Placed
Male,ICSE,84.0,State,82.9,Electronics,6.25,3,Yes,0,1,2,0,77,67,2,2,Placed
Male,Other,43.8,State,37.8,Information Technology,3.94,1,Yes,1,1,3,2,100,35,1,1,Not Placed
Male,ICSE,76.4,Other,78.8,Civil,6.12,4,No,2,0,4,5,100,72,0,1,Not Placed
Male,CBSE,81.2,CBSE,64.2,Electronics,6.88,2,Yes,1,0,2,0,100,79,2,3,Placed
Male,ICSE,53.1,State,48.0,Computer Science,5.2,3,Yes,1,2,5,0,100,64,4,0,Placed
Male,CBSE,84.1,State,74.5,Computer Science,7.4,4,No,0,1,1,0,72,69,0,1,Placed
Female,CBSE,70.4,Other,74.5,Electronics,6.0,3,Yes,1,0,4,0,95,77,0,1,Placed
Male,CBSE,99.9,CBSE,91.7,Electrical,7.71,4,Yes,1,0,1,0,100,81,0,0,Placed
Male,CBSE,41.5,State,46.3,Information Technology,5.98,2,Yes,0,3,1,0,63,29,0,4,Placed
Female,Other,91.2,CBSE,99.9,Civil,7.47,5,Yes,2,2,4,0,85,91,3,1,Placed
Female,CBSE,66.5,State,46.5,Mechanical,4.53,1,Yes,1,1,2,4,100,49,4,0,Not Placed
Male,CBSE,49.4,CBSE,41.7,Computer Science,3.5,1,No,0,0,1,4,76,43,4,1,Not Placed
Male,Other,64.6,CBSE,52.6,Computer Science,4.63,1,Yes,0,1,2,0,100,45,0,0,Placed
Male,CBSE,75.9,State,54.2,Computer Science,5.12,2,No,0,0,2,2,90,65,0,0,Not Placed
Female,ICSE,86.5,CBSE,72.7,Mechanical,5.17,3,Yes,3,1,2,2,100,51,0,0,Placed
Female,CBSE,96.1,CBSE,94.0,Computer Science,9.2,5,Yes,1,2,1,0,100,99,2,0,Placed
Female,CBSE,91.9,CBSE,78.0,Information Technology,6.12,4,Yes,2,1,2,0,77,53,0,1,Placed
Female,Other,58.5,CBSE,55.5,Electronics,5.92,1,No,1,0,0,0,94,59,4,1,Placed
Female,CBSE,87.8,Other,63.6,Mechanical,5.7,3,Yes,0,1,3,0,70,70,1,1,Placed
Male,State,77.5,State,65.2,Computer Science,6.17,2,No,0,2,3,1,71,74,1,1,Placed
Male,CBSE,62.8,ICSE,57.5,Information Technology,6.88,3,No,1,1,2,0,100,72,1,0,Placed
Female,CBSE,69.0,State,73.2,Information Technology,4.52,1,Yes,2,2,2,2,100,66,0,0,Not Placed
Female,CBSE,62.1,Other,44.8,Electronics,4.34,1,Yes,1,0,3,1,88,54,2,0,Not Placed
Male,CBSE,72.5,State,64.8,Civil,4.54,1,Yes,0,2,1,1,100,48,0,0,Not Placed
Female,CBSE,61.8,State,72.2,Computer Science,4.83,1,No,1,1,4,0,100,61,2,2,Placed
Male,ICSE,57.6,State,53.7,Civil,3.72,1,Yes,1,1,3,0,70,45,4,1,Placed
Male,State,78.7,State,52.9,Mechanical,4.85,1,No,0,1,1,2,68,59,0,3,Not Placed
Male,CBSE,80.8,State,88.4,Electronics,6.69,4,Yes,1,1,2,1,97,83,2,0,Placed
Male,State,69.4,CBSE,74.4,Mechanical,7.04,4,Yes,3,1,4,0,85,68,0,1,Placed
Female,Other,91.1,CBSE,92.0,Information Technology,7.59,3,Yes,1,0,3,0,100,76,2,0,Placed
Male,Other,68.4,State,48.9,Computer Science,4.79,2,Yes,1,0,1,2,100,60,0,1,Not Placed
Female,State,67.8,State,81.0,Mechanical,6.38,3,No,1,5,1,0,54,62,1,2,Placed
Female,ICSE,81.2,CBSE,68.2,Electronics,5.94,2,No,0,1,2,1,97,72,2,1,Placed
Female,CBSE,70.1,CBSE,62.5,Electronics,5.29,2,No,2,0,1,1,43,53,1,1,Not Placed
Male,CBSE,73.2,State,62.9,Information Technology,5.12,3,Yes,2,3,2,1,100,50,2,1,Placed
Male,State,36.7,ICSE,52.0,Electrical,5.72,2,Yes,2,0,1,0,80,50,0,1,Placed
Male,State,72.2,CBSE,67.4,Electronics,5.42,2,No,0,1,0,3,100,30,1,0,Not Placed
Female,State,46.4,CBSE,54.6,Computer Science,5.1,1,Yes,3,0,3,0,80,50,1,0,Placed
Female,State,54.9,ICSE,56.9,Information Technology,5.88,1,Yes,0,4,3,0,100,64,5,0,Placed
Male,Other,53.3,State,54.0,Mechanical,5.2,1,Yes,0,1,1,0,66,76,2,1,Placed
Female,ICSE,57.4,CBSE,48.6,Civil,3.65,1,Yes,0,2,3,5,72,34,1,0,Not Placed
Male,State,64.3,ICSE,81.3,Information Technology,7.76,3,Yes,4,1,4,0,100,72,1,0,Placed
Female,State,65.2,State,49.3,Electrical,5.14,1,Yes,1,0,2,2,97,44,0,2,Placed
Male,CBSE,81.3,State,80.1,Computer Science,7.27,3,Yes,3,1,6,0,100,64,2,2,Placed
Female,CBSE,75.1,Other,75.1,Information Technology,6.29,4,Yes,0,1,4,0,85,70,0,0,Placed
Male,CBSE,45.4,Other,60.6,Electrical,5.02,2,No,2,5,2,1,90,49,1,1,Placed
Female,State,73.2,CBSE,83.8,Electrical,6.72,3,Yes,1,2,3,1,74,61,1,1,Placed
Female,CBSE,76.5,CBSE,71.0,Mechanical,4.91,1,Yes,0,2,1,2,81,59,0,0,Not Placed
Female,ICSE,67.4,CBSE,70.9,Civil,5.87,2,Yes,5,0,6,0,100,67,0,2,Placed
Male,CBSE,71.1,CBSE,86.0,Computer Science,8.29,5,No,0,1,3,0,90,72,0,1,Placed
Male,State,74.7,CBSE,70.4,Civil,6.66,2,No,1,1,2,0,69,74,0,3,Placed
Male,CBSE,82.7,CBSE,66.4,Information Technology,5.77,1,Yes,2,1,1,0,91,76,0,1,Placed
Male,CBSE,50.0,Other,48.7,Computer Science,6.02,3,Yes,2,2,3,0,100,63,2,1,Not Placed
Male,ICSE,68.6,ICSE,53.4,Computer Science,7.09,4,Yes,1,2,1,0,100,68,1,0,Placed
Female,State,93.1,State,88.5,Information Technology,7.27,4,No,1,2,0,0,100,52,0,0,Placed
Female,Other,91.8,State,94.5,Computer Science,8.66,5,Yes,1,0,3,0,100,76,2,0,Placed
Male,Other,83.9,CBSE,76.7,Information Technology,4.75,1,No,0,2,4,5,100,43,2,1,Not Placed
Male,CBSE,79.5,CBSE,58.4,Computer Science,4.56,1,Yes,0,1,1,1,88,59,1,2,Not Placed
Male,CBSE,95.2,CBSE,96.6,Information Technology,8.16,5,Yes,1,1,1,0,100,92,0,1,Placed
Female,ICSE,98.8,ICSE,71.3,Electronics,5.33,2,Yes,0,1,1,2,100,63,0,0,Not Placed
Male,Other,70.2,CBSE,52.2,Information Technology,7.03,4,No,0,3,5,0,100,60,2,1,Placed
Female,State,58.4,ICSE,57.0,Information Technology,6.04,3,Yes,0,1,3,0,100,56,0,1,Placed
Male,ICSE,68.2,State,68.7,Mechanical,6.73,3,Yes,0,0,3,0,100,100,0,1,Placed
Female,ICSE,99.9,CBSE,94.1,Electrical,7.54,4,No,0,1,1,0,71,83,0,0,Not Placed
Female,CBSE,50.0,CBSE,51.8,Mechanical,3.86,2,Yes,1,3,2,1,53,40,0,1,Not Placed
Male,State,65.4,State,81.7,Information Technology,6.64,4,Yes,0,2,2,1,100,74,0,1,Placed
Female,ICSE,52.2,Other,54.8,Mechanical,5.19,2,Yes,2,0,1,0,67,38,1,1,Placed
Male,State,73.7,State,80.6,Computer Science,6.56,2,Yes,2,2,4,1,100,74,3,1,Placed
Female,CBSE,55.2,CBSE,64.3,Computer Science,6.68,4,Yes,1,0,2,2,85,60,3,0,Placed
Male,CBSE,70.5,State,54.9,Information Technology,6.01,2,Yes,0,1,1,0,96,62,0,0,Placed
Female,CBSE,44.7,CBSE,46.8,Civil,4.35,1,Yes,1,1,3,2,100,36,3,2,Not Placed
Female,CBSE,80.6,Other,96.7,Computer Science,6.54,3,Yes,3,1,2,0,100,91,0,1,Placed
Female,Other,89.1,State,76.8,Computer Science,8.44,5,Yes,2,0,2,0,94,68,2,1,Placed
Female,CBSE,66.6,State,58.2,Computer Science,5.49,2,No,0,2,0,2,69,50,1,0,Not Placed
Male,CBSE,70.1,State,69.3,Civil,8.24,5,No,1,2,2,0,47,59,0,4,Placed
Male,CBSE,69.7,State,62.6,Electronics,6.26,3,No,1,1,1,0,86,53,0,0,Placed
Male,State,74.5,CBSE,62.9,Computer Science,5.8,2,No,4,0,2,1,97,57,0,2,Placed
Male,State,71.5,CBSE,63.8,Electronics,6.15,3,No,2,0,2,1,87,60,2,0,Placed
Female,CBSE,82.8,CBSE,91.4,Electronics,5.72,1,No,1,0,2,0,73,62,1,0,Placed
Male,CBSE,89.3,Other,80.6,Mechanical,7.56,4,No,1,0,1,0,86,78,2,0,Placed
Female,CBSE,60.6,State,47.2,Computer Science,7.28,4,Yes,0,2,1,1,100,86,0,1,Placed
Female,State,67.7,CBSE,50.7,Civil,3.5,2,No,1,1,4,0,86,39,0,0,Not Placed
Female,CBSE,84.6,ICSE,99.9,Information Technology,8.03,4,No,1,0,0,0,75,75,0,1,Placed
Male,Other,52.1,CBSE,51.8,Mechanical,4.67,1,No,0,0,2,0,83,62,0,2,Not Placed
Female,State,44.4,CBSE,52.6,Computer Science,6.11,3,Yes,0,3,5,0,100,48,2,1,Placed
Female,CBSE,75.2,CBSE,63.7,Information Technology,7.84,4,Yes,1,1,2,0,100,87,1,1,Placed
Male,State,78.9,State,77.4,Information Technology,7.18,4,No,2,1,0,0,86,51,0,0,Placed
Female,CBSE,61.9,State,76.0,Electronics,8.47,5,Yes,2,1,1,0,100,87,0,0,Placed
Female,State,63.9,State,56.4,Computer Science,5.72,1,Yes,1,0,2,0,95,47,0,0,Placed
Male,CBSE,61.4,State,65.6,Civil,5.97,2,No,0,4,1,0,100,51,2,0,Placed
Male,State,59.9,CBSE,45.9,Computer Science,5.18,1,Yes,0,0,2,1,100,54,1,0,Not Placed
Male,ICSE,81.7,ICSE,96.5,Mechanical,8.77,5,Yes,2,2,3,0,100,94,1,2,Placed
Male,Other,55.5,CBSE,59.3,Civil,4.77,1,Yes,1,0,5,2,100,59,3,0,Not Placed
Male,CBSE,68.3,ICSE,62.1,Electronics,6.37,3,Yes,0,1,2,0,100,55,1,0,Placed
Male,CBSE,59.3,State,56.5,Mechanical,3.96,1,Yes,1,3,3,0,100,55,2,1,Placed
Male,State,51.6,State,48.6,Mechanical,4.3,1,No,1,2,0,1,77,36,1,0,Not Placed
Male,Other,84.2,State,73.6,Information Technology,6.01,2,No,0,1,1,1,100,61,0,1,Placed
Female,Other,64.7,State,39.1,Civil,3.92,1,Yes,1,1,1,0,85,34,0,2,Not Placed
Male,CBSE,74.6,CBSE,70.0,Information Technology,6.07,2,Yes,0,0,3,2,100,61,2,0,Placed
Female,CBSE,50.9,ICSE,51.8,Electronics,5.99,2,No,0,4,4,0,100,51,5,0,Placed
Male,State,61.6,CBSE,66.1,Mechanical,4.91,1,Yes,2,2,4,0,74,55,3,0,Placed
Male,CBSE,82.6,CBSE,71.7,Information Technology,4.9,1,Yes,1,1,2,3,100,43,3,3,Not Placed
Male,CBSE,99.9,State,82.2,Information Technology,5.92,1,Yes,0,0,1,0,100,71,0,1,Placed
Male,CBSE,44.3,State,48.1,Information Technology,5.82,2,Yes,3,0,2,0,95,49,2,0,Placed
Male,State,69.2,CBSE,50.8,Civil,3.73,1,Yes,1,2,2,0,96,33,1,1,Not Placed
Female,Other,77.8,Other,74.8,Electrical,6.67,3,No,1,1,0,0,75,75,0,0,Placed
Male,Other,63.4,Other,43.9,Electronics,4.19,1,Yes,1,1,1,1,65,60,0,1,Not Placed
Female,CBSE,83.9,State,89.1,Mechanical,7.93,4,Yes,1,3,1,2,80,82,3,1,Placed
Female,State,59.9,State,66.8,Electrical,5.58,2,Yes,1,0,1,1,100,61,0,1,Placed
Male,ICSE,74.2,State,61.4,Computer Science,8.38,5,Yes,1,0,1,0,96,68,1,0,Placed
Male,CBSE,64.7,CBSE,70.1,Computer Science,8.16,5,Yes,3,1,4,0,100,61,2,1,Placed
Female,State,89.1,State,82.9,Mechanical,6.5,4,Yes,0,0,3,0,100,74,0,2,Placed
Male,State,62.5,Other,51.8,Civil,4.26,2,Yes,1,1,5,1,66,29,2,3,Placed
Male,CBSE,67.1,Other,45.1,Civil,7.05,5,Yes,3,1,3,0,100,65,0,1,Placed
Female,State,85.2,Other,82.1,Information Technology,6.17,4,Yes,0,0,2,0,73,47,2,0,Placed
Male,CBSE,57.6,CBSE,50.3,Computer Science,5.12,1,Yes,2,0,1,1,100,53,1,0,Placed
Female,State,73.0,CBSE,80.7,Information Technology,7.07,4,Yes,0,0,1,0,100,84,1,1,Placed
Female,CBSE,46.5,CBSE,50.0,Computer Science,5.15,2,Yes,0,0,3,1,100,55,0,1,Placed
Male,CBSE,56.8,State,50.6,Information Technology,3.52,1,Yes,0,0,1,3,62,51,0,1,Not Placed
Male,CBSE,77.3,CBSE,91.0,Civil,7.66,4,Yes,2,0,3,0,84,91,2,0,Placed
Male,ICSE,58.1,CBSE,64.3,Computer Science,5.21,2,No,0,1,2,0,100,56,1,1,Placed
Male,State,64.4,State,28.0,Civil,4.41,1,No,0,2,2,2,66,56,0,0,Not Placed
Male,State,78.9,ICSE,69.3,Information Technology,4.99,1,Yes,0,0,3,2,99,53,1,2,Not Placed
Female,State,63.9,State,49.1,Electronics,4.85,1,No,0,1,2,0,46,35,0,0,Not Placed
Male,State,83.5,ICSE,69.6,Computer Science,4.43,1,Yes,2,0,3,1,100,43,1,0,Placed
Male,CBSE,75.0,CBSE,69.8,Information Technology,4.4,2,Yes,1,1,3,2,100,63,1,0,Placed
Female,State,78.1,CBSE,77.1,Computer Science,6.16,3,Yes,0,2,2,0,96,62,0,0,Placed
Female,CBSE,89.4,ICSE,84.7,Other,6.28,3,Yes,0,1,1,1,86,62,1,1,Placed
Female,CBSE,76.5,State,83.2,Civil,8.03,5,Yes,1,0,1,0,97,84,3,0,Placed
Male,State,93.5,State,91.5,Information Technology,7.71,4,Yes,0,1,2,0,100,62,0,0,Placed
Female,CBSE,84.8,CBSE,84.3,Computer Science,8.54,5,Yes,2,2,1,0,100,100,1,0,Placed
Male,CBSE,64.7,CBSE,65.5,Electrical,5.37,1,Yes,0,1,4,0,82,44,1,0,Placed
Male,State,90.1,State,95.4,Information Technology,8.55,4,Yes,2,0,1,0,90,89,0,2,Placed
Male,State,75.7,ICSE,68.6,Computer Science,5.71,2,Yes,2,3,1,0,100,65,2,2,Placed
Female,State,66.5,Other,62.0,Electronics,4.92,2,Yes,3,1,3,0,94,52,3,0,Placed
Male,State,75.9,State,52.9,Electrical,3.5,1,Yes,0,2,4,0,100,54,1,0,Placed
Male,State,87.6,State,91.3,Computer Science,8.14,5,Yes,2,0,2,0,100,88,1,2,Placed
Male,State,78.4,ICSE,73.0,Computer Science,6.88,3,Yes,1,1,1,0,92,66,1,0,Placed
Male,CBSE,97.5,State,99.9,Electrical,8.64,5,No,2,1,2,1,68,89,0,0,Placed
Female,CBSE,87.2,State,76.3,Computer Science,7.05,5,Yes,2,1,3,0,100,48,2,2,Placed
Female,State,79.3,Other,75.4,Computer Science,8.62,5,Yes,1,0,3,1,100,74,0,2,Placed
Female,CBSE,57.6,ICSE,63.7,Electronics,5.9,2,Yes,5,1,6,0,94,65,2,0,Placed
Male,Other,69.5,Other,56.1,Civil,5.84,2,No,4,1,3,1,66,48,0,0,Placed
Male,ICSE,73.0,CBSE,73.3,Information Technology,6.27,2,Yes,1,1,1,0,71,61,2,1,Placed
Male,CBSE,81.8,State,76.7,Other,5.57,1,Yes,2,1,1,0,82,58,3,0,Placed
Male,CBSE,80.9,ICSE,72.6,Mechanical,6.76,4,No,1,1,5,0,85,49,2,1,Placed
Male,CBSE,74.4,CBSE,82.5,Computer Science,7.18,4,Yes,0,1,1,0,100,81,0,0,Placed
Female,CBSE,73.7,ICSE,61.2,Other,6.13,3,Yes,1,0,2,0,69,59,0,2,Placed
Male,CBSE,82.1,CBSE,79.3,Information Technology,7.27,4,No,1,1,2,0,81,58,0,0,Not Placed
Male,State,60.0,ICSE,74.5,Information Technology,5.93,2,Yes,1,0,3,0,92,81,1,0,Placed
Male,ICSE,95.7,State,79.7,Electronics,7.75,4,Yes,2,2,2,0,95,76,2,1,Placed
Male,State,43.3,CBSE,44.5,Information Technology,3.91,1,Yes,4,1,2,1,89,44,4,0,Placed
Male,CBSE,92.4,State,99.9,Computer Science,8.96,5,Yes,2,1,1,0,100,86,2,0,Placed
Female,CBSE,71.4,State,73.3,Computer Science,7.82,4,No,2,3,2,0,100,92,1,1,Placed
Female,State,86.0,State,74.4,Information Technology,6.29,3,Yes,0,0,1,0,100,74,2,0,Placed
Female,ICSE,77.1,State,80.9,Civil,7.6,4,Yes,1,1,2,0,94,67,3,0,Placed
Male,ICSE,76.8,ICSE,66.9,Electronics,6.31,2,Yes,1,1,3,0,95,42,2,0,Placed
Male,Other,79.8,State,59.2,Other,6.01,3,Yes,1,4,5,0,81,64,2,0,Placed
Male,State,83.3,State,91.2,Information Technology,6.97,2,Yes,1,2,4,0,100,72,0,1,Placed
Male,State,67.4,CBSE,54.5,Information Technology,5.54,2,Yes,2,2,4,1,100,51,2,1,Placed
Female,CBSE,86.5,Other,99.9,Computer Science,7.13,4,Yes,2,0,2,0,94,75,1,0,Placed
Male,State,56.8,CBSE,52.7,Computer Science,6.87,2,No,0,0,4,1,89,43,2,2,Placed
Male,CBSE,71.9,State,90.3,Information Technology,5.86,2,Yes,2,0,3,0,76,67,1,0,Placed
Male,State,83.7,ICSE,64.1,Civil,5.15,1,Yes,5,1,6,1,78,51,2,1,Placed
Male,State,85.9,CBSE,89.7,Electrical,6.44,3,No,0,1,0,2,85,65,1,0,Not Placed
Female,CBSE,78.5,State,78.9,Other,7.14,4,No,0,0,0,1,89,71,2,3,Placed
Male,CBSE,66.5,CBSE,73.3,Computer Science,8.4,5,Yes,2,1,2,0,100,92,0,2,Placed
Male,CBSE,84.6,ICSE,88.1,Electrical,7.77,4,Yes,1,2,4,0,100,74,2,0,Placed
Male,CBSE,62.6,State,57.0,Information Technology,8.17,4,Yes,3,0,3,0,90,82,3,0,Placed
Male,CBSE,96.5,ICSE,74.3,Computer Science,5.49,2,Yes,0,3,4,0,92,61,2,0,Placed
Female,CBSE,70.8,ICSE,67.6,Electrical,4.67,1,Yes,3,0,2,2,100,67,2,1,Placed
Female,CBSE,50.4,State,55.0,Electronics,4.37,1,No,2,0,0,2,78,46,0,0,Not Placed
Female,CBSE,55.3,State,51.8,Computer Science,5.38,2,Yes,2,2,3,2,98,44,1,1,Placed
Female,Other,72.6,State,72.2,Information Technology,5.57,2,No,1,1,2,0,85,80,0,1,Placed
Male,CBSE,74.0,CBSE,73.8,Information Technology,5.92,3,Yes,1,3,2,1,100,73,0,0,Placed
Female,CBSE,99.6,State,80.6,Mechanical,7.2,4,Yes,1,1,4,0,65,83,2,1,Placed
Male,State,57.5,Other,62.1,Information Technology,4.72,1,Yes,0,3,4,2,100,59,0,2,Not Placed
Male,ICSE,72.6,State,66.8,Other,4.72,1,Yes,1,0,2,1,61,52,0,1,Not Placed
Female,State,57.2,CBSE,50.9,Computer Science,4.85,1,Yes,3,1,5,1,93,59,0,0,Placed
Male,CBSE,65.1,CBSE,71.7,Information Technology,6.19,3,Yes,1,5,2,1,100,69,0,1,Placed
Female,State,95.6,State,78.9,Information Technology,7.84,4,Yes,1,1,3,0,100,69,1,0,Placed
Male,State,56.1,CBSE,52.5,Electronics,4.2,1,No,1,0,0,1,81,50,1,1,Not Placed
Female,State,80.2,State,75.9,Information Technology,6.09,3,No,0,0,0,0,100,61,1,0,Placed
Female,State,77.5,State,86.9,Mechanical,7.57,4,No,0,2,1,0,40,58,1,2,Placed
Female,ICSE,71.7,State,70.7,Electrical,6.77,3,Yes,0,1,2,0,100,66,1,0,Placed
Female,ICSE,79.3,CBSE,79.8,Electrical,7.92,5,No,2,1,0,0,99,69,0,1,Placed
Female,State,55.8,State,53.9,Civil,5.23,2,No,2,2,1,1,62,71,2,1,Not Placed
Male,State,95.2,ICSE,85.6,Civil,6.98,2,No,1,2,1,1,87,60,1,0,Placed
Male,State,98.9,Other,88.7,Electronics,7.88,4,Yes,2,1,1,2,100,74,4,0,Placed
Male,ICSE,72.7,State,72.5,Civil,5.77,3,No,0,2,0,0,68,53,1,1,Placed
Female,CBSE,99.9,CBSE,87.0,Information Technology,7.21,4,No,4,1,1,3,88,81,1,4,Placed
Male,Other,66.4,Other,78.2,Information Technology,5.29,2,Yes,3,1,2,0,100,63,1,0,Placed
Female,CBSE,77.6,State,69.5,Information Technology,7.12,4,Yes,2,0,2,0,100,87,0,0,Placed
Male,State,92.0,CBSE,66.9,Information Technology,6.34,4,Yes,0,0,1,4,100,78,2,1,Placed
Male,ICSE,65.6,CBSE,91.6,Information Technology,8.45,5,Yes,1,2,5,0,100,83,0,1,Placed
Female,CBSE,52.7,CBSE,51.3,Other,3.5,1,Yes,0,0,1,1,95,31,0,1,Not Placed
Male,State,49.4,CBSE,65.2,Information Technology,6.0,3,Yes,1,1,1,0,98,64,1,0,Placed
Male,CBSE,99.9,CBSE,99.9,Computer Science,7.62,4,Yes,0,1,2,1,100,82,4,0,Placed
Male,CBSE,64.6,Other,72.9,Electronics,7.69,3,Yes,1,1,1,1,100,57,3,3,Not Placed
Female,CBSE,69.4,State,65.1,Computer Science,6.68,3,Yes,0,0,1,0,100,62,1,0,Placed
Female,CBSE,56.4,State,60.2,Computer Science,6.02,3,Yes,0,2,3,1,100,61,1,0,Placed
Male,CBSE,85.3,ICSE,66.2,Computer Science,5.81,3,Yes,0,1,3,3,96,60,1,1,Placed
Male,Other,61.1,ICSE,80.7,Information Technology,7.4,5,Yes,1,2,1,0,100,63,0,0,Placed
Male,Other,65.1,ICSE,55.3,Information Technology,4.56,1,Yes,1,1,2,1,97,49,2,0,Not Placed
Female,CBSE,76.2,Other,69.6,Civil,5.73,3,No,0,1,0,5,93,59,0,0,Not Placed
Female,State,57.1,State,58.8,Mechanical,4.7,1,Yes,1,1,2,1,85,55,1,0,Not Placed
Male,CBSE,69.5,Other,66.1,Information Technology,8.14,5,No,1,0,1,0,100,63,0,0,Placed
Male,CBSE,91.6,State,77.1,Information Technology,8.13,4,Yes,1,0,4,0,100,88,2,0,Placed
Male,CBSE,78.0,CBSE,87.4,Information Technology,8.44,4,Yes,1,0,3,0,100,86,1,2,Placed
Female,Other,73.8,State,79.9,Civil,5.15,2,No,1,3,3,2,64,44,2,1,Not Placed
Female,Other,75.0,State,74.5,Computer Science,7.52,3,Yes,3,3,2,0,93,74,0,0,Placed
Male,CBSE,66.6,Other,61.0,Computer Science,6.03,3,Yes,1,1,2,0,93,59,4,1,Placed
Male,CBSE,99.9,CBSE,99.9,Civil,8.89,5,Yes,2,0,1,0,77,84,1,2,Placed
Male,CBSE,60.6,State,55.8,Information Technology,5.72,3,Yes,2,0,4,0,99,41,1,2,Placed
Female,State,75.0,CBSE,87.0,Computer Science,7.55,4,Yes,2,0,2,0,93,72,1,1,Placed
Male,State,73.6,CBSE,71.3,Computer Science,6.74,2,Yes,3,3,2,0,100,60,3,2,Placed
Female,CBSE,86.1,CBSE,91.9,Electrical,5.8,2,Yes,1,1,2,0,100,63,3,1,Placed
Female,ICSE,87.4,State,79.4,Civil,5.77,2,Yes,1,2,2,0,63,70,0,0,Placed
Male,CBSE,71.6,ICSE,69.4,Mechanical,6.25,3,Yes,2,1,3,0,79,55,1,1,Placed
Male,Other,76.1,CBSE,84.3,Information Technology,8.3,4,Yes,2,1,1,0,100,100,1,1,Not Placed
Male,State,76.6,State,94.4,Electronics,7.24,3,No,0,1,2,0,58,98,0,1,Placed
Female,State,40.2,CBSE,60.8,Other,5.32,1,No,1,0,3,0,73,57,3,2,Placed
Female,ICSE,49.8,CBSE,61.1,Other,3.93,2,Yes,1,1,3,2,93,35,0,0,Not Placed
Female,ICSE,63.5,State,68.5,Computer Science,7.67,4,Yes,2,2,5,0,100,58,3,0,Placed
Male,CBSE,64.1,CBSE,58.0,Civil,6.07,2,Yes,1,1,1,0,42,59,0,1,Placed
Male,CBSE,55.2,State,59.4,Computer Science,6.35,3,Yes,4,1,3,1,90,58,2,0,Placed
Female,Other,82.5,CBSE,67.7,Computer Science,6.67,3,No,0,1,1,0,99,58,1,0,Placed
Female,CBSE,72.0,CBSE,72.8,Mechanical,7.53,4,Yes,1,1,1,0,83,70,1,0,Placed
Male,CBSE,69.0,State,71.2,Information Technology,5.7,3,Yes,2,1,4,0,65,45,1,1,Placed
Female,State,54.4,State,36.2,Electrical,3.5,1,No,3,0,3,5,68,59,1,0,Not Placed
Female,ICSE,71.4,CBSE,68.9,Computer Science,7.33,4,Yes,1,4,2,0,97,74,0,1,Placed
Female,ICSE,35.2,State,45.5,Electronics,5.45,2,No,1,0,1,0,47,64,3,0,Placed
Female,Other,69.7,ICSE,66.4,Electrical,4.69,1,Yes,1,1,4,0,92,63,0,1,Placed
Female,State,72.9,State,73.3,Electrical,5.74,2,No,0,0,0,1,51,65,0,0,Not Placed
Female,CBSE,75.4,CBSE,58.1,Computer Science,7.2,3,Yes,2,0,2,0,98,56,0,1,Placed
Male,State,50.1,State,44.8,Information Technology,5.08,2,Yes,0,1,5,0,100,23,0,0,Placed
Male,ICSE,75.1,State,81.7,Electronics,7.62,4,No,3,5,1,0,100,85,0,2,Placed
Female,CBSE,57.4,CBSE,58.1,Computer Science,4.63,1,Yes,0,2,4,2,94,51,1,0,Not Placed
Male,CBSE,60.6,ICSE,63.8,Other,6.14,2,No,0,0,2,2,75,81,5,0,Not Placed
Male,CBSE,82.1,Other,71.1,Electrical,4.79,1,Yes,1,1,5,0,100,51,0,1,Placed
Male,State,99.9,ICSE,90.1,Computer Science,5.97,2,Yes,1,0,1,0,91,67,0,4,Placed
Male,ICSE,72.7,ICSE,46.5,Computer Science,5.58,3,Yes,0,1,6,0,100,49,1,0,Placed
Female,State,60.6,State,68.9,Computer Science,7.67,4,No,0,0,0,0,100,84,0,1,Placed
Female,Other,74.6,State,89.0,Electrical,7.01,4,Yes,1,2,2,0,96,49,0,0,Placed
Male,CBSE,85.1,State,68.2,Computer Science,5.84,2,Yes,2,0,1,0,100,65,1,1,Placed
Male,Other,80.7,ICSE,66.1,Information Technology,7.64,3,Yes,1,0,1,0,91,63,1,0,Placed
Male,ICSE,99.9,State,94.3,Information Technology,7.75,3,No,1,2,5,0,91,79,1,2,Placed
Female,CBSE,62.0,CBSE,76.2,Electronics,6.49,2,Yes,1,3,3,0,100,82,0,0,Placed
Female,Other,75.5,CBSE,71.6,Computer Science,8.08,4,Yes,1,0,2,0,100,63,0,0,Placed
Male,CBSE,93.7,ICSE,73.0,Computer Science,6.33,3,Yes,2,0,1,0,100,54,1,1,Placed
Female,ICSE,92.8,CBSE,82.5,Electrical,6.22,4,Yes,2,2,2,1,100,86,0,2,Placed
Female,ICSE,44.7,State,38.2,Electrical,4.67,1,No,0,1,1,0,77,40,0,1,Not Placed
Female,ICSE,72.0,Other,62.3,Civil,4.71,1,Yes,1,3,1,0,68,45,0,0,Placed
Female,State,92.8,State,81.6,Computer Science,7.07,3,Yes,1,1,3,0,100,66,1,1,Placed
Male,CBSE,99.9,Other,80.6,Information Technology,5.85,1,Yes,1,0,4,1,100,48,1,0,Placed
Female,State,81.9,State,68.6,Electronics,6.23,3,Yes,1,0,2,0,100,78,0,0,Placed
Male,CBSE,66.8,CBSE,65.8,Computer Science,6.24,2,Yes,0,1,2,0,97,76,0,1,Placed
Female,ICSE,57.9,ICSE,60.6,Electrical,6.26,3,No,1,2,2,0,81,42,1,0,Placed
Female,ICSE,99.9,CBSE,75.7,Electronics,7.29,4,Yes,0,2,1,2,92,67,0,0,Placed
Female,Other,82.2,State,80.6,Computer Science,7.64,4,Yes,4,3,5,2,100,59,3,0,Placed
Female,CBSE,60.1,CBSE,56.3,Electrical,5.46,1,Yes,1,0,4,1,100,63,1,2,Placed
Male,ICSE,69.2,CBSE,74.1,Other,6.15,3,No,5,2,4,0,78,68,0,1,Placed
Male,Other,76.3,State,80.0,Computer Science,7.65,5,Yes,1,2,1,0,100,64,0,2,Placed
Female,ICSE,79.6,CBSE,69.3,Electronics,5.1,1,No,0,2,1,1,83,51,0,0,Not Placed
Female,CBSE,59.4,State,65.7,Information Technology,3.96,2,Yes,0,1,1,2,100,63,0,1,Not Placed
Male,CBSE,63.4,ICSE,54.2,Information Technology,6.37,2,Yes,0,1,3,1,100,58,1,1,Placed
Male,CBSE,48.9,CBSE,64.9,Computer Science,6.73,4,Yes,0,1,2,0,99,58,2,0,Placed
Male,State,86.6,CBSE,72.0,Electronics,6.17,2,Yes,0,1,2,2,88,72,1,0,Placed
Female,State,67.2,State,68.9,Other,6.85,3,No,0,0,4,2,58,64,4,1,Placed
Female,Other,78.5,State,72.0,Electronics,5.62,1,Yes,0,1,2,1,100,73,0,1,Placed
Male,CBSE,91.9,Other,73.8,Computer Science,6.06,3,Yes,1,2,4,1,100,73,2,0,Placed
Male,CBSE,75.1,CBSE,80.3,Electronics,6.06,3,Yes,0,0,3,0,100,72,1,0,Placed
Female,State,70.4,ICSE,61.7,Information Technology,6.32,3,Yes,1,1,2,1,88,51,2,1,Placed
Female,ICSE,74.7,State,54.0,Civil,3.5,1,No,0,1,0,1,59,54,1,0,Not Placed
Male,Other,72.9,State,40.9,Information Technology,3.77,1,No,3,2,4,0,60,38,0,0,Placed
Female,ICSE,89.4,CBSE,73.3,Computer Science,6.93,3,Yes,2,1,3,0,100,69,1,1,Placed
Male,State,76.4,State,86.1,Computer Science,6.41,3,Yes,1,1,1,1,100,54,2,2,Placed
Male,State,64.4,CBSE,75.9,Mechanical,5.74,2,Yes,0,1,1,3,96,55,1,0,Not Placed
Female,ICSE,86.7,CBSE,72.8,Computer Science,4.64,2,No,1,0,2,0,72,44,0,0,Placed
Female,State,89.2,State,78.2,Mechanical,7.03,4,No,0,0,5,0,95,75,0,0,Placed
Female,CBSE,53.3,ICSE,50.3,Computer Science,4.55,1,No,3,0,4,2,98,57,1,0,Not Placed
Female,CBSE,93.5,State,71.8,Information Technology,5.48,2,Yes,2,0,3,0,100,57,1,1,Placed
Female,CBSE,77.1,State,63.3,Information Technology,4.75,1,Yes,1,1,5,5,100,55,0,0,Not Placed
Male,State,76.0,State,81.8,Electrical,6.39,2,Yes,2,5,2,1,79,65,0,3,Placed
Male,CBSE,86.1,State,84.6,Electrical,5.53,1,Yes,1,0,1,2,100,81,0,0,Not Placed
Male,CBSE,64.1,Other,65.8,Computer Science,7.93,5,Yes,0,3,2,1,100,48,1,0,Placed
Male,CBSE,85.4,State,65.7,Information Technology,3.92,1,Yes,1,1,6,2,100,38,1,1,Placed
Female,State,66.7,CBSE,66.0,Computer Science,5.78,2,Yes,0,0,4,0,86,56,1,1,Placed
Female,CBSE,51.4,CBSE,30.5,Electronics,3.68,1,Yes,1,0,1,1,95,40,0,0,Not Placed
Male,State,58.0,State,66.9,Information Technology,5.45,2,Yes,0,2,2,0,100,53,2,1,Placed
Male,CBSE,79.9,State,77.5,Electrical,6.68,2,Yes,1,1,1,2,98,52,0,1,Placed
Female,CBSE,58.8,CBSE,45.6,Electrical,3.69,1,No,1,0,3,2,65,46,1,0,Not Placed
Male,State,94.5,ICSE,99.9,Information Technology,9.67,5,Yes,2,1,2,0,100,100,1,0,Placed
Female,CBSE,88.6,State,63.5,Information Technology,4.92,1,Yes,1,3,5,1,97,38,2,0,Not Placed
Female,CBSE,90.7,State,88.3,Electrical,5.07,2,Yes,2,0,1,0,63,63,0,0,Placed
Female,CBSE,73.7,CBSE,75.8,Civil,5.06,2,No,3,2,3,1,58,67,0,0,Placed
Male,ICSE,75.6,CBSE,59.3,Computer Science,6.1,2,Yes,0,0,2,0,96,64,0,0,Placed
Male,State,55.3,Other,56.1,Information Technology,5.34,2,Yes,1,1,1,0,98,65,2,1,Placed
Female,CBSE,85.9,ICSE,63.1,Information Technology,6.58,3,Yes,2,1,2,0,100,59,2,4,Placed
Female,CBSE,77.3,CBSE,44.5,Computer Science,5.24,1,No,0,1,1,0,72,39,1,1,Placed
Male,Other,79.9,CBSE,64.2,Computer Science,5.5,2,Yes,2,0,2,0,100,71,1,0,Placed
Female,State,95.6,State,80.5,Computer Science,6.69,3,Yes,0,0,3,0,100,73,0,0,Placed
Male,State,63.5,CBSE,69.1,Electronics,5.74,2,No,0,2,2,3,99,62,2,1,Not Placed
Female,State,70.2,State,68.3,Computer Science,8.04,5,Yes,2,0,1,0,100,75,4,0,Placed
Male,ICSE,76.6,Other,73.4,Computer Science,7.29,4,Yes,2,1,3,0,100,56,3,0,Placed
Female,ICSE,58.9,CBSE,49.0,Computer Science,6.79,3,No,0,2,2,0,91,53,0,1,Placed
Male,State,69.4,CBSE,61.7,Civil,6.07,4,No,0,2,0,1,82,60,0,0,Not Placed
Male,State,78.9,ICSE,64.9,Civil,5.46,3,Yes,1,0,3,0,100,75,1,1,Placed
Male,CBSE,67.4,CBSE,53.3,Information Technology,4.35,1,No,0,1,3,0,100,37,2,3,Placed
Male,Other,90.3,Other,76.8,Information Technology,6.97,3,Yes,1,1,4,0,100,62,0,0,Placed
Female,State,50.8,State,53.8,Other,4.84,1,Yes,0,0,1,0,60,53,0,1,Not Placed
Female,CBSE,87.7,Other,75.0,Computer Science,6.69,2,Yes,0,1,3,0,97,43,1,5,Placed
Male,Other,81.3,CBSE,72.7,Computer Science,6.44,2,Yes,0,0,4,0,99,63,3,1,Placed
Male,Other,64.0,CBSE,69.9,Information Technology,4.5,1,Yes,1,1,2,1,91,41,0,1,Not Placed
Female,Other,59.1,State,54.3,Computer Science,6.56,3,No,2,2,2,0,95,81,1,0,Placed
Female,ICSE,42.9,State,33.8,Information Technology,3.95,2,Yes,1,2,1,1,100,48,1,3,Not Placed
Female,Other,60.9,CBSE,66.3,Electrical,4.49,1,Yes,4,2,3,3,100,43,1,0,Not Placed
Male,CBSE,86.7,Other,82.7,Electronics,7.41,4,Yes,1,1,2,0,100,74,3,0,Placed
Male,ICSE,71.2,ICSE,71.7,Information Technology,5.69,3,Yes,1,4,1,0,100,51,0,2,Placed
Female,ICSE,88.3,State,87.5,Electrical,7.64,4,Yes,1,1,2,0,100,66,4,0,Placed
Male,CBSE,63.3,CBSE,67.0,Computer Science,7.05,4,Yes,1,1,2,0,100,54,1,1,Placed
Female,CBSE,81.9,State,76.7,Computer Science,7.8,4,No,4,2,1,0,93,66,0,1,Placed
Male,Other,62.0,State,85.4,Electronics,7.01,4,No,1,0,1,0,88,75,1,0,Placed
Female,CBSE,58.5,State,46.0,Electronics,4.22,1,Yes,1,0,4,3,93,56,0,0,Not Placed
Male,ICSE,70.5,Other,62.0,Computer Science,5.37,1,Yes,2,2,1,1,100,45,0,0,Placed
Female,CBSE,62.7,CBSE,71.7,Information Technology,5.81,2,Yes,1,2,3,3,100,52,4,2,Placed
Male,CBSE,50.4,CBSE,54.2,Electronics,5.11,2,Yes,0,0,1,0,59,72,0,1,Placed
Female,State,69.4,CBSE,74.6,Mechanical,6.06,3,Yes,1,2,1,2,79,63,4,2,Placed
Male,CBSE,73.5,ICSE,71.8,Electronics,5.52,2,Yes,1,1,5,2,100,57,1,0,Placed
Female,State,89.8,State,96.1,Information Technology,7.02,4,Yes,0,2,3,1,100,67,3,1,Placed
Female,State,85.1,CBSE,68.7,Computer Science,6.27,2,Yes,4,0,2,0,100,57,2,0,Placed
Female,CBSE,89.1,CBSE,95.2,Information Technology,7.6,4,No,0,4,2,0,82,77,2,0,Placed
Female,CBSE,82.1,CBSE,88.3,Computer Science,6.61,3,Yes,1,3,1,0,99,82,0,0,Placed
Female,CBSE,76.7,CBSE,60.4,Electrical,6.12,2,Yes,0,1,4,0,75,47,4,1,Placed
Female,CBSE,54.8,State,62.4,Information Technology,7.45,4,Yes,0,3,1,0,100,65,0,1,Placed
Male,ICSE,74.1,CBSE,70.1,Information Technology,7.22,4,Yes,1,3,4,0,100,87,1,0,Placed
Female,State,80.4,CBSE,69.2,Mechanical,5.25,2,Yes,1,1,1,3,88,41,4,0,Not Placed
Male,CBSE,92.4,ICSE,65.4,Information Technology,6.01,2,Yes,0,3,3,1,100,73,0,1,Placed
Male,State,81.6,State,66.1,Information Technology,7.48,4,Yes,1,4,5,1,100,90,0,1,Placed
Male,CBSE,89.4,State,89.1,Civil,6.04,4,No,1,0,1,0,74,66,1,0,Placed
Male,CBSE,57.6,CBSE,66.3,Civil,6.31,4,No,1,0,0,1,100,76,0,0,Placed
Female,CBSE,67.4,CBSE,63.4,Mechanical,4.22,1,Yes,0,1,3,1,77,29,2,0,Not Placed
Female,ICSE,78.0,State,81.7,Computer Science,8.73,5,Yes,1,1,1,0,100,78,3,0,Not Placed
Female,Other,88.3,CBSE,90.7,Electronics,7.11,4,Yes,2,0,3,1,100,85,0,1,Placed
Male,ICSE,70.0,CBSE,69.0,Mechanical,7.89,5,Yes,2,0,3,1,100,58,2,0,Placed
Male,CBSE,70.8,ICSE,60.9,Computer Science,7.41,3,Yes,2,4,2,0,100,80,0,1,Placed
Male,CBSE,81.6,Other,80.6,Computer Science,7.04,4,Yes,1,2,3,1,100,96,1,1,Placed
Male,State,56.2,CBSE,62.0,Electrical,4.83,1,Yes,3,2,2,1,90,45,2,1,Placed
Male,State,94.5,CBSE,92.6,Computer Science,8.09,5,Yes,1,4,5,0,100,88,1,2,Placed
Male,Other,59.7,Other,68.4,Mechanical,5.68,1,No,0,1,1,2,85,68,1,1,Not Placed
Male,CBSE,45.1,CBSE,35.2,Information Technology,3.73,2,Yes,1,1,3,1,100,55,0,0,Not Placed
Female,CBSE,72.1,State,64.0,Information Technology,4.47,1,Yes,1,0,1,0,100,40,1,0,Placed
Female,State,95.8,Other,67.9,Computer Science,5.85,2,No,5,1,4,0,100,54,1,0,Placed
Female,ICSE,80.2,Other,82.6,Civil,5.67,2,Yes,1,0,1,0,83,69,1,0,Placed
Female,ICSE,82.5,State,74.8,Information Technology,7.16,3,Yes,0,0,2,0,100,71,0,1,Placed
Female,State,72.6,CBSE,73.8,Electronics,7.29,4,Yes,0,0,1,0,100,88,2,1,Placed
Male,Other,69.9,CBSE,52.7,Mechanical,5.49,2,Yes,1,1,2,3,91,50,5,0,Not Placed
Female,State,50.4,ICSE,66.8,Mechanical,6.05,3,Yes,1,3,2,1,93,57,0,1,Placed
Female,Other,40.4,Other,33.4,Other,3.5,1,No,4,0,2,1,83,40,0,2,Not Placed
Male,Other,74.7,State,78.8,Electronics,6.91,3,Yes,1,1,6,1,100,73,3,1,Placed
Male,ICSE,90.4,ICSE,84.0,Information Technology,7.97,4,Yes,2,1,1,0,89,75,2,0,Placed
Female,CBSE,76.8,State,70.7,Other,5.47,2,No,0,1,3,1,37,45,1,0,Not Placed
Male,CBSE,80.7,State,72.8,Electronics,6.44,3,Yes,1,3,2,0,100,67,0,0,Placed
Female,State,94.2,ICSE,79.3,Information Technology,6.82,3,Yes,1,0,2,1,100,74,2,0,Placed
Female,State,76.6,State,85.4,Computer Science,8.95,5,Yes,3,0,2,0,100,74,0,0,Placed
Male,ICSE,70.3,State,67.9,Civil,6.48,3,Yes,1,1,3,0,100,53,0,2,Placed
Male,CBSE,60.5,CBSE,47.7,Information Technology,5.45,3,Yes,1,1,2,2,100,56,0,2,Placed
Male,CBSE,99.9,State,86.1,Mechanical,5.45,3,No,1,0,3,1,100,95,1,1,Placed
Male,ICSE,79.4,State,75.8,Information Technology,6.88,2,Yes,1,0,6,1,100,81,2,1,Placed
Male,CBSE,58.8,CBSE,68.1,Computer Science,6.19,3,Yes,0,2,1,0,100,61,0,2,Placed
Female,CBSE,55.6,ICSE,50.7,Electronics,4.75,1,Yes,3,0,2,1,85,46,3,2,Placed
Male,CBSE,89.5,State,76.7,Computer Science,5.48,2,Yes,2,1,2,0,100,63,0,1,Placed
Male,State,57.5,Other,58.4,Information Technology,4.62,2,No,0,4,1,3,97,45,0,0,Not Placed
Male,CBSE,98.0,CBSE,97.2,Electronics,7.86,5,No,1,1,1,1,92,84,0,0,Placed
Female,ICSE,33.4,State,28.0,Information Technology,4.62,2,Yes,0,1,6,0,100,27,2,0,Placed
Male,State,91.9,CBSE,89.0,Mechanical,6.65,2,No,1,1,2,1,100,67,1,1,Placed
Male,Other,78.8,Other,69.5,Civil,5.46,2,Yes,2,1,6,0,94,72,3,0,Placed
Female,State,73.7,CBSE,67.0,Civil,7.26,3,Yes,0,2,2,1,94,75,0,0,Placed
Female,CBSE,69.5,State,87.1,Computer Science,7.29,5,Yes,2,2,2,0,100,81,2,0,Placed
Male,CBSE,98.5,ICSE,86.9,Computer Science,7.43,4,Yes,1,1,2,0,100,86,2,0,Placed
Female,CBSE,81.9,CBSE,84.0,Electronics,6.96,3,No,2,2,1,0,100,68,0,1,Placed
Male,State,59.4,Other,66.7,Electrical,4.57,1,Yes,3,0,4,2,94,39,3,0,Placed
Male,CBSE,47.9,ICSE,39.1,Civil,4.36,1,No,1,0,3,0,60,43,0,1,Not Placed
Male,CBSE,74.5,CBSE,52.4,Civil,4.12,1,No,0,2,1,1,77,49,1,0,Not Placed
Male,State,72.0,CBSE,77.2,Information Technology,6.79,2,Yes,2,0,2,0,100,86,1,3,Placed
Female,CBSE,50.7,CBSE,42.2,Information Technology,4.94,1,Yes,0,2,2,1,100,41,0,3,Not Placed
Male,CBSE,71.2,CBSE,51.8,Information Technology,6.92,4,Yes,1,1,3,0,85,58,0,1,Placed
Male,ICSE,64.0,ICSE,73.3,Computer Science,5.48,2,Yes,1,1,3,0,78,70,0,1,Placed
Female,Other,72.1,Other,58.9,Computer Science,6.51,4,Yes,1,2,2,2,76,69,0,1,Placed
Female,CBSE,82.2,CBSE,68.9,Electrical,6.71,3,Yes,0,2,1,0,100,51,1,3,Not Placed
Male,CBSE,92.9,State,99.9,Computer Science,7.82,5,Yes,0,2,4,1,100,93,0,1,Placed
Female,Other,84.7,State,61.9,Computer Science,6.46,4,Yes,4,1,5,0,89,79,1,1,Placed
Male,CBSE,61.9,CBSE,48.9,Computer Science,6.56,3,Yes,1,1,1,0,92,53,1,0,Placed
Female,Other,77.2,CBSE,68.3,Electrical,5.2,2,No,1,3,1,0,42,64,0,0,Placed
Female,CBSE,72.9,CBSE,67.3,Electronics,6.19,4,Yes,1,3,3,0,90,68,1,1,Placed
Female,ICSE,53.4,State,46.1,Mechanical,4.76,2,Yes,0,1,2,1,71,37,1,2,Not Placed
Male,CBSE,77.6,State,61.6,Electrical,5.93,2,Yes,2,2,2,0,100,46,1,1,Placed
Male,Other,98.0,State,99.9,Information Technology,8.99,5,Yes,0,3,3,0,100,92,1,1,Placed
Male,CBSE,72.5,CBSE,72.0,Electronics,6.43,3,Yes,2,1,1,0,87,75,2,1,Placed
Male,State,49.7,ICSE,58.1,Computer Science,6.14,3,Yes,1,1,2,0,100,56,3,2,Placed
Male,CBSE,72.4,State,67.9,Computer Science,5.49,2,Yes,0,1,1,0,82,45,0,1,Placed
Female,CBSE,55.0,ICSE,59.1,Civil,5.29,2,No,0,0,0,4,55,30,0,1,Not Placed
Male,ICSE,84.1,State,87.4,Mechanical,6.65,3,Yes,2,0,2,0,75,70,0,0,Placed
Male,State,79.3,ICSE,64.5,Information Technology,4.89,1,Yes,2,2,1,2,100,47,5,1,Placed
Female,Other,69.6,ICSE,69.8,Information Technology,5.88,1,Yes,2,1,1,0,68,51,0,1,Placed
Male,State,67.4,State,72.5,Electronics,6.56,3,Yes,1,0,2,0,100,83,1,0,Placed
Female,ICSE,69.0,CBSE,82.2,Computer Science,7.64,4,Yes,2,1,6,0,100,82,1,0,Placed
Male,State,72.1,Other,88.6,Computer Science,6.52,3,Yes,0,0,3,1,100,77,0,0,Placed
Male,Other,61.2,State,61.6,Computer Science,5.06,1,Yes,1,2,1,1,66,51,0,0,Not Placed
Male,Other,52.6,Other,65.8,Computer Science,6.83,2,Yes,0,1,2,0,100,71,2,1,Placed
Male,CBSE,87.9,ICSE,54.2,Civil,5.28,2,No,0,1,1,0,62,53,0,0,Not Placed
Female,ICSE,66.6,State,80.5,Computer Science,7.93,4,No,1,0,0,2,100,72,0,0,Placed
Male,ICSE,74.3,CBSE,63.5,Computer Science,7.26,4,No,0,2,0,0,87,66,0,1,Placed
Male,CBSE,76.0,CBSE,69.6,Electronics,6.61,4,Yes,2,3,1,0,90,77,1,2,Not Placed
Male,State,76.5,Other,76.8,Civil,5.92,1,Yes,2,2,2,0,86,66,0,0,Placed
Male,CBSE,55.6,CBSE,55.2,Computer Science,5.59,3,Yes,2,1,3,0,100,79,0,2,Placed
Female,ICSE,48.5,CBSE,53.3,Computer Science,6.86,4,Yes,1,2,3,0,87,74,1,1,Placed
Male,CBSE,63.8,State,78.7,Information Technology,9.4,5,Yes,1,0,6,0,100,83,0,1,Placed
Female,CBSE,77.5,State,69.3,Mechanical,6.32,4,No,1,0,0,0,27,60,1,0,Placed
Female,State,61.8,CBSE,50.5,Electronics,5.36,1,Yes,1,1,6,0,100,53,1,2,Placed
Female,State,67.0,CBSE,83.4,Civil,7.37,3,No,1,0,1,0,91,87,1,0,Placed
Female,ICSE,99.9,State,95.2,Other,7.61,4,No,1,0,0,0,50,63,0,1,Placed
Male,Other,46.2,CBSE,68.9,Civil,6.83,3,Yes,1,1,5,0,73,63,1,1,Placed
Male,State,61.4,ICSE,69.7,Electronics,7.04,4,Yes,0,1,2,0,100,75,3,1,Placed
Male,CBSE,98.6,CBSE,75.7,Information Technology,7.04,4,Yes,2,2,2,0,87,74,0,2,Placed
Female,State,71.4,ICSE,75.0,Computer Science,6.49,3,No,1,0,0,0,85,80,1,0,Placed
Female,State,62.1,ICSE,51.7,Other,3.5,1,No,1,5,0,5,47,35,0,2,Not Placed
Male,State,88.4,State,81.4,Information Technology,7.75,4,Yes,0,1,6,0,100,60,2,1,Placed
Female,CBSE,72.8,CBSE,68.8,Computer Science,6.56,4,No,1,1,1,0,90,69,0,0,Placed
Male,State,67.1,State,49.1,Mechanical,3.93,1,Yes,1,0,6,2,100,47,1,1,Not Placed
Female,CBSE,74.7,State,62.9,Information Technology,4.87,2,No,2,1,1,0,95,58,0,1,Placed
Male,ICSE,62.8,CBSE,84.2,Electronics,7.67,4,Yes,0,4,1,0,91,71,0,0,Placed
Female,State,57.8,ICSE,60.7,Electronics,4.1,1,Yes,1,2,1,2,77,53,0,0,Not Placed
Female,ICSE,70.4,State,66.0,Information Technology,6.36,3,Yes,0,0,2,0,100,61,0,0,Placed
Male,State,57.8,ICSE,76.5,Civil,7.03,4,Yes,3,1,2,1,92,76,4,1,Placed
Male,CBSE,72.1,CBSE,65.1,Computer Science,6.63,4,Yes,1,1,3,0,100,63,0,0,Placed
Male,ICSE,77.0,CBSE,71.8,Information Technology,6.12,3,Yes,2,0,1,1,100,79,2,1,Placed
Male,State,83.9,Other,87.8,Electronics,6.18,3,Yes,2,3,4,0,100,51,1,2,Placed
Male,CBSE,87.8,State,76.8,Mechanical,6.92,3,Yes,0,1,4,1,84,50,0,0,Placed
Female,State,66.3,State,57.3,Civil,6.1,3,Yes,2,1,2,0,81,64,1,0,Placed
Female,CBSE,79.0,State,51.7,Information Technology,4.65,1,Yes,0,0,3,0,100,34,1,0,Placed
Male,ICSE,78.9,CBSE,64.8,Electronics,6.27,3,Yes,0,0,4,1,85,62,2,1,Placed
Male,State,76.6,State,63.0,Computer Science,7.42,5,Yes,0,3,3,1,98,63,1,3,Placed
Female,State,65.3,CBSE,65.6,Electrical,6.02,3,Yes,2,0,2,2,74,72,1,0,Placed
Female,CBSE,57.6,State,52.1,Information Technology,4.83,1,Yes,0,1,2,0,98,51,1,0,Placed
Male,CBSE,79.0,State,95.8,Mechanical,8.56,5,No,2,2,3,0,79,77,1,1,Placed
Female,Other,48.1,Other,40.5,Computer Science,3.87,1,Yes,0,0,2,2,82,57,3,2,Not Placed
Male,ICSE,68.3,State,80.2,Computer Science,5.94,2,Yes,4,1,3,0,100,71,0,2,Placed
Male,CBSE,36.2,CBSE,44.3,Information Technology,5.41,3,Yes,4,1,2,0,100,40,1,0,Placed
Male,CBSE,53.3,State,63.0,Electrical,5.18,2,Yes,1,5,2,0,100,36,2,2,Placed
Male,CBSE,59.7,CBSE,67.2,Electronics,5.68,2,Yes,4,2,2,0,100,73,1,1,Placed
Male,State,87.4,CBSE,58.4,Electrical,4.68,1,Yes,2,4,2,2,56,51,0,1,Not Placed
Female,ICSE,81.6,CBSE,76.1,Information Technology,6.32,2,Yes,1,1,2,0,100,74,1,1,Placed
Female,State,64.2,State,60.5,Information Technology,7.0,4,No,3,0,1,0,59,73,4,0,Placed
Female,State,82.2,CBSE,65.3,Computer Science,7.64,5,Yes,1,0,1,0,100,76,1,0,Placed
Male,ICSE,84.4,State,82.9,Civil,8.3,5,Yes,2,2,2,0,100,82,1,1,Placed
Male,State,69.8,Other,84.5,Computer Science,8.37,5,Yes,1,1,4,0,100,78,3,1,Placed
Female,CBSE,52.6,State,28.0,Electrical,3.69,1,No,0,1,1,0,77,39,2,0,Not Placed
Male,State,69.1,CBSE,61.5,Electrical,4.16,1,Yes,0,3,1,2,69,44,0,0,Not Placed
Male,Other,70.6,CBSE,55.5,Electrical,4.89,1,Yes,3,0,3,2,94,64,0,2,Placed
Male,ICSE,54.7,State,56.7,Electronics,7.23,4,No,5,1,5,0,97,72,0,1,Placed
Female,State,77.1,ICSE,69.6,Mechanical,5.53,2,No,2,2,1,3,63,71,1,1,Not Placed
Male,State,75.9,CBSE,65.9,Civil,6.95,4,Yes,1,2,1,1,100,69,2,0,Placed
Male,Other,78.2,ICSE,80.5,Computer Science,7.18,3,Yes,4,1,4,0,100,72,0,0,Placed
Female,State,75.9,State,88.3,Electronics,4.93,1,No,0,1,0,2,81,59,1,1,Not Placed
Male,CBSE,82.2,State,99.9,Computer Science,8.97,5,Yes,3,0,2,0,97,100,3,1,Placed
Male,Other,69.5,Other,59.7,Information Technology,6.82,3,Yes,0,1,1,0,71,49,2,1,Placed
Male,ICSE,74.8,State,52.9,Computer Science,5.29,2,Yes,2,1,1,2,73,32,2,0,Not Placed
Male,CBSE,66.4,ICSE,70.4,Computer Science,7.59,5,No,1,2,2,0,82,68,3,1,Placed
Female,State,63.8,CBSE,79.0,Information Technology,5.43,2,Yes,5,0,4,2,100,61,1,0,Placed
Male,State,90.7,State,91.2,Information Technology,6.48,2,No,2,2,2,0,100,82,2,1,Placed
Male,CBSE,43.4,State,63.6,Electronics,5.92,1,Yes,2,2,2,0,93,73,1,2,Placed
Female,Other,84.3,CBSE,76.0,Computer Science,7.27,4,Yes,1,1,2,0,76,68,1,0,Placed
Female,State,63.3,State,56.4,Electronics,6.49,2,Yes,2,1,2,0,100,57,0,0,Placed
Female,ICSE,61.5,CBSE,62.3,Computer Science,6.52,3,No,2,1,1,1,65,36,0,2,Placed
Male,CBSE,75.7,CBSE,68.5,Electronics,4.98,1,Yes,0,2,1,0,97,79,1,1,Placed
Male,State,51.1,CBSE,60.0,Electronics,5.69,2,Yes,1,5,3,1,92,63,1,2,Placed
Female,CBSE,60.6,State,70.1,Electronics,6.7,3,Yes,0,1,6,0,100,79,0,0,Placed
Female,ICSE,60.1,Other,70.6,Mechanical,4.3,1,No,2,3,1,2,87,63,5,1,Not Placed
Male,State,68.9,State,71.8,Information Technology,6.43,4,No,0,1,1,0,96,47,0,1,Placed
Male,State,60.7,State,63.0,Mechanical,5.19,2,No,4,2,1,0,79,49,3,1,Not Placed
Male,CBSE,94.4,CBSE,93.7,Information Technology,7.3,5,Yes,0,0,4,0,100,76,1,0,Placed
Female,CBSE,97.2,Other,68.3,Information Technology,6.69,3,No,0,2,4,0,100,64,1,1,Placed
Male,CBSE,43.7,State,49.9,Electronics,3.81,2,Yes,3,2,5,4,69,50,0,0,Not Placed
Male,CBSE,79.6,ICSE,75.2,Computer Science,7.16,4,No,0,2,0,0,43,52,0,2,Placed
Male,State,84.0,ICSE,80.1,Mechanical,7.11,4,Yes,1,2,5,0,100,67,3,2,Placed
Female,State,79.6,CBSE,73.8,Electronics,7.37,4,Yes,3,0,2,0,93,70,1,1,Placed
Female,State,62.8,State,66.4,Information Technology,5.1,3,Yes,1,1,2,1,100,47,1,2,Placed
Male,State,68.6,Other,60.7,Computer Science,4.49,1,Yes,1,0,2,3,58,57,3,0,Not Placed
Female,CBSE,61.5,CBSE,72.4,Computer Science,6.86,3,Yes,1,1,4,0,100,70,0,0,Placed
Female,CBSE,66.1,State,69.3,Electrical,5.7,2,Yes,3,0,4,1,100,72,0,1,Placed
Male,CBSE,55.1,Other,57.8,Mechanical,7.77,4,Yes,0,0,4,0,100,88,0,1,Placed
Male,ICSE,70.4,CBSE,60.8,Computer Science,6.26,3,Yes,0,1,4,0,100,59,1,1,Placed
Male,State,51.0,ICSE,61.4,Information Technology,5.84,2,Yes,1,1,2,2,100,67,3,1,Placed
Female,CBSE,69.2,Other,69.0,Electronics,5.93,1,No,0,0,3,2,78,41,5,2,Placed
Female,CBSE,54.5,State,48.3,Civil,3.5,1,No,0,1,0,2,49,23,1,2,Not Placed
Female,ICSE,74.9,CBSE,70.6,Computer Science,7.0,4,No,0,0,1,0,100,71,2,1,Placed
Female,State,62.5,CBSE,68.2,Computer Science,6.26,2,Yes,1,0,1,0,100,60,2,1,Placed
Male,State,76.1,CBSE,77.6,Electrical,6.42,3,No,2,2,4,0,79,81,1,1,Placed
Female,State,87.1,ICSE,85.2,Computer Science,7.52,4,Yes,0,1,5,0,100,81,1,2,Placed
Male,CBSE,94.3,ICSE,86.7,Computer Science,7.73,3,Yes,0,1,1,1,100,62,1,0,Placed
Male,Other,36.6,State,52.7,Other,3.5,1,Yes,1,0,2,0,85,45,0,1,Not Placed
Female,ICSE,60.3,CBSE,72.6,Electronics,7.07,4,Yes,1,1,2,0,72,62,0,1,Placed
Female,CBSE,67.8,CBSE,73.2,Computer Science,5.9,2,Yes,2,0,2,1,100,76,2,0,Placed
Male,ICSE,78.4,ICSE,67.9,Computer Science,6.19,3,Yes,0,0,2,1,100,60,1,1,Placed
Female,ICSE,48.9,State,41.1,Computer Science,5.73,2,Yes,0,1,1,1,65,46,1,0,Not Placed
Female,CBSE,58.3,Other,53.3,Computer Science,6.97,2,Yes,0,2,1,0,87,51,0,1,Placed
Male,State,73.8,State,89.9,Electrical,5.76,2,Yes,0,0,3,0,53,51,2,1,Placed
Female,CBSE,73.2,ICSE,72.7,Information Technology,6.55,3,Yes,2,0,1,2,100,58,1,0,Placed
Male,CBSE,77.3,State,94.2,Mechanical,7.77,4,No,3,0,3,0,67,86,1,0,Placed
Male,State,78.2,State,72.4,Electrical,4.8,1,Yes,1,1,2,0,87,72,2,0,Placed
Male,CBSE,76.7,State,69.9,Information Technology,7.07,4,Yes,2,0,4,0,100,84,1,1,Placed
Female,ICSE,74.7,Other,70.3,Computer Science,6.57,3,Yes,0,0,3,3,100,70,0,4,Placed
Female,Other,72.8,State,68.7,Electronics,6.24,3,Yes,1,5,3,0,100,55,0,1,Placed
Male,CBSE,81.3,CBSE,68.2,Electrical,5.06,3,No,1,0,0,1,64,41,0,1,Not Placed
Male,State,40.6,CBSE,34.0,Civil,3.88,1,No,0,1,0,2,45,37,0,0,Not Placed
Female,ICSE,93.6,CBSE,90.2,Computer Science,8.52,5,Yes,2,5,6,0,100,72,1,3,Placed
Male,ICSE,41.1,State,56.4,Mechanical,5.18,2,Yes,0,0,2,0,97,73,1,2,Placed
Female,ICSE,56.9,CBSE,82.1,Electronics,6.47,3,Yes,0,1,2,0,100,76,1,0,Placed
Female,CBSE,68.8,CBSE,62.3,Electrical,5.11,1,Yes,1,1,4,2,100,55,2,1,Placed
Male,State,81.4,State,72.5,Computer Science,6.81,2,Yes,4,3,2,1,90,69,1,2,Not Placed
Female,State,30.1,CBSE,29.9,Electronics,3.59,1,Yes,3,3,3,0,100,37,0,0,Placed
Male,Other,71.6,ICSE,80.0,Electrical,7.46,4,No,1,1,0,0,78,82,1,0,Placed
Female,CBSE,83.1,State,85.5,Information Technology,6.93,3,Yes,0,0,2,0,100,75,2,2,Placed
Female,Other,85.9,State,70.7,Information Technology,5.3,2,No,0,1,0,0,92,51,0,0,Placed
Female,CBSE,62.2,CBSE,52.6,Computer Science,5.64,3,Yes,1,4,1,1,100,58,0,0,Placed
Male,Other,67.8,CBSE,75.4,Computer Science,6.37,3,Yes,0,0,2,0,100,63,1,2,Placed
Female,State,63.4,State,66.4,Information Technology,6.82,3,Yes,0,5,4,1,87,60,1,2,Placed
Male,State,66.5,ICSE,72.5,Electrical,6.17,3,Yes,1,2,5,0,84,59,0,0,Placed
Male,State,57.6,ICSE,49.4,Information Technology,5.6,2,Yes,0,0,3,1,99,52,0,1,Placed
Male,CBSE,59.6,CBSE,40.9,Information Technology,3.55,2,No,0,2,1,1,76,9,0,2,Not Placed
Female,CBSE,78.1,State,64.8,Mechanical,5.74,3,Yes,0,0,3,0,91,64,2,0,Placed
Male,CBSE,73.8,CBSE,77.2,Computer Science,6.29,3,Yes,0,1,2,1,100,73,2,0,Placed
Female,CBSE,78.9,Other,95.3,Information Technology,6.9,3,No,1,1,1,0,85,63,1,1,Placed
Female,CBSE,75.0,Other,67.0,Mechanical,4.98,2,Yes,0,1,1,2,100,40,0,0,Not Placed
Male,ICSE,81.9,State,99.2,Civil,7.26,5,Yes,0,1,4,0,100,92,0,2,Placed
Female,State,84.3,State,86.5,Electronics,8.34,5,No,1,1,1,0,98,100,0,1,Placed
Male,CBSE,47.6,ICSE,36.8,Mechanical,3.5,1,No,0,1,5,0,59,34,0,1,Not Placed
Female,ICSE,60.0,State,62.1,Computer Science,4.79,2,Yes,3,1,5,0,100,64,1,0,Placed
Female,State,68.8,State,75.2,Electrical,6.46,4,Yes,0,4,2,1,100,65,2,0,Placed
Male,Other,71.7,Other,44.5,Computer Science,4.82,1,Yes,0,2,3,1,100,50,0,0,Not Placed
Female,State,62.6,State,68.4,Civil,5.3,2,Yes,1,1,2,2,100,54,2,1,Not Placed
Male,CBSE,84.8,State,90.3,Computer Science,7.62,4,No,0,1,0,0,100,85,1,0,Placed
Male,State,99.7,ICSE,93.8,Electrical,8.43,5,Yes,1,0,2,0,100,86,0,0,Placed
Female,State,74.6,State,70.3,Mechanical,6.57,2,Yes,0,0,4,1,100,79,3,1,Placed
Male,CBSE,73.2,State,68.2,Mechanical,6.36,2,No,4,1,4,2,86,59,2,1,Placed
Male,CBSE,83.9,CBSE,75.6,Computer Science,5.75,1,Yes,4,1,4,0,100,67,1,1,Placed
Male,CBSE,45.9,CBSE,37.7,Information Technology,6.85,3,Yes,1,1,2,0,100,65,1,0,Placed
Female,CBSE,72.4,CBSE,62.4,Electronics,6.6,3,Yes,2,4,1,1,74,66,1,0,Placed
Male,State,85.7,State,75.1,Mechanical,6.75,4,No,1,1,1,5,96,71,2,0,Not Placed
Male,State,63.0,State,63.4,Computer Science,4.97,1,Yes,5,1,6,3,100,69,0,2,Placed
Female,CBSE,54.8,Other,50.5,Other,5.54,2,Yes,2,3,3,0,100,43,5,0,Placed
Female,State,69.4,State,58.4,Electrical,4.79,1,No,0,1,2,1,100,58,1,0,Not Placed
Male,State,71.2,ICSE,76.0,Computer Science,6.67,3,Yes,0,1,3,1,100,60,0,0,Placed
Male,CBSE,59.3,CBSE,63.2,Civil,3.9,1,No,0,3,2,1,68,37,1,0,Not Placed
Male,CBSE,99.9,ICSE,84.5,Electronics,5.98,3,Yes,1,1,3,1,92,62,3,2,Placed
Male,CBSE,65.3,State,69.0,Information Technology,6.68,2,No,0,2,1,0,76,67,1,0,Placed
Male,CBSE,55.8,State,52.3,Information Technology,6.11,3,Yes,1,3,2,1,100,62,3,0,Placed
Female,CBSE,70.7,CBSE,68.7,Electronics,6.68,4,No,0,1,3,1,88,62,2,3,Placed
Female,CBSE,84.7,State,88.3,Mechanical,7.73,4,No,2,0,1,0,52,81,1,0,Placed
Female,State,72.2,State,63.1,Information Technology,5.84,2,Yes,1,2,4,0,94,68,1,0,Placed
Male,State,78.8,State,62.4,Electronics,5.29,2,Yes,1,2,4,0,47,70,0,1,Placed
Female,CBSE,59.8,Other,58.4,Mechanical,5.46,3,No,1,0,2,1,49,47,1,3,Not Placed
Male,CBSE,92.8,ICSE,71.0,Mechanical,6.75,3,Yes,3,1,2,0,100,59,5,2,Placed
Female,State,79.9,Other,72.2,Computer Science,6.6,3,Yes,0,1,1,0,100,67,1,1,Placed
Female,ICSE,86.7,State,77.2,Civil,7.41,4,No,0,2,1,0,38,53,1,1,Placed
Male,ICSE,77.1,Other,48.2,Information Technology,4.74,2,Yes,2,0,4,2,86,70,0,1,Placed
Female,State,83.5,ICSE,82.9,Computer Science,6.41,3,Yes,2,1,4,0,100,65,1,0,Placed
Male,CBSE,59.8,CBSE,58.0,Computer Science,5.66,3,Yes,1,1,1,3,89,48,0,0,Not Placed
Female,CBSE,65.1,State,75.6,Information Technology,6.81,2,Yes,0,1,2,0,100,69,4,0,Placed
Male,ICSE,90.9,CBSE,85.3,Electrical,6.92,3,No,0,4,3,0,76,71,0,1,Placed
Male,CBSE,93.8,CBSE,92.7,Information Technology,8.98,5,Yes,2,4,1,0,100,88,0,2,Placed
Female,Other,55.9,CBSE,68.8,Mechanical,6.6,3,Yes,3,0,6,0,100,70,5,1,Placed
Male,State,75.5,CBSE,70.3,Computer Science,5.18,2,Yes,0,0,2,1,100,48,0,2,Placed
Female,State,66.0,State,64.5,Information Technology,7.37,4,Yes,1,0,5,0,100,71,0,1,Placed
Male,CBSE,62.2,State,45.9,Other,3.5,1,No,2,1,1,0,56,35,2,1,Not Placed
Female,State,76.0,CBSE,84.4,Civil,8.72,5,Yes,2,1,2,0,100,77,1,1,Placed
Female,State,88.0,ICSE,79.5,Computer Science,6.81,2,Yes,0,1,2,0,100,78,0,1,Placed
Male,CBSE,78.3,ICSE,63.7,Electronics,5.57,2,Yes,1,0,4,0,97,42,2,0,Placed
Male,CBSE,67.5,Other,73.0,Computer Science,6.59,3,Yes,1,0,2,1,100,73,1,2,Placed
Male,ICSE,79.2,State,52.6,Information Technology,5.57,2,Yes,0,0,3,0,98,72,2,2,Placed
Male,State,67.0,State,61.0,Civil,5.26,2,Yes,0,1,2,1,72,57,0,2,Not Placed
Male,State,77.8,CBSE,82.4,Civil,6.54,3,No,0,1,4,0,55,85,2,1,Placed
Female,CBSE,91.6,CBSE,79.3,Computer Science,8.23,5,No,1,0,0,0,100,84,1,1,Placed
Female,State,42.9,CBSE,40.0,Electrical,4.56,1,Yes,1,0,2,0,51,38,1,0,Not Placed
Female,State,83.2,State,73.2,Electronics,5.5,2,No,0,2,0,0,79,51,1,0,Placed
Female,State,50.5,Other,32.8,Information Technology,4.6,1,No,0,2,2,2,89,41,1,0,Not Placed
Female,State,89.2,CBSE,89.1,Electronics,7.86,5,No,1,0,1,0,84,78,2,0,Placed
Female,State,63.1,CBSE,61.1,Electronics,5.08,2,Yes,0,1,1,2,80,50,0,0,Not Placed
Male,State,55.0,CBSE,53.5,Electronics,5.79,1,Yes,2,0,4,2,97,63,2,2,Placed
Female,CBSE,81.7,State,73.6,Information Technology,6.44,2,No,1,0,1,0,100,52,0,3,Placed
Female,Other,77.1,CBSE,73.0,Electronics,6.15,3,Yes,2,2,2,0,99,53,0,1,Placed
Female,State,58.0,State,65.0,Computer Science,5.9,2,Yes,0,1,2,0,100,62,1,0,Placed
Male,CBSE,54.5,CBSE,55.4,Civil,3.5,1,Yes,0,1,2,1,82,36,2,0,Not Placed
Male,State,69.4,State,53.4,Electronics,4.6,1,Yes,2,3,1,1,76,46,0,2,Not Placed
Male,ICSE,55.1,CBSE,62.1,Computer Science,6.58,3,Yes,2,2,4,0,100,50,0,2,Placed
Female,CBSE,57.1,State,62.8,Mechanical,5.46,2,No,0,1,1,1,77,52,1,0,Not Placed
Male,CBSE,73.6,CBSE,72.3,Electrical,4.99,1,Yes,0,1,3,1,81,53,1,0,Not Placed
Male,State,58.5,ICSE,69.6,Electrical,6.84,2,Yes,2,0,1,1,95,60,0,2,Placed
Female,CBSE,78.0,State,73.8,Information Technology,6.33,3,Yes,0,2,2,0,100,69,1,2,Placed
Male,ICSE,92.9,State,95.8,Computer Science,7.03,4,Yes,3,0,6,1,100,65,2,2,Placed
Male,CBSE,69.9,State,81.5,Electronics,8.88,5,Yes,4,0,3,0,100,96,4,0,Placed
Male,ICSE,73.8,CBSE,76.2,Computer Science,5.91,2,No,0,0,0,3,83,65,1,1,Not Placed
Female,CBSE,99.9,CBSE,82.4,Electrical,7.6,4,Yes,2,0,1,0,100,68,1,2,Placed
Female,CBSE,55.4,State,55.2,Computer Science,4.8,2,Yes,2,1,4,1,100,21,2,0,Placed
Male,ICSE,88.7,State,93.9,Computer Science,8.13,5,Yes,3,2,2,0,100,100,1,0,Placed
Female,State,87.0,State,65.3,Information Technology,5.23,2,Yes,1,5,6,0,100,62,1,2,Placed
Male,CBSE,84.0,State,74.1,Information Technology,5.5,2,Yes,1,2,1,0,93,71,1,0,Placed
Female,CBSE,90.1,ICSE,79.1,Civil,6.91,4,Yes,1,0,2,0,77,74,0,2,Placed
Female,State,75.9,ICSE,63.3,Information Technology,6.28,4,Yes,0,0,2,0,78,69,0,3,Placed
Female,State,63.8,CBSE,71.6,Computer Science,7.58,3,Yes,3,0,2,0,100,74,1,0,Placed
Male,Other,87.3,State,84.2,Computer Science,7.34,3,Yes,0,0,2,0,100,78,1,1,Placed
Female,Other,87.9,CBSE,73.8,Electronics,8.4,4,Yes,2,1,3,0,100,78,1,1,Placed
Female,State,87.5,State,86.7,Computer Science,7.78,5,Yes,0,3,3,0,100,85,0,0,Not Placed
Male,State,72.6,CBSE,67.9,Electronics,6.52,4,Yes,2,1,2,0,92,72,0,0,Placed
Female,State,62.0,CBSE,52.6,Electronics,3.8,1,Yes,0,2,4,1,87,48,1,1,Not Placed
Male,State,74.7,ICSE,63.9,Mechanical,5.0,2,No,2,1,2,2,45,59,0,0,Not Placed
Female,CBSE,85.2,State,83.3,Electrical,7.33,3,Yes,0,1,1,0,100,83,1,1,Placed
Male,CBSE,86.3,CBSE,89.1,Electrical,7.17,4,Yes,1,3,2,0,100,68,0,1,Placed
Female,CBSE,66.0,CBSE,59.6,Electrical,5.49,1,Yes,2,2,1,0,81,49,0,1,Placed
Male,CBSE,76.4,State,77.7,Computer Science,6.22,2,No,0,1,0,0,53,70,0,1,Placed
Male,CBSE,53.7,Other,71.1,Computer Science,6.63,3,Yes,1,1,3,0,100,59,3,2,Placed
Male,State,85.8,State,66.8,Information Technology,6.25,3,Yes,3,0,3,1,100,67,3,0,Placed
Male,ICSE,61.0,Other,64.3,Electrical,4.57,1,Yes,2,2,3,0,100,43,2,1,Placed
Male,State,83.0,CBSE,85.6,Other,7.54,3,No,1,0,2,0,78,71,2,3,Placed
Male,CBSE,55.9,State,56.0,Civil,3.5,1,No,2,1,0,2,79,16,0,1,Not Placed
Female,CBSE,86.4,ICSE,92.2,Computer Science,8.06,4,Yes,2,1,2,0,100,74,0,0,Placed
Male,State,76.5,State,94.4,Electrical,9.18,5,Yes,2,2,3,1,100,88,1,2,Placed
Male,CBSE,61.1,CBSE,64.3,Information Technology,6.59,2,Yes,1,0,1,1,90,55,1,1,Placed
Female,State,81.7,State,73.9,Computer Science,7.31,4,Yes,1,0,4,0,100,53,1,2,Placed
Male,Other,63.7,State,72.5,Information Technology,5.7,3,Yes,1,2,2,0,100,53,3,1,Placed
Female,CBSE,82.5,State,85.3,Computer Science,9.04,5,Yes,3,1,4,0,100,80,3,2,Placed
Female,CBSE,68.2,ICSE,41.0,Electronics,5.5,3,No,2,0,6,0,96,55,1,0,Placed
Female,State,47.9,ICSE,50.9,Information Technology,4.35,1,Yes,0,5,2,1,79,45,3,2,Placed
Female,Other,58.2,State,54.7,Information Technology,4.93,1,Yes,2,2,1,0,77,40,1,1,Placed
Female,ICSE,66.0,CBSE,68.5,Electronics,7.18,4,No,0,1,0,0,76,77,3,2,Placed
Male,ICSE,91.2,State,81.5,Civil,8.21,5,No,1,2,0,0,62,92,2,2,Placed
Male,CBSE,84.6,ICSE,77.6,Mechanical,5.31,3,Yes,5,0,5,0,100,53,2,1,Placed
Male,Other,94.7,Other,77.4,Information Technology,5.93,2,Yes,1,4,2,1,100,82,0,0,Placed
Female,CBSE,95.2,CBSE,93.7,Civil,7.26,5,Yes,4,5,2,0,98,73,0,2,Placed
Male,CBSE,64.5,State,79.9,Electrical,4.69,1,Yes,0,1,3,3,85,61,2,1,Not Placed
Female,ICSE,69.4,CBSE,58.6,Computer Science,5.73,3,Yes,1,1,2,2,100,70,1,1,Placed
Female,Other,66.2,CBSE,50.7,Electronics,5.96,2,Yes,1,2,3,0,100,68,0,2,Placed
Female,CBSE,62.6,State,62.2,Information Technology,4.55,2,Yes,0,1,2,1,98,48,0,0,Not Placed
Male,CBSE,46.2,State,49.4,Computer Science,5.23,2,Yes,1,1,2,1,100,64,2,1,Placed
Male,CBSE,71.8,CBSE,80.6,Mechanical,6.12,2,No,2,1,1,1,75,69,4,3,Placed
Female,CBSE,54.0,ICSE,43.2,Civil,5.58,2,No,0,0,1,1,48,46,0,0,Not Placed
Female,CBSE,71.5,ICSE,63.2,Computer Science,5.5,2,No,0,1,3,0,85,49,2,2,Placed
Male,Other,99.9,Other,68.4,Civil,7.11,4,No,1,1,0,0,58,62,0,0,Placed
Male,State,64.9,CBSE,77.4,Civil,5.79,3,No,2,0,0,1,83,69,0,0,Not Placed
Female,ICSE,74.7,State,73.5,Electrical,6.92,3,No,3,2,2,2,76,62,0,2,Placed
Female,ICSE,84.7,State,73.9,Computer Science,6.93,3,No,0,1,0,2,92,70,1,3,Placed
Female,State,75.9,CBSE,58.7,Electrical,5.14,3,Yes,3,1,4,0,100,49,1,0,Placed
Female,ICSE,76.1,State,59.8,Information Technology,4.98,1,Yes,1,0,2,2,92,62,1,2,Not Placed
Female,State,66.9,ICSE,69.3,Electronics,6.4,3,Yes,0,1,1,0,100,55,0,1,Placed
Male,CBSE,68.8,CBSE,55.5,Computer Science,5.11,2,Yes,5,2,4,0,100,75,0,1,Placed
Male,State,58.6,Other,60.0,Computer Science,5.18,2,No,0,1,0,0,47,53,0,0,Not Placed
Male,State,83.8,ICSE,98.3,Mechanical,9.11,5,Yes,1,1,2,0,100,81,5,0,Placed
Male,ICSE,47.6,ICSE,47.2,Information Technology,5.36,2,Yes,3,2,4,1,100,47,1,0,Placed
Female,Other,85.6,ICSE,69.6,Computer Science,7.0,4,Yes,1,1,4,0,100,57,1,0,Placed
Female,State,52.3,CBSE,58.0,Computer Science,5.32,2,Yes,2,1,2,1,100,65,0,2,Placed
Female,ICSE,85.5,ICSE,66.9,Mechanical,5.58,2,No,1,0,1,0,44,58,0,1,Placed
Male,CBSE,67.0,CBSE,82.4,Computer Science,7.03,4,Yes,0,1,4,0,90,74,1,0,Placed
Female,ICSE,54.8,ICSE,70.1,Civil,6.16,3,Yes,2,2,1,0,77,65,2,1,Placed
Female,CBSE,80.1,CBSE,73.4,Computer Science,7.25,5,No,3,1,2,0,81,61,2,1,Placed
Female,CBSE,85.0,CBSE,69.8,Computer Science,6.41,3,Yes,1,0,2,0,100,61,0,2,Placed
Female,CBSE,65.9,State,60.2,Information Technology,5.0,2,Yes,5,0,5,1,100,35,0,0,Placed
Male,State,82.1,CBSE,73.6,Information Technology,7.27,4,Yes,1,0,1,1,100,90,2,1,Placed
Male,CBSE,40.0,State,48.8,Information Technology,5.0,3,Yes,2,0,2,0,100,37,2,0,Placed
Male,Other,53.5,State,65.5,Information Technology,4.76,1,Yes,1,1,3,0,97,48,4,0,Placed
Male,CBSE,90.1,ICSE,72.2,Other,4.17,2,No,0,0,1,0,63,48,0,1,Not Placed
Male,Other,68.9,State,76.8,Electronics,6.86,3,No,3,1,3,0,92,71,1,2,Placed
Female,State,45.9,CBSE,55.6,Computer Science,4.77,1,Yes,3,4,4,1,100,52,0,1,Placed
Female,CBSE,62.2,CBSE,56.6,Information Technology,5.87,1,Yes,2,0,2,0,71,60,2,0,Placed
Female,CBSE,59.1,State,48.5,Electrical,3.9,2,Yes,2,3,1,2,78,62,1,1,Not Placed
Female,State,69.7,State,68.4,Information Technology,6.37,2,No,2,1,0,0,100,68,0,0,Placed
Male,State,66.8,State,54.5,Computer Science,5.1,1,No,1,2,3,1,100,42,3,1,Placed
Female,State,74.5,CBSE,81.1,Mechanical,8.25,5,Yes,1,0,3,0,99,93,3,0,Placed
Male,CBSE,71.0,CBSE,57.0,Electronics,6.16,3,Yes,3,3,4,0,94,73,0,0,Placed
Male,State,91.0,CBSE,88.7,Electronics,8.58,4,Yes,1,4,5,0,100,85,1,1,Not Placed
Male,Other,77.9,CBSE,72.6,Computer Science,6.64,3,No,1,3,2,0,97,72,0,0,Placed
Male,CBSE,78.4,CBSE,68.2,Computer Science,7.07,4,Yes,0,2,3,0,99,60,1,0,Placed
Male,State,88.3,ICSE,80.2,Electronics,6.9,3,Yes,3,0,4,0,100,80,3,1,Placed
Male,CBSE,66.6,CBSE,75.7,Computer Science,8.14,5,Yes,2,0,1,1,100,67,0,2,Placed
Male,ICSE,54.3,State,43.8,Electronics,4.38,1,Yes,1,3,5,0,93,38,3,0,Placed
Female,ICSE,88.9,State,77.6,Electronics,5.39,2,Yes,0,0,3,2,90,67,1,1,Placed
Male,CBSE,73.9,CBSE,62.9,Information Technology,4.09,2,Yes,1,1,1,0,77,58,2,0,Placed
Male,CBSE,74.0,State,70.1,Electrical,7.51,5,Yes,0,0,1,0,100,61,1,0,Placed
Male,CBSE,63.1,State,55.5,Civil,5.34,2,No,2,1,3,1,82,49,2,0,Placed
Female,State,63.4,State,44.9,Mechanical,4.81,2,Yes,0,1,1,2,85,43,2,2,Placed
Male,State,83.9,ICSE,67.4,Computer Science,7.62,4,Yes,1,4,1,0,100,81,1,0,Placed
Male,Other,85.8,CBSE,95.7,Computer Science,6.63,3,Yes,1,3,2,0,61,66,0,2,Placed
Male,State,83.0,ICSE,79.7,Information Technology,6.66,3,Yes,0,1,4,1,100,65,1,0,Placed
Male,CBSE,83.1,State,79.4,Computer Science,6.85,4,Yes,2,1,2,0,64,80,1,2,Placed
Male,ICSE,80.0,State,72.2,Other,6.76,2,No,0,1,3,0,94,52,1,0,Placed
Male,State,73.8,ICSE,69.8,Computer Science,5.81,1,No,0,0,3,1,98,55,0,0,Placed
Male,State,69.5,ICSE,62.8,Information Technology,4.8,1,Yes,4,2,5,0,95,28,1,1,Placed
Male,CBSE,88.9,State,86.9,Information Technology,6.36,4,Yes,0,1,3,1,100,46,1,0,Placed
Male,CBSE,66.8,ICSE,66.1,Electronics,6.93,4,No,0,1,2,1,94,59,1,0,Placed
Female,Other,77.2,State,61.2,Computer Science,5.21,3,No,0,0,0,0,76,36,1,0,Placed
Female,State,60.7,State,63.1,Information Technology,5.4,2,Yes,0,1,1,0,100,44,1,0,Placed
Male,CBSE,62.8,CBSE,37.5,Computer Science,4.91,1,Yes,0,1,2,1,78,24,2,1,Not Placed
Male,State,68.7,CBSE,70.7,Electrical,5.42,2,Yes,2,0,1,1,73,54,2,0,Placed
Female,Other,60.7,ICSE,46.4,Computer Science,3.5,1,Yes,0,2,2,0,77,46,1,0,Not Placed
Male,CBSE,83.2,CBSE,76.4,Electrical,4.99,1,Yes,0,0,1,2,65,55,0,1,Not Placed
Male,State,53.1,CBSE,42.9,Civil,4.04,2,No,2,1,0,3,62,49,0,1,Not Placed
Female,Other,73.4,ICSE,70.1,Information Technology,6.8,4,Yes,2,2,4,0,100,53,2,0,Placed
Male,CBSE,73.9,CBSE,76.2,Civil,6.07,3,Yes,0,2,3,2,100,82,1,0,Placed
Male,State,46.6,CBSE,65.0,Computer Science,6.51,4,Yes,1,2,3,1,100,62,0,0,Placed
Male,State,65.8,State,48.9,Other,3.5,1,Yes,0,3,2,1,100,30,1,4,Not Placed
Female,State,75.6,State,81.5,Electronics,5.51,2,No,1,0,1,0,96,61,0,1,Placed
Male,CBSE,78.0,ICSE,74.8,Information Technology,8.69,5,Yes,1,3,2,0,100,82,0,1,Placed
Female,CBSE,69.1,State,62.3,Information Technology,6.96,3,Yes,3,0,3,0,100,73,0,2,Placed
Female,State,81.5,State,83.7,Computer Science,8.03,5,Yes,1,0,3,0,100,90,1,1,Placed
Male,CBSE,70.5,State,65.5,Other,5.06,2,No,2,0,0,1,49,52,0,1,Not Placed
Male,State,72.2,State,76.3,Computer Science,6.65,3,Yes,0,3,1,1,90,66,5,1,Placed
Male,CBSE,75.5,State,61.7,Mechanical,5.41,2,No,1,1,1,3,80,58,1,0,Not Placed
Male,CBSE,85.0,ICSE,72.4,Information Technology,7.69,3,Yes,0,0,2,0,100,85,1,3,Placed
Male,Other,62.5,State,71.3,Electrical,6.45,3,Yes,1,0,4,2,86,56,2,0,Placed
Female,State,65.2,CBSE,78.8,Computer Science,7.5,4,Yes,0,0,4,0,100,64,3,2,Placed
Female,Other,62.6,CBSE,61.6,Electronics,5.45,3,Yes,5,1,4,0,100,56,0,1,Placed
Female,CBSE,67.3,State,37.6,Information Technology,4.96,1,Yes,3,0,3,0,88,57,2,0,Placed
Male,State,92.0,CBSE,82.0,Mechanical,7.0,4,Yes,1,1,6,0,100,66,2,0,Placed
Female,CBSE,80.0,State,75.3,Computer Science,6.83,3,Yes,0,2,4,0,100,76,0,0,Placed
Female,ICSE,56.2,ICSE,54.8,Computer Science,4.79,1,Yes,2,1,1,0,100,55,0,0,Placed
Female,ICSE,63.6,State,66.1,Computer Science,6.09,3,Yes,2,2,2,0,100,57,2,0,Placed
Male,CBSE,77.2,CBSE,68.1,Mechanical,4.85,1,Yes,0,0,1,3,85,48,1,2,Not Placed
Female,Other,59.3,ICSE,67.9,Computer Science,6.28,3,No,1,0,2,3,98,66,0,0,Not Placed
Male,CBSE,61.8,CBSE,49.7,Electronics,4.91,1,Yes,0,2,2,0,94,38,0,2,Placed
Male,State,90.8,State,95.5,Computer Science,5.94,1,Yes,0,2,2,0,100,83,0,1,Placed
Male,Other,63.4,State,78.1,Civil,6.17,3,No,0,1,2,0,55,77,2,1,Placed
Female,ICSE,85.4,CBSE,69.9,Electrical,4.94,1,Yes,5,2,6,0,90,54,0,1,Placed
Female,Other,89.6,Other,73.1,Electronics,6.8,3,Yes,1,1,2,1,80,85,0,3,Placed
Male,CBSE,61.7,CBSE,65.4,Information Technology,6.62,4,Yes,0,0,1,1,100,66,1,0,Placed
Male,CBSE,59.5,Other,47.8,Computer Science,4.62,1,No,4,1,4,0,95,42,3,0,Placed
Male,CBSE,68.1,CBSE,61.1,Computer Science,6.37,4,No,1,0,1,0,81,56,1,1,Placed
Male,State,56.8,CBSE,68.6,Computer Science,6.89,4,Yes,2,1,4,0,100,64,1,0,Placed
Male,ICSE,73.7,CBSE,77.7,Mechanical,6.24,3,Yes,0,0,1,3,80,59,0,1,Not Placed
Male,CBSE,69.1,CBSE,86.6,Electronics,8.61,5,Yes,1,0,5,0,76,71,1,1,Placed
Female,State,77.0,State,74.5,Electrical,5.64,2,Yes,0,3,2,3,84,71,1,1,Not Placed
Male,CBSE,91.6,State,77.6,Information Technology,8.17,5,Yes,1,0,1,0,100,74,3,4,Placed
Male,CBSE,83.4,ICSE,78.1,Mechanical,6.27,2,No,1,0,1,0,76,45,0,3,Placed
Male,State,78.8,CBSE,72.6,Information Technology,5.76,2,Yes,1,5,4,0,100,86,1,1,Placed
Female,State,44.5,State,47.0,Electronics,4.34,1,Yes,0,1,2,3,83,51,1,0,Not Placed
Female,ICSE,78.2,State,73.4,Computer Science,5.68,2,Yes,3,1,2,1,99,42,0,0,Placed
Female,CBSE,96.1,State,77.8,Information Technology,7.56,4,No,1,2,2,1,100,58,0,0,Placed
Male,ICSE,29.9,State,40.2,Information Technology,3.5,1,Yes,1,1,4,0,100,23,2,1,Placed
Female,CBSE,81.7,State,62.2,Mechanical,6.69,4,No,0,0,0,0,55,61,1,3,Placed
Male,CBSE,69.8,CBSE,60.2,Electrical,4.52,2,Yes,2,1,1,0,100,55,1,0,Placed
Female,State,60.1,ICSE,58.9,Information Technology,6.38,3,Yes,0,2,1,0,100,63,0,0,Placed
Female,ICSE,83.2,State,54.8,Computer Science,5.48,2,Yes,1,2,1,2,100,50,0,2,Placed
Female,CBSE,95.9,State,94.6,Information Technology,8.19,5,Yes,2,0,1,0,100,75,1,0,Placed
Female,CBSE,82.9,CBSE,56.6,Electronics,4.75,1,Yes,2,0,2,0,75,51,3,0,Placed
Female,State,66.8,CBSE,71.8,Computer Science,6.88,3,Yes,4,1,4,0,100,61,0,1,Placed
Male,CBSE,58.8,CBSE,46.2,Mechanical,4.52,2,Yes,0,1,3,0,66,44,3,0,Placed
Female,ICSE,74.0,CBSE,66.5,Other,4.41,1,Yes,2,0,3,1,64,57,0,1,Not Placed
Male,ICSE,84.2,CBSE,83.3,Electrical,6.0,3,Yes,1,3,2,0,100,60,2,0,Placed
Male,CBSE,66.6,ICSE,86.9,Computer Science,7.06,4,Yes,0,4,3,1,100,87,3,0,Placed
Male,State,67.9,State,67.1,Electrical,5.13,2,No,2,1,2,2,65,40,0,0,Not Placed
Male,ICSE,99.9,State,70.1,Mechanical,7.08,3,No,0,4,3,0,73,61,0,1,Placed
Male,CBSE,87.1,CBSE,89.9,Information Technology,7.65,4,Yes,0,0,2,0,100,77,0,0,Placed
Male,State,88.1,Other,78.8,Electronics,6.02,4,Yes,1,2,1,0,75,49,0,1,Placed
Male,CBSE,51.6,CBSE,54.4,Civil,4.39,1,No,2,1,2,0,40,45,0,1,Not Placed
Female,State,62.1,ICSE,67.2,Information Technology,5.71,2,Yes,0,0,1,1,69,61,1,1,Placed
Male,CBSE,73.0,Other,47.5,Information Technology,4.63,2,Yes,0,0,6,0,100,35,2,2,Placed
Male,ICSE,58.0,State,58.6,Information Technology,4.64,1,Yes,1,1,3,3,95,44,5,1,Not Placed
Female,CBSE,94.4,Other,81.7,Electronics,6.18,2,Yes,0,2,3,1,76,58,2,1,Placed
Male,CBSE,91.7,State,96.0,Computer Science,8.83,5,Yes,1,2,3,0,100,70,0,1,Placed
Female,ICSE,64.5,CBSE,70.6,Electrical,6.21,3,Yes,3,1,2,1,100,66,3,1,Placed
Female,CBSE,97.0,CBSE,71.5,Mechanical,5.91,2,Yes,0,2,2,1,78,58,1,0,Placed
Female,CBSE,71.9,CBSE,81.6,Electronics,6.91,2,Yes,1,0,3,0,100,61,0,3,Placed
Female,CBSE,99.9,CBSE,94.4,Computer Science,7.99,4,Yes,3,2,2,0,100,77,0,0,Placed
Male,CBSE,74.0,State,55.0,Electronics,4.99,1,Yes,1,1,3,0,98,51,1,0,Placed
Female,Other,80.1,CBSE,75.6,Computer Science,7.28,4,Yes,0,0,4,0,100,48,4,2,Placed
Male,ICSE,91.6,ICSE,94.0,Computer Science,8.41,4,Yes,1,4,1,0,100,82,0,0,Placed
Male,CBSE,89.9,CBSE,70.3,Electronics,4.75,1,Yes,4,1,2,1,96,47,1,1,Placed
Female,State,79.2,State,88.2,Information Technology,7.41,3,Yes,0,2,4,1,100,58,2,0,Placed
Male,State,70.0,Other,52.4,Electronics,3.65,2,No,0,1,0,1,31,45,3,2,Not Placed
Female,Other,79.2,CBSE,66.5,Computer Science,6.79,3,Yes,0,3,1,3,100,57,1,2,Placed
Female,CBSE,60.6,State,51.0,Information Technology,5.81,2,Yes,1,0,2,1,79,70,4,4,Placed
Female,State,74.1,ICSE,84.3,Computer Science,6.83,3,No,0,1,2,0,76,69,0,0,Placed
Female,State,56.5,CBSE,52.5,Other,4.71,1,Yes,1,0,6,3,100,50,2,0,Not Placed
Male,State,47.1,State,38.7,Electronics,3.5,1,Yes,2,0,2,0,84,43,4,1,Placed
Male,State,72.7,CBSE,74.0,Mechanical,7.09,4,Yes,0,0,5,2,100,87,0,0,Placed
Female,CBSE,89.7,ICSE,88.9,Information Technology,8.22,5,Yes,2,1,2,0,100,74,0,1,Placed
Male,ICSE,85.0,State,85.4,Computer Science,8.49,5,Yes,1,2,3,1,100,92,2,2,Placed
Female,State,70.9,State,65.5,Other,7.0,4,No,2,1,0,0,61,59,0,0,Placed
Female,Other,96.5,ICSE,89.9,Information Technology,6.54,2,Yes,2,1,2,0,100,68,0,0,Placed
Female,CBSE,64.0,CBSE,56.5,Information Technology,6.27,4,Yes,1,3,4,0,100,58,2,4,Placed
Male,State,45.2,ICSE,65.6,Electronics,7.2,4,Yes,0,2,2,0,100,65,3,0,Placed
Male,Other,41.5,ICSE,57.6,Computer Science,4.3,1,Yes,1,0,1,2,59,43,0,0,Not Placed
Male,State,55.5,ICSE,67.5,Civil,5.53,2,No,1,0,1,0,38,39,1,1,Not Placed
Male,ICSE,83.4,ICSE,85.5,Electronics,6.83,3,Yes,2,0,2,0,87,69,2,1,Placed
Female,ICSE,63.1,State,67.5,Computer Science,7.06,4,No,0,0,0,0,100,64,3,1,Placed
Male,CBSE,78.5,Other,61.4,Computer Science,3.74,2,Yes,0,1,5,2,100,58,0,1,Not Placed
Male,State,95.0,CBSE,92.6,Computer Science,9.55,5,Yes,2,2,3,0,72,85,0,1,Placed
Male,CBSE,56.6,State,58.6,Electrical,5.16,2,Yes,0,0,2,0,77,34,1,0,Placed
Female,State,78.7,CBSE,86.7,Mechanical,7.86,4,Yes,1,1,6,0,100,73,1,1,Placed
Female,CBSE,79.5,Other,82.7,Computer Science,7.22,4,Yes,1,1,1,0,90,77,3,3,Placed
Male,State,59.9,State,65.4,Computer Science,6.59,4,Yes,1,1,4,0,100,49,2,4,Placed
Male,State,91.0,ICSE,66.4,Mechanical,3.63,1,Yes,0,3,1,1,83,26,1,1,Not Placed
Male,State,68.0,CBSE,65.1,Electronics,5.49,3,Yes,1,5,1,3,82,61,4,2,Placed
Male,CBSE,66.6,ICSE,59.4,Information Technology,6.42,3,No,1,1,1,0,93,70,0,0,Placed
Female,Other,99.9,ICSE,92.4,Information Technology,8.07,5,Yes,2,1,3,0,100,87,0,0,Placed
Female,CBSE,79.3,State,70.3,Computer Science,5.0,2,Yes,3,1,4,2,100,67,0,2,Placed
Male,CBSE,85.0,CBSE,76.0,Mechanical,6.4,4,No,2,1,0,2,62,53,2,1,Placed
Male,CBSE,91.0,State,87.8,Other,6.37,3,Yes,1,1,2,3,54,68,1,0,Not Placed
Female,Other,62.9,CBSE,57.9,Computer Science,4.85,1,Yes,1,2,3,2,100,56,0,1,Not Placed
Male,Other,89.5,State,83.3,Electronics,5.65,1,Yes,0,1,4,1,100,75,0,0,Placed
Female,State,65.0,CBSE,48.6,Information Technology,5.52,2,Yes,0,5,3,0,100,63,0,4,Placed
Male,ICSE,64.4,CBSE,55.0,Information Technology,6.38,3,Yes,3,0,2,0,94,66,2,1,Placed
Male,CBSE,68.2,CBSE,72.7,Computer Science,8.53,5,Yes,1,1,2,0,100,71,0,0,Placed
Male,Other,63.3,CBSE,50.2,Civil,3.5,1,Yes,1,1,3,0,71,22,3,0,Placed
Male,CBSE,83.5,CBSE,90.1,Information Technology,8.35,5,Yes,4,2,2,0,100,60,0,1,Placed
Female,CBSE,75.7,Other,81.5,Electronics,7.65,4,Yes,1,0,3,0,100,80,4,3,Placed
Male,CBSE,65.1,State,61.1,Information Technology,5.25,2,Yes,0,1,2,1,100,64,2,1,Placed
Male,State,81.4,CBSE,99.9,Computer Science,7.57,3,Yes,0,1,2,0,100,72,1,0,Placed
Male,ICSE,68.1,State,78.5,Computer Science,6.03,3,Yes,0,1,3,0,89,71,0,0,Placed
Male,CBSE,67.4,State,56.1,Mechanical,4.57,1,No,0,1,2,1,47,51,2,1,Not Placed
Male,Other,72.7,Other,77.0,Computer Science,7.09,4,Yes,5,1,6,1,100,59,1,1,Placed
Male,State,78.5,CBSE,74.5,Mechanical,7.47,4,Yes,5,2,4,1,100,83,2,0,Placed
Female,CBSE,77.5,CBSE,65.4,Information Technology,7.05,4,No,1,1,1,0,70,67,1,2,Placed
Male,State,66.9,Other,54.5,Information Technology,3.89,1,Yes,3,2,2,0,92,25,0,0,Not Placed
Male,State,83.9,CBSE,87.9,Information Technology,6.8,3,Yes,1,2,3,1,94,67,3,1,Placed
Female,ICSE,68.9,CBSE,60.7,Information Technology,6.92,2,No,1,0,0,0,100,74,2,2,Placed
Male,State,62.8,CBSE,61.1,Computer Science,5.21,2,Yes,1,1,1,1,100,47,3,1,Placed
Female,State,51.4,CBSE,44.3,Information Technology,4.63,2,No,0,0,0,2,67,55,0,1,Not Placed
Male,CBSE,85.8,Other,71.9,Mechanical,4.54,1,Yes,1,1,3,2,67,64,0,1,Not Placed
Female,State,72.2,CBSE,67.9,Mechanical,6.85,3,Yes,2,1,3,2,100,58,2,0,Placed
Female,Other,75.0,Other,75.1,Information Technology,4.96,1,Yes,1,2,4,2,100,47,0,3,Placed
Female,CBSE,86.6,Other,54.1,Information Technology,3.84,1,Yes,0,0,2,0,100,52,0,0,Placed
Female,ICSE,65.3,State,64.1,Computer Science,7.01,3,Yes,1,1,2,1,100,71,2,0,Placed
Male,State,52.8,CBSE,47.1,Computer Science,6.69,3,Yes,1,0,1,0,100,65,1,5,Placed
Female,CBSE,73.0,CBSE,83.8,Computer Science,7.09,5,Yes,0,3,3,1,90,70,1,1,Placed
Male,Other,76.3,State,99.9,Electrical,7.9,5,No,0,1,0,1,69,93,3,1,Placed
Male,State,68.3,State,62.6,Computer Science,6.79,4,Yes,2,2,2,0,100,73,4,2,Placed
Male,CBSE,92.6,State,67.2,Computer Science,6.53,3,No,0,1,0,1,87,59,2,1,Placed
Male,CBSE,37.2,State,44.1,Computer Science,4.43,1,Yes,1,0,3,1,100,53,3,0,Placed
Male,CBSE,87.7,Other,78.7,Computer Science,6.58,3,Yes,1,3,3,3,100,69,1,0,Placed
Female,ICSE,83.1,State,97.0,Electronics,6.49,2,Yes,1,1,3,0,88,57,3,1,Placed
Male,State,78.4,State,90.5,Computer Science,7.99,4,Yes,2,1,1,0,100,64,1,0,Placed
Female,Other,28.0,ICSE,44.7,Computer Science,4.72,1,Yes,2,1,3,0,100,47,1,1,Placed
Female,CBSE,90.0,CBSE,76.6,Electronics,6.18,2,Yes,0,3,3,0,100,59,2,1,Placed
Male,CBSE,57.6,CBSE,65.0,Information Technology,5.12,2,Yes,0,0,1,1,100,45,1,1,Not Placed
Male,CBSE,64.9,CBSE,66.3,Mechanical,4.9,2,Yes,2,1,2,0,92,50,2,1,Placed
Male,State,69.6,CBSE,69.6,Electronics,6.68,4,Yes,1,2,1,0,100,71,0,0,Placed
Male,Other,77.7,State,57.7,Computer Science,6.44,4,Yes,2,0,3,0,100,64,0,0,Placed
Male,State,81.0,CBSE,86.4,Mechanical,6.72,4,Yes,3,1,2,1,86,70,1,0,Placed
Male,CBSE,84.5,State,79.5,Computer Science,6.68,2,Yes,1,1,1,0,100,52,1,0,Placed
Male,ICSE,83.4,Other,76.5,Electronics,5.8,3,No,5,0,2,0,94,44,0,1,Placed
Female,ICSE,75.5,CBSE,65.6,Information Technology,6.91,2,Yes,2,1,2,0,100,79,4,1,Placed
Female,CBSE,77.8,State,65.4,Computer Science,6.18,3,No,1,2,0,0,100,61,1,0,Placed
Male,ICSE,56.7,CBSE,60.7,Electronics,5.88,2,No,1,1,3,2,70,64,3,1,Placed
Female,CBSE,61.5,CBSE,43.6,Electrical,4.61,1,Yes,1,0,1,2,100,48,2,3,Not Placed
Male,CBSE,84.5,State,86.3,Other,6.73,3,No,1,0,0,0,85,62,4,0,Placed
Male,CBSE,83.7,Other,67.2,Electronics,4.92,1,Yes,3,5,4,1,99,51,2,1,Placed
Female,State,82.1,CBSE,56.0,Information Technology,4.54,2,No,1,0,4,0,98,61,3,1,Not Placed
Male,State,64.8,CBSE,81.8,Computer Science,8.23,5,Yes,1,0,4,0,86,83,2,3,Placed
Male,CBSE,84.7,CBSE,69.9,Computer Science,5.79,1,Yes,1,5,1,0,100,53,1,1,Placed
Female,CBSE,55.7,CBSE,49.6,Information Technology,4.65,1,Yes,0,3,2,1,100,57,0,0,Not Placed
Female,ICSE,87.1,CBSE,91.7,Information Technology,6.74,3,No,0,2,1,0,100,65,2,0,Placed
Female,Other,68.3,State,84.8,Electrical,5.87,2,Yes,0,0,1,1,99,70,2,0,Placed
Female,ICSE,95.6,CBSE,71.4,Information Technology,5.75,2,Yes,1,0,2,3,100,45,0,1,Not Placed
Female,CBSE,50.7,State,43.5,Information Technology,6.15,4,Yes,3,0,3,0,100,53,0,0,Placed
Male,CBSE,96.7,State,78.7,Information Technology,7.51,4,Yes,1,1,3,0,100,75,0,0,Placed
Male,CBSE,66.9,State,74.5,Civil,5.67,3,Yes,4,1,6,0,100,56,1,0,Placed
Male,CBSE,66.7,CBSE,81.4,Mechanical,7.67,5,No,0,0,0,0,91,82,0,1,Placed
Male,State,74.7,Other,60.2,Electronics,5.38,1,Yes,1,0,3,3,100,44,3,1,Not Placed
Male,State,62.2,CBSE,75.8,Information Technology,7.95,4,Yes,0,2,2,3,100,82,0,1,Placed
Male,State,71.0,ICSE,61.2,Civil,7.27,3,No,0,2,1,0,69,67,1,1,Placed
Female,State,61.7,CBSE,64.6,Computer Science,7.02,4,Yes,3,1,4,0,100,58,3,1,Placed
Female,CBSE,62.2,State,48.9,Electrical,4.71,1,No,0,0,4,2,93,32,0,3,Not Placed
Female,CBSE,78.8,CBSE,72.9,Electronics,6.97,3,Yes,0,3,4,0,100,84,0,0,Placed
Male,State,59.4,CBSE,58.4,Information Technology,5.61,2,No,0,1,2,1,75,54,1,3,Placed
Female,CBSE,61.2,CBSE,57.7,Information Technology,3.9,2,No,2,1,1,2,76,39,0,0,Not Placed
Male,CBSE,52.8,CBSE,58.4,Mechanical,4.61,1,No,1,3,1,3,58,44,1,2,Not Placed
Female,CBSE,64.9,ICSE,53.6,Computer Science,4.53,2,No,0,0,3,2,100,39,1,1,Not Placed
Male,CBSE,90.4,State,74.0,Electrical,5.65,3,Yes,0,1,1,0,87,67,1,1,Placed
Female,CBSE,60.2,CBSE,64.5,Information Technology,7.61,4,Yes,1,2,3,0,100,70,1,1,Placed
Male,ICSE,61.8,State,74.8,Information Technology,7.67,4,Yes,0,0,2,2,100,59,0,1,Placed
Female,ICSE,74.7,ICSE,70.8,Computer Science,6.9,3,Yes,3,1,4,0,100,68,0,1,Placed
Female,CBSE,66.8,State,70.1,Information Technology,7.09,5,No,3,4,1,0,100,55,1,0,Placed
Male,CBSE,99.9,CBSE,97.5,Information Technology,6.43,3,Yes,4,0,4,0,100,81,1,1,Placed
Male,State,69.7,ICSE,75.6,Information Technology,7.37,5,Yes,2,1,3,0,100,64,1,0,Placed
Female,CBSE,76.7,CBSE,63.0,Mechanical,6.34,3,No,2,2,0,0,51,69,0,0,Placed
Male,CBSE,85.2,State,71.1,Information Technology,4.41,1,Yes,2,1,2,0,100,68,1,1,Placed
Female,CBSE,84.9,State,71.8,Other,6.76,3,Yes,3,1,4,2,73,61,1,2,Placed
Female,CBSE,75.3,ICSE,90.8,Electronics,6.22,3,No,2,0,4,0,100,62,1,1,Placed
Male,ICSE,69.7,Other,72.4,Civil,4.23,1,Yes,1,0,1,1,73,36,2,3,Not Placed
Male,ICSE,99.9,Other,94.6,Computer Science,9.24,5,Yes,1,3,1,1,100,68,3,0,Placed
Male,CBSE,70.6,CBSE,71.6,Information Technology,5.55,3,Yes,1,2,1,3,100,45,1,0,Not Placed
Female,CBSE,65.8,Other,51.1,Information Technology,4.48,1,Yes,1,0,6,1,100,43,3,0,Placed
Male,CBSE,63.0,CBSE,81.6,Electronics,7.79,4,Yes,1,1,3,0,94,51,2,0,Placed
Male,CBSE,47.8,CBSE,55.6,Civil,4.64,1,No,1,1,2,0,66,55,0,1,Not Placed
Male,Other,83.5,State,84.9,Computer Science,7.26,5,Yes,1,1,1,0,100,78,3,0,Placed
Female,State,39.1,State,28.0,Computer Science,3.54,2,Yes,0,1,2,5,100,41,1,1,Not Placed
Female,State,71.9,State,76.7,Civil,6.6,3,No,0,0,2,0,60,76,0,2,Placed
Female,ICSE,69.1,State,63.3,Computer Science,5.81,2,Yes,2,3,4,2,76,45,2,0,Placed
Male,ICSE,99.9,Other,76.7,Mechanical,6.49,3,Yes,1,0,2,0,68,53,0,0,Placed
Female,ICSE,46.4,CBSE,40.3,Electronics,3.77,1,Yes,0,2,6,0,100,52,2,0,Placed
Female,CBSE,59.4,CBSE,46.9,Civil,4.67,1,No,2,1,0,1,63,39,1,1,Not Placed
Female,CBSE,70.1,Other,54.8,Computer Science,5.74,1,Yes,0,2,2,0,100,60,3,0,Placed
Female,State,69.2,CBSE,67.5,Computer Science,8.0,5,Yes,2,2,4,0,100,51,1,4,Placed
Male,CBSE,64.3,State,59.4,Electronics,5.12,2,Yes,0,0,3,0,98,65,1,0,Placed
Male,Other,70.9,State,71.5,Electrical,5.93,2,Yes,2,1,4,0,100,66,1,0,Placed
Female,State,54.4,State,72.6,Information Technology,6.73,2,Yes,2,1,5,0,100,52,1,1,Placed
Male,Other,77.0,State,71.5,Information Technology,7.32,3,Yes,2,1,2,0,100,84,0,0,Placed
Female,CBSE,39.5,CBSE,28.0,Electronics,3.5,1,Yes,3,1,2,2,100,37,0,0,Not Placed
Female,ICSE,71.6,ICSE,66.3,Electrical,5.85,2,Yes,4,0,4,1,100,79,0,0,Placed
Male,CBSE,63.6,CBSE,74.6,Civil,3.89,2,Yes,1,0,3,4,95,31,1,0,Not Placed
Female,Other,86.2,State,78.8,Other,6.28,3,Yes,2,1,3,0,92,69,0,3,Placed
Male,CBSE,96.6,CBSE,99.9,Computer Science,9.36,5,Yes,1,0,2,0,100,83,0,0,Placed
Male,State,67.4,State,70.1,Computer Science,5.8,1,Yes,2,3,4,0,100,58,3,0,Placed
Female,ICSE,91.5,State,65.2,Electronics,6.0,4,Yes,1,1,5,0,100,62,0,0,Placed
Female,State,67.6,Other,66.8,Civil,5.17,3,No,0,1,2,0,42,34,0,0,Not Placed
Male,State,58.5,State,61.8,Information Technology,5.04,1,Yes,1,0,3,0,94,75,5,2,Placed
Male,Other,96.4,State,98.1,Computer Science,9.15,5,Yes,2,1,3,0,100,100,0,0,Placed
Female,State,79.3,Other,92.7,Civil,6.38,3,Yes,0,0,2,0,83,72,0,1,Placed
Female,State,72.1,State,78.2,Computer Science,7.25,4,Yes,0,1,6,1,100,58,0,4,Placed
Female,CBSE,81.6,State,80.6,Information Technology,7.32,5,Yes,0,0,3,1,100,70,1,0,Not Placed
Male,ICSE,75.8,State,78.6,Electronics,5.94,1,Yes,1,1,4,0,97,66,0,1,Placed
Male,State,71.0,State,66.6,Electronics,6.07,3,No,0,1,1,1,89,54,2,1,Placed
Male,State,53.4,ICSE,40.4,Mechanical,3.5,1,Yes,3,1,4,0,75,46,0,1,Placed
Female,CBSE,68.2,CBSE,66.6,Information Technology,6.6,4,Yes,4,0,4,1,100,66,2,3,Placed
Male,State,80.7,State,79.2,Electronics,5.56,2,No,3,0,3,1,84,60,2,1,Placed
Male,CBSE,70.3,State,55.7,Electronics,4.91,1,Yes,1,0,2,0,63,57,0,0,Placed
Female,CBSE,84.6,Other,91.7,Electronics,7.33,4,Yes,5,1,4,0,100,59,0,0,Placed
Male,State,77.4,ICSE,83.1,Electronics,8.0,5,Yes,0,0,1,0,90,68,2,0,Placed
Female,CBSE,59.7,State,46.1,Computer Science,5.02,2,No,1,0,1,1,82,47,0,0,Not Placed
Female,CBSE,53.5,State,68.8,Computer Science,7.23,4,Yes,0,1,1,0,89,60,2,0,Placed
Female,State,69.8,CBSE,64.3,Computer Science,6.58,3,Yes,2,2,2,1,79,48,2,1,Placed
Male,CBSE,64.7,State,55.7,Computer Science,6.01,3,Yes,1,1,4,0,100,46,2,1,Placed
Male,CBSE,76.7,Other,83.3,Electronics,6.72,4,Yes,1,4,6,0,100,70,0,5,Placed
Female,CBSE,61.9,Other,60.9,Civil,6.18,3,Yes,2,1,3,0,56,59,3,1,Placed
Female,State,63.4,ICSE,81.5,Mechanical,6.38,3,Yes,1,1,1,0,79,89,0,2,Placed
Female,State,86.7,CBSE,71.5,Civil,4.39,2,No,0,1,1,0,70,62,0,0,Not Placed
Male,State,74.1,ICSE,53.3,Information Technology,5.07,3,No,1,1,2,0,100,41,1,1,Placed
Female,CBSE,62.2,Other,58.8,Information Technology,6.03,3,Yes,2,1,2,0,93,71,0,0,Not Placed
Female,CBSE,72.2,CBSE,77.0,Information Technology,5.36,2,Yes,0,3,1,0,95,61,1,1,Placed
Female,CBSE,91.3,State,74.2,Computer Science,5.93,1,Yes,1,1,1,0,94,61,2,1,Placed
Female,State,76.1,ICSE,58.8,Computer Science,4.61,2,Yes,2,1,2,1,97,44,0,0,Placed
Female,Other,80.3,State,77.5,Electronics,7.35,3,Yes,4,2,2,0,100,56,0,0,Placed
Female,CBSE,61.5,Other,46.5,Other,5.93,3,Yes,0,2,1,0,98,54,0,0,Placed
Male,CBSE,86.4,State,82.9,Computer Science,7.1,4,Yes,0,1,4,1,100,59,0,1,Placed
Male,CBSE,99.9,State,86.5,Computer Science,8.0,5,Yes,1,0,3,0,100,75,3,1,Placed
Male,State,60.9,ICSE,65.6,Civil,6.02,2,Yes,2,5,1,0,81,71,1,2,Placed
Male,State,55.5,State,42.8,Computer Science,6.08,3,Yes,2,1,2,0,88,64,3,1,Placed
Male,State,74.5,ICSE,83.9,Civil,6.17,3,Yes,4,0,3,1,88,64,2,1,Placed
Male,ICSE,84.3,State,76.4,Mechanical,6.17,3,Yes,3,5,2,0,80,73,0,3,Placed
Male,State,70.7,State,75.7,Electrical,6.06,3,No,1,2,2,0,70,64,1,1,Placed
Male,CBSE,57.3,CBSE,67.6,Information Technology,6.26,3,Yes,1,1,2,0,100,78,1,1,Placed
Female,CBSE,70.5,CBSE,56.3,Mechanical,7.31,4,No,0,0,1,0,45,49,2,3,Placed
Female,State,80.4,State,84.1,Information Technology,7.29,5,No,0,2,0,0,84,71,0,0,Placed
Male,State,66.3,Other,50.5,Electronics,4.11,1,No,3,1,2,1,63,38,0,0,Not Placed
Female,State,80.5,CBSE,61.7,Information Technology,4.77,1,No,1,0,3,2,78,55,2,1,Not Placed
Male,State,88.3,CBSE,99.9,Computer Science,9.52,5,Yes,1,4,4,0,100,94,0,1,Placed
Male,State,75.4,CBSE,82.7,Electronics,6.2,4,Yes,0,1,5,0,100,67,1,0,Placed
Male,ICSE,71.6,State,89.4,Electronics,8.01,5,No,0,2,2,0,97,100,0,0,Placed
Male,State,83.6,Other,74.0,Civil,5.5,3,Yes,1,2,3,0,96,49,0,0,Placed
Female,ICSE,60.0,State,61.0,Mechanical,4.22,1,No,2,2,0,2,42,36,0,1,Not Placed
Female,CBSE,58.6,State,64.2,Mechanical,6.12,3,Yes,1,3,3,0,100,71,1,0,Placed
Male,State,68.3,State,66.1,Computer Science,5.63,3,Yes,1,1,5,0,100,63,1,2,Placed
Male,Other,65.1,CBSE,56.4,Mechanical,5.45,2,No,1,2,0,1,84,45,0,1,Not Placed
Male,CBSE,60.8,State,51.6,Electronics,5.4,3,Yes,1,2,2,2,88,65,2,3,Placed
Male,ICSE,97.6,State,90.3,Electrical,7.81,3,Yes,1,3,1,0,77,77,4,0,Placed
Male,State,99.9,State,79.3,Electrical,6.36,2,No,0,2,3,0,67,65,0,3,Placed
Male,CBSE,67.0,ICSE,54.3,Computer Science,6.05,3,Yes,2,3,3,1,100,52,1,3,Placed
Female,State,73.3,ICSE,73.9,Civil,5.27,2,No,1,0,3,1,82,62,3,0,Placed
Female,CBSE,69.4,ICSE,66.1,Computer Science,3.99,1,No,3,0,1,2,71,36,1,0,Not Placed
Male,Other,87.5,Other,90.0,Information Technology,8.29,5,No,1,0,4,0,100,73,1,0,Placed
Female,ICSE,90.3,Other,78.5,Electronics,6.85,2,Yes,2,0,1,3,100,78,2,0,Placed
Male,CBSE,47.1,State,44.5,Computer Science,4.24,1,Yes,1,0,2,0,100,18,1,1,Placed
Male,CBSE,78.7,CBSE,78.3,Mechanical,5.17,2,No,1,0,0,0,66,51,0,0,Placed
Male,State,53.7,State,47.2,Computer Science,3.5,1,Yes,1,5,1,0,100,47,2,2,Placed
Female,CBSE,96.6,ICSE,80.9,Computer Science,7.21,3,Yes,1,0,1,0,100,86,2,0,Placed
Female,CBSE,78.2,CBSE,67.5,Electronics,7.47,4,Yes,1,1,2,0,100,71,0,0,Placed
Female,State,60.5,CBSE,58.3,Mechanical,5.06,2,No,0,2,3,0,82,60,3,1,Placed
Male,CBSE,68.6,CBSE,84.2,Electrical,6.6,3,Yes,1,0,4,0,86,75,4,0,Placed
Female,CBSE,68.0,State,52.2,Mechanical,4.77,1,No,1,0,2,1,79,41,0,1,Not Placed
Male,ICSE,79.4,State,87.5,Mechanical,9.05,5,No,1,0,0,0,70,78,2,0,Placed
Female,Other,86.6,CBSE,87.3,Information Technology,8.15,5,Yes,3,0,2,0,100,80,0,1,Placed
Male,ICSE,55.9,CBSE,72.6,Computer Science,5.78,1,Yes,3,4,3,3,98,81,0,1,Placed
Male,ICSE,97.7,State,99.9,Computer Science,8.42,5,Yes,2,2,3,0,100,88,3,1,Placed
Female,CBSE,94.5,CBSE,99.9,Electronics,8.39,5,Yes,2,2,3,1,100,83,1,0,Placed
Female,CBSE,59.7,CBSE,69.0,Mechanical,4.93,1,Yes,0,2,3,0,71,40,0,0,Placed
Male,CBSE,73.0,State,56.6,Information Technology,6.16,3,Yes,1,0,1,0,100,55,1,1,Placed
Female,ICSE,96.0,State,75.1,Mechanical,5.55,2,Yes,0,2,2,0,90,56,1,0,Placed
Male,Other,89.3,CBSE,85.6,Electronics,5.8,2,No,0,2,2,1,100,72,1,3,Placed
Female,State,67.3,State,48.5,Computer Science,5.12,2,Yes,0,3,3,0,100,45,3,1,Placed
Female,ICSE,83.4,CBSE,83.7,Computer Science,7.27,4,Yes,2,0,1,0,70,72,0,1,Placed
Female,State,99.9,ICSE,68.6,Civil,5.76,2,No,1,1,0,3,63,59,0,4,Not Placed
Female,CBSE,73.5,CBSE,81.6,Mechanical,6.02,2,Yes,1,0,5,2,91,67,0,1,Not Placed
Male,State,63.1,CBSE,59.1,Electrical,4.73,1,Yes,0,0,2,0,100,45,2,0,Placed
Male,CBSE,74.4,ICSE,72.1,Computer Science,7.6,4,No,1,1,2,0,100,66,2,0,Placed
Female,CBSE,75.5,State,64.1,Other,5.96,2,No,2,0,1,0,89,62,0,1,Placed
Male,State,64.7,CBSE,44.5,Computer Science,3.93,1,Yes,1,1,3,1,100,37,0,1,Not Placed
Male,State,78.2,CBSE,86.0,Computer Science,5.73,2,Yes,4,1,3,0,100,48,3,0,Placed
Male,State,54.4,ICSE,69.2,Other,5.08,2,Yes,1,0,2,0,100,59,0,0,Placed
Male,State,62.7,ICSE,58.5,Information Technology,5.74,3,Yes,3,0,3,1,86,36,0,1,Placed
Female,CBSE,82.6,CBSE,83.6,Mechanical,6.27,3,Yes,0,4,2,0,83,65,0,1,Placed
Male,State,47.4,State,46.6,Computer Science,4.29,2,Yes,1,2,2,1,100,35,2,2,Placed
Female,State,84.6,CBSE,81.3,Electronics,6.35,2,Yes,5,1,3,2,100,64,0,3,Placed
Male,CBSE,43.8,State,55.4,Electrical,4.99,1,Yes,2,2,3,2,85,68,3,2,Placed
Male,ICSE,47.8,CBSE,56.4,Information Technology,6.17,3,Yes,1,0,2,0,98,65,0,1,Placed
Male,State,65.0,CBSE,77.2,Mechanical,6.42,3,No,1,0,0,0,61,58,0,1,Placed
Male,State,76.0,CBSE,77.2,Computer Science,6.97,3,Yes,0,0,3,1,100,56,1,0,Placed
Male,ICSE,90.6,State,83.2,Electronics,6.81,4,Yes,1,1,3,1,42,47,1,2,Placed
Female,ICSE,72.8,State,62.0,Information Technology,5.38,1,Yes,0,1,4,2,100,43,1,2,Placed
Male,ICSE,68.5,State,61.6,Computer Science,6.71,2,Yes,1,0,3,0,100,54,0,1,Placed
Female,CBSE,80.1,CBSE,83.2,Information Technology,7.88,4,Yes,3,0,2,0,100,64,1,1,Placed
Male,CBSE,59.8,CBSE,44.8,Computer Science,6.65,3,Yes,3,2,5,1,100,62,5,2,Placed
Male,CBSE,74.0,ICSE,81.6,Electrical,7.3,4,Yes,0,1,2,0,100,72,2,2,Placed
Female,CBSE,55.2,CBSE,53.6,Information Technology,4.84,1,Yes,2,5,3,3,100,66,0,3,Placed
Male,Other,73.2,State,61.7,Computer Science,5.1,2,Yes,0,0,1,0,100,44,0,1,Placed
Male,State,70.2,CBSE,56.7,Information Technology,6.34,3,Yes,0,1,3,0,100,56,0,1,Placed
Male,CBSE,60.7,State,67.3,Information Technology,5.44,2,Yes,2,2,4,1,100,40,3,0,Placed
Male,CBSE,74.3,State,70.6,Mechanical,6.72,3,Yes,1,2,2,0,64,64,0,1,Placed
Female,CBSE,74.2,Other,86.5,Other,6.34,3,No,0,0,1,0,61,47,0,1,Placed
Male,State,88.5,CBSE,68.7,Information Technology,6.58,4,Yes,2,0,6,1,100,53,0,2,Placed
Female,State,49.5,CBSE,46.3,Civil,3.5,1,Yes,4,0,2,0,51,36,1,0,Not Placed
Female,ICSE,70.9,State,67.3,Electronics,6.68,3,No,1,1,1,0,100,35,1,0,Placed
Male,Other,61.4,Other,53.5,Computer Science,4.27,1,Yes,0,1,5,1,100,40,1,1,Placed
Female,CBSE,84.2,Other,78.2,Mechanical,6.73,4,No,0,1,2,2,53,59,0,4,Placed
Male,CBSE,82.6,State,80.1,Electronics,6.63,3,Yes,1,0,3,0,100,77,1,1,Placed
Female,CBSE,79.1,State,79.2,Mechanical,6.64,2,No,1,1,2,0,77,72,0,0,Placed
Male,CBSE,62.1,State,76.6,Electrical,6.07,3,Yes,2,0,2,0,84,62,0,1,Placed
Female,Other,84.4,State,65.3,Information Technology,5.67,3,Yes,3,2,2,1,100,51,2,1,Placed
Male,State,50.6,State,56.3,Electrical,5.25,2,Yes,3,2,2,3,100,51,0,2,Not Placed
Male,State,47.7,ICSE,44.3,Mechanical,3.5,1,Yes,1,1,2,0,91,46,0,2,Not Placed
Female,State,54.1,State,59.9,Information Technology,4.79,1,Yes,1,1,2,4,100,55,1,0,Not Placed
Female,CBSE,71.5,State,72.9,Electronics,6.02,3,No,1,0,1,2,66,74,0,0,Not Placed
Male,CBSE,81.5,State,66.3,Information Technology,5.75,2,Yes,1,1,2,1,79,57,0,1,Placed
Male,State,30.3,State,28.7,Other,3.5,1,No,0,0,0,2,36,33,0,1,Not Placed
Female,State,90.5,State,88.0,Mechanical,7.95,5,No,1,2,0,1,64,63,2,0,Placed
Female,CBSE,73.8,State,70.6,Computer Science,6.19,3,Yes,0,1,2,1,78,59,1,4,Placed
Female,State,50.1,CBSE,50.4,Information Technology,4.87,2,Yes,3,0,3,0,100,51,0,2,Placed
Female,ICSE,73.4,CBSE,76.6,Electronics,5.38,1,Yes,1,1,2,2,77,58,0,1,Not Placed
Female,State,87.3,State,87.8,Computer Science,9.47,5,Yes,2,0,3,0,100,100,1,0,Placed
Female,State,80.4,ICSE,70.0,Computer Science,8.63,5,Yes,2,1,2,0,100,63,2,0,Placed
Male,State,87.4,CBSE,72.0,Information Technology,5.78,1,Yes,2,4,1,0,100,58,1,0,Placed
Male,State,52.9,State,42.1,Information Technology,5.64,1,Yes,0,1,4,1,100,67,0,0,Placed
Female,ICSE,66.2,CBSE,65.0,Information Technology,5.94,3,Yes,2,1,1,1,100,67,1,2,Placed
Female,Other,59.1,CBSE,45.1,Computer Science,6.27,4,Yes,0,1,6,0,100,58,1,0,Placed
Male,CBSE,96.0,Other,88.0,Computer Science,7.92,4,Yes,1,1,6,0,100,65,1,0,Placed
Male,State,81.0,ICSE,87.9,Mechanical,7.2,4,Yes,0,1,3,1,100,76,1,0,Placed
Female,CBSE,99.9,CBSE,86.4,Electronics,4.97,1,Yes,2,0,2,0,99,59,1,0,Placed
Male,CBSE,65.5,State,58.8,Computer Science,4.93,2,Yes,2,1,4,0,100,64,0,0,Placed
Male,State,61.9,CBSE,81.4,Information Technology,7.11,4,No,2,2,3,0,100,72,0,3,Placed
Male,Other,70.0,Other,82.6,Electronics,7.15,4,No,0,3,2,0,79,86,0,3,Placed
Male,CBSE,91.3,CBSE,75.8,Computer Science,5.73,1,Yes,2,0,1,0,92,81,1,1,Placed
Male,CBSE,66.9,CBSE,66.6,Computer Science,5.57,2,Yes,3,0,2,2,100,62,0,0,Placed
Male,CBSE,73.7,State,73.6,Computer Science,7.18,4,Yes,2,3,1,1,96,73,0,1,Placed
Male,State,73.4,ICSE,72.1,Civil,4.74,1,Yes,0,1,1,0,79,53,4,3,Placed
Female,CBSE,72.6,CBSE,87.6,Mechanical,7.21,4,Yes,1,4,1,0,81,56,1,5,Placed
Male,CBSE,62.9,State,63.0,Mechanical,6.61,3,Yes,2,1,2,0,88,47,5,1,Placed
Female,State,70.1,CBSE,69.9,Mechanical,6.29,2,No,0,1,1,0,74,71,5,0,Placed
Female,CBSE,69.5,Other,74.0,Mechanical,6.51,3,Yes,1,1,3,3,92,79,1,2,Not Placed
Male,State,71.9,CBSE,80.8,Information Technology,5.23,2,Yes,1,0,1,0,88,55,2,1,Placed
Female,ICSE,85.2,Other,88.3,Electronics,6.6,3,No,0,1,0,0,71,65,0,0,Placed
Male,CBSE,96.6,State,92.8,Computer Science,9.78,5,Yes,2,0,3,0,100,87,2,0,Placed
Female,State,60.2,State,44.6,Electronics,3.96,2,Yes,2,1,2,0,94,35,1,0,Placed
Male,State,66.5,Other,60.0,Civil,6.34,3,Yes,0,2,3,0,98,83,2,1,Placed
Female,State,60.4,Other,68.5,Electronics,5.5,3,Yes,0,1,2,0,100,55,1,0,Placed
Female,State,74.6,State,73.5,Information Technology,6.33,3,Yes,1,0,3,1,100,76,2,0,Placed
Male,CBSE,64.5,CBSE,71.6,Computer Science,7.02,4,Yes,0,4,3,0,100,46,0,1,Placed
Male,ICSE,75.4,State,90.4,Electronics,7.57,5,No,2,0,2,0,93,88,1,4,Placed
Female,ICSE,87.5,State,68.9,Mechanical,6.22,2,No,3,1,1,2,75,82,0,0,Placed
Female,CBSE,36.6,State,53.8,Electrical,4.21,2,Yes,4,2,5,0,71,48,1,1,Placed
Male,CBSE,78.9,State,70.9,Information Technology,5.39,1,Yes,1,0,2,2,77,64,2,0,Placed
Female,CBSE,65.6,CBSE,73.6,Mechanical,5.39,3,No,1,2,0,0,72,67,0,3,Placed
Male,CBSE,78.4,State,73.4,Electronics,5.89,2,Yes,3,1,4,0,92,67,1,1,Placed
Female,State,59.4,State,80.8,Electrical,6.5,3,Yes,1,1,2,0,90,66,0,0,Placed
Male,CBSE,88.7,CBSE,82.8,Electronics,7.92,5,Yes,0,2,1,1,100,68,1,1,Placed
Female,CBSE,84.8,State,72.2,Electronics,6.37,3,Yes,0,1,4,0,100,72,1,1,Placed
Male,ICSE,80.0,State,79.2,Electronics,7.18,3,No,2,1,1,0,82,58,1,1,Placed
Male,CBSE,83.1,State,80.6,Mechanical,6.77,3,Yes,2,1,3,0,100,76,2,4,Not Placed
Male,ICSE,61.6,CBSE,72.6,Other,5.12,2,Yes,2,0,3,1,82,46,1,5,Placed
Male,State,63.3,State,67.0,Computer Science,6.27,2,No,1,0,0,0,94,51,1,0,Placed
Male,CBSE,82.5,CBSE,99.9,Computer Science,8.51,5,Yes,1,0,3,0,100,64,4,1,Placed
Male,State,61.3,State,59.9,Electrical,6.03,2,Yes,1,0,2,2,100,54,1,1,Placed
Female,State,92.2,ICSE,83.2,Electronics,6.05,2,No,1,0,2,2,88,76,3,1,Placed
Male,CBSE,67.5,State,59.6,Electronics,3.64,1,Yes,2,0,1,0,100,52,2,2,Placed
Male,CBSE,79.0,CBSE,75.1,Information Technology,6.84,2,Yes,1,0,3,0,100,64,1,1,Placed
Male,State,99.9,State,92.2,Computer Science,8.21,5,Yes,1,0,3,0,100,72,1,0,Placed
Male,Other,62.1,Other,64.4,Mechanical,5.42,2,Yes,2,1,6,2,96,73,2,1,Placed
Male,State,73.0,CBSE,70.4,Mechanical,6.0,3,No,3,0,2,0,100,40,0,0,Placed
Male,CBSE,86.8,ICSE,74.0,Information Technology,7.4,5,Yes,1,1,1,0,100,71,3,0,Placed
Male,State,85.3,State,70.2,Information Technology,5.95,2,Yes,2,1,2,2,100,51,0,1,Placed
Male,State,67.4,ICSE,61.8,Civil,5.07,2,Yes,2,2,1,0,65,53,0,0,Placed
Male,State,64.8,CBSE,75.0,Computer Science,6.85,3,No,2,1,1,0,54,66,0,1,Placed
Female,State,68.7,CBSE,80.1,Electrical,5.56,1,Yes,1,3,5,0,100,72,1,2,Placed
Male,State,92.3,Other,83.5,Computer Science,7.19,4,Yes,1,1,1,0,100,85,4,4,Placed
Male,ICSE,68.1,CBSE,56.7,Electronics,5.23,2,No,0,0,1,0,19,28,0,0,Not Placed
Female,State,73.1,CBSE,69.0,Electrical,7.41,5,Yes,0,1,3,0,98,62,0,0,Placed
Male,State,66.0,State,85.4,Mechanical,6.68,3,Yes,0,1,1,0,68,69,0,1,Placed
Female,CBSE,81.9,CBSE,86.4,Information Technology,7.6,4,Yes,2,1,2,0,100,87,2,1,Placed
Male,ICSE,74.2,ICSE,76.2,Mechanical,7.18,3,No,2,1,4,0,81,75,2,0,Placed
Female,Other,58.0,State,68.1,Information Technology,5.47,2,Yes,1,1,2,0,100,46,1,0,Placed
Female,CBSE,58.4,ICSE,74.2,Computer Science,7.96,4,No,0,0,2,0,100,76,0,1,Placed
Male,State,44.0,ICSE,36.5,Other,5.36,2,No,0,3,0,0,82,55,2,1,Not Placed
Female,CBSE,60.4,CBSE,56.4,Mechanical,5.04,2,Yes,1,1,3,1,100,44,2,1,Placed
Male,ICSE,83.1,CBSE,72.0,Electronics,5.79,2,Yes,1,1,1,3,100,54,4,1,Placed
Male,State,90.5,ICSE,88.7,Information Technology,9.03,4,No,2,5,0,0,100,79,1,4,Placed
Female,CBSE,81.6,State,77.8,Computer Science,7.67,4,Yes,4,2,2,0,100,66,0,2,Placed
Female,ICSE,79.8,Other,82.4,Computer Science,7.33,4,Yes,2,1,1,0,100,71,0,0,Placed
Male,CBSE,70.2,State,62.6,Electronics,6.95,3,Yes,1,2,6,0,100,65,0,1,Placed
Male,ICSE,82.8,CBSE,90.8,Mechanical,8.49,5,Yes,3,1,3,0,73,80,1,0,Placed
Male,State,76.0,ICSE,71.3,Electronics,5.93,2,Yes,0,1,3,0,55,63,1,0,Placed
Male,CBSE,97.3,CBSE,94.9,Civil,7.69,3,No,0,2,4,0,100,75,0,1,Placed
Female,CBSE,70.6,CBSE,79.9,Computer Science,7.61,5,Yes,1,0,1,0,100,63,5,0,Placed
Male,CBSE,90.8,State,94.3,Information Technology,7.96,4,Yes,1,1,4,0,100,71,0,0,Placed
Male,State,84.2,ICSE,81.8,Computer Science,5.97,2,Yes,0,1,3,1,100,70,1,0,Placed
Male,State,82.3,State,84.9,Information Technology,6.47,4,Yes,2,2,3,0,100,61,1,0,Placed
Male,CBSE,43.8,CBSE,65.3,Computer Science,4.92,1,Yes,1,0,4,1,100,59,1,0,Placed
Male,CBSE,85.0,CBSE,83.9,Other,7.3,4,Yes,2,1,1,0,73,76,1,0,Placed
Female,CBSE,70.2,CBSE,60.4,Computer Science,4.76,1,No,3,1,1,0,95,62,1,1,Placed
Female,State,65.8,CBSE,70.2,Electrical,6.19,3,Yes,5,0,3,0,100,54,1,2,Placed
Female,State,51.2,CBSE,53.0,Information Technology,6.89,3,Yes,3,5,5,3,94,53,0,1,Placed
Male,CBSE,71.9,State,45.4,Other,5.64,2,Yes,2,0,1,1,93,61,1,2,Placed
Female,State,72.5,Other,74.0,Electronics,4.76,1,Yes,1,1,6,0,84,37,2,0,Placed
Female,CBSE,53.8,CBSE,56.5,Electrical,3.97,1,Yes,1,0,1,0,85,52,0,0,Not Placed
Female,Other,51.4,CBSE,65.1,Computer Science,5.43,1,No,2,1,2,1,85,67,0,1,Placed
Male,Other,78.8,ICSE,66.6,Mechanical,4.68,1,Yes,2,2,3,0,86,34,3,3,Placed
Male,State,84.2,State,63.1,Electrical,4.06,1,No,3,2,5,2,95,50,1,0,Placed
Male,Other,74.7,Other,72.7,Computer Science,6.62,3,No,1,0,1,1,77,59,1,1,Placed
Male,ICSE,88.1,CBSE,84.9,Computer Science,8.05,5,Yes,2,1,2,0,100,93,2,1,Placed
Male,ICSE,70.8,CBSE,69.0,Information Technology,7.14,4,Yes,4,1,5,0,93,84,0,1,Placed
Male,State,71.2,State,68.6,Electrical,5.48,3,Yes,3,1,6,1,88,82,0,1,Placed
Male,CBSE,59.2,State,48.7,Electronics,4.52,1,Yes,1,2,1,0,100,62,0,0,Placed
Female,CBSE,50.2,State,51.3,Electronics,5.25,1,No,1,2,2,0,73,65,0,0,Placed
Male,CBSE,98.0,State,85.0,Computer Science,7.33,4,Yes,2,0,1,0,100,100,1,0,Placed
Male,State,87.8,CBSE,91.6,Computer Science,8.58,5,Yes,1,0,3,0,100,84,2,0,Placed
Female,CBSE,52.5,State,58.2,Civil,5.47,3,Yes,2,2,3,0,74,60,0,0,Placed
Female,CBSE,74.2,State,67.9,Computer Science,5.97,2,Yes,0,1,3,0,100,77,2,0,Placed
Female,State,70.6,State,85.2,Electronics,5.47,2,Yes,1,1,2,1,99,63,2,0,Placed
Female,CBSE,68.2,State,63.5,Electrical,6.93,3,Yes,2,1,1,0,70,55,0,0,Placed
Male,State,66.3,State,70.3,Computer Science,5.85,2,Yes,1,1,3,0,100,55,3,1,Placed
Female,Other,77.3,CBSE,71.3,Mechanical,6.36,3,Yes,1,1,4,1,100,61,3,0,Placed
Male,State,83.5,CBSE,93.9,Computer Science,6.28,3,Yes,1,1,5,0,100,70,0,5,Placed
Male,State,77.6,State,74.1,Electronics,6.41,2,Yes,3,1,3,0,100,59,1,1,Placed
Male,State,70.3,CBSE,68.9,Computer Science,6.47,3,Yes,0,0,1,1,84,46,0,2,Placed
Male,State,69.8,State,66.0,Mechanical,5.82,2,No,0,2,0,1,87,71,2,1,Not Placed
Male,CBSE,85.1,ICSE,80.8,Information Technology,9.76,4,Yes,2,2,4,0,100,100,0,0,Placed
Female,ICSE,78.5,CBSE,85.9,Information Technology,6.82,3,Yes,0,1,2,0,100,57,0,2,Placed
Female,CBSE,73.0,CBSE,78.2,Electronics,7.42,4,Yes,2,1,3,0,100,60,1,0,Placed
Female,CBSE,71.5,Other,68.9,Computer Science,6.85,2,Yes,0,0,1,0,100,60,2,0,Placed
Male,ICSE,76.8,CBSE,89.6,Mechanical,6.61,4,Yes,2,0,1,1,96,58,2,0,Placed
Female,CBSE,65.4,CBSE,72.8,Information Technology,7.26,4,No,1,0,5,0,100,65,0,1,Placed
Female,CBSE,83.5,CBSE,73.2,Mechanical,6.01,2,No,3,0,4,0,87,62,2,0,Placed
Male,CBSE,56.9,State,43.9,Computer Science,5.54,3,Yes,1,2,2,1,100,57,0,0,Placed
Female,CBSE,66.2,CBSE,60.5,Mechanical,7.1,4,No,0,4,1,0,69,59,0,1,Placed
Male,CBSE,80.6,State,79.6,Computer Science,7.21,4,Yes,4,0,6,0,100,86,1,3,Placed
Male,CBSE,56.1,State,63.0,Information Technology,5.64,1,Yes,1,0,1,0,83,47,0,1,Placed
Female,State,50.0,CBSE,66.1,Computer Science,7.14,4,Yes,2,2,4,0,100,61,0,0,Placed
Male,ICSE,72.9,CBSE,58.7,Mechanical,6.47,3,Yes,0,1,1,4,97,84,2,0,Not Placed
Male,CBSE,48.2,State,46.8,Computer Science,4.15,2,Yes,2,1,4,1,100,47,2,1,Placed
Female,ICSE,53.8,State,43.6,Electrical,3.88,1,No,0,5,2,1,86,46,1,1,Not Placed
Female,CBSE,82.6,CBSE,63.6,Electrical,6.19,2,Yes,0,1,2,0,91,52,0,1,Placed
Male,CBSE,69.1,CBSE,60.5,Computer Science,5.71,2,Yes,1,1,3,2,90,59,1,1,Placed
Male,CBSE,90.0,State,86.2,Electronics,6.34,4,Yes,4,1,2,0,89,68,0,0,Placed
Male,State,55.1,ICSE,64.0,Computer Science,6.55,4,Yes,0,0,1,0,100,64,0,1,Placed
Female,State,70.7,CBSE,58.5,Information Technology,6.21,4,Yes,0,1,2,2,97,63,0,2,Placed
Male,State,77.6,State,65.1,Mechanical,5.33,2,No,0,0,2,3,93,69,0,1,Not Placed
Male,ICSE,55.6,CBSE,38.9,Mechanical,3.98,1,Yes,2,1,1,0,70,27,0,2,Not Placed
Female,State,86.4,CBSE,81.9,Electronics,6.4,2,Yes,2,0,2,0,77,72,0,1,Placed
Male,State,79.1,CBSE,67.0,Information Technology,5.17,1,Yes,0,1,1,3,97,59,2,1,Not Placed
Male,Other,49.5,ICSE,68.8,Information Technology,5.82,2,Yes,2,1,3,1,100,68,2,2,Placed
Male,CBSE,71.5,State,72.7,Computer Science,6.69,2,Yes,1,0,5,0,100,76,1,0,Placed
Female,CBSE,77.4,ICSE,71.3,Mechanical,4.71,1,Yes,1,0,1,0,82,52,0,0,Placed
Male,State,63.7,State,56.4,Electronics,4.88,1,Yes,0,2,1,1,79,48,1,0,Not Placed
Male,State,51.3,ICSE,38.5,Mechanical,3.98,1,Yes,0,1,3,1,100,48,1,3,Not Placed
Female,CBSE,75.9,CBSE,58.2,Computer Science,6.76,3,Yes,1,2,2,0,100,55,2,1,Placed
Male,CBSE,99.9,CBSE,83.7,Information Technology,6.96,4,No,0,2,2,0,95,69,0,1,Placed
Male,State,66.6,Other,58.0,Information Technology,4.45,1,Yes,1,0,2,0,74,49,3,1,Placed
Male,State,94.0,State,75.5,Computer Science,6.62,3,Yes,0,1,3,0,100,78,0,1,Placed
Male,CBSE,61.5,ICSE,64.9,Information Technology,5.51,2,Yes,1,2,2,0,100,59,0,1,Placed
Male,Other,75.0,CBSE,76.4,Civil,6.76,3,No,0,1,1,1,94,70,4,0,Placed
Male,ICSE,82.8,CBSE,72.5,Electrical,5.86,2,Yes,0,2,3,0,100,60,0,2,Placed
Male,State,71.9,State,88.3,Electronics,4.9,2,No,0,1,3,2,80,63,3,0,Not Placed
Male,State,67.8,CBSE,48.4,Information Technology,8.27,5,Yes,0,1,2,0,100,70,1,1,Placed
Female,ICSE,82.2,State,77.2,Computer Science,7.05,4,Yes,4,2,4,0,100,63,1,1,Placed
Female,CBSE,98.5,State,86.7,Electrical,7.17,5,Yes,1,0,1,0,80,78,3,0,Placed
Female,CBSE,76.2,CBSE,66.6,Computer Science,4.84,1,Yes,2,1,4,1,100,41,0,0,Placed
Female,State,64.8,CBSE,56.6,Electrical,3.81,2,Yes,2,0,2,3,100,47,0,1,Not Placed
Male,ICSE,69.3,CBSE,66.9,Information Technology,6.07,2,Yes,1,0,1,0,100,79,0,0,Placed
Female,CBSE,99.9,CBSE,87.7,Information Technology,7.8,5,No,1,0,4,0,100,63,0,1,Placed
Male,Other,73.9,State,66.5,Electrical,6.4,3,Yes,2,1,2,1,87,52,3,0,Placed
Female,State,63.7,CBSE,49.8,Computer Science,5.35,2,Yes,2,2,3,1,87,63,1,0,Placed
Female,CBSE,56.0,CBSE,40.8,Electronics,3.5,1,Yes,3,0,5,5,100,48,1,2,Not Placed
Female,CBSE,46.4,ICSE,46.9,Electronics,3.5,1,Yes,1,2,3,0,100,31,1,0,Placed
Female,CBSE,77.1,State,68.8,Computer Science,6.28,4,Yes,0,0,3,2,100,51,0,1,Placed
Female,ICSE,81.2,CBSE,73.9,Information Technology,6.12,2,Yes,0,0,2,0,100,41,2,0,Placed
Male,Other,66.4,State,63.7,Mechanical,4.4,2,Yes,2,3,5,0,100,33,3,0,Placed
Male,State,71.8,Other,63.6,Mechanical,6.28,3,Yes,1,0,1,0,98,59,1,1,Placed
Female,Other,55.6,CBSE,54.6,Computer Science,4.03,1,No,3,0,4,2,97,58,2,1,Placed
Male,ICSE,73.9,State,61.9,Electrical,6.03,2,No,0,0,2,0,88,69,0,4,Placed
Female,State,78.7,State,89.3,Computer Science,6.44,3,No,1,0,2,1,100,78,1,0,Placed
Female,State,64.5,CBSE,55.4,Computer Science,5.62,2,Yes,2,1,2,0,100,41,3,1,Placed
Male,State,95.7,ICSE,83.1,Computer Science,8.14,5,No,1,0,0,0,100,92,0,1,Placed
Female,State,60.3,Other,53.0,Computer Science,5.04,2,Yes,2,1,2,1,100,58,3,1,Placed
Female,CBSE,76.0,Other,64.6,Computer Science,7.62,4,No,0,1,3,0,67,52,0,0,Placed
Female,State,83.9,CBSE,78.2,Other,8.21,5,No,1,1,2,0,76,62,0,1,Placed
Female,CBSE,70.9,CBSE,67.2,Information Technology,6.38,3,No,0,2,2,1,79,70,2,1,Placed
Male,ICSE,69.4,Other,62.5,Computer Science,6.45,3,Yes,1,0,6,0,100,71,2,3,Placed
Female,ICSE,52.0,State,51.2,Computer Science,6.18,4,Yes,2,1,6,0,100,53,1,3,Placed
Female,CBSE,91.0,CBSE,76.1,Mechanical,6.84,2,No,2,1,1,0,83,62,0,0,Placed
Male,CBSE,69.6,State,71.2,Civil,6.32,4,No,2,0,0,0,100,69,2,1,Placed
Male,State,79.5,CBSE,95.2,Computer Science,7.62,4,Yes,1,2,2,0,100,80,3,2,Placed
Female,State,81.4,CBSE,67.3,Computer Science,4.76,1,Yes,1,1,4,2,100,60,1,3,Placed
Male,CBSE,63.2,ICSE,66.3,Computer Science,4.96,1,Yes,2,0,2,0,100,41,2,0,Placed
Female,State,69.2,CBSE,67.3,Computer Science,8.42,5,Yes,0,0,2,0,94,74,1,3,Placed
Female,CBSE,90.7,CBSE,89.7,Computer Science,8.02,5,Yes,2,0,3,0,93,82,5,0,Placed
Male,CBSE,56.4,CBSE,64.3,Information Technology,5.76,2,Yes,0,2,3,3,100,61,1,1,Not Placed
Female,CBSE,99.9,State,92.0,Computer Science,9.02,5,Yes,2,2,6,0,88,85,1,1,Placed
Female,CBSE,61.6,CBSE,60.8,Electronics,4.88,2,No,1,1,2,1,77,44,0,2,Not Placed
Male,ICSE,55.5,State,52.3,Computer Science,5.82,2,Yes,0,0,6,0,100,59,3,1,Placed
Male,Other,73.9,State,62.8,Electrical,5.6,2,Yes,3,1,3,3,100,40,1,2,Not Placed
Male,State,99.9,ICSE,89.0,Electrical,7.65,4,Yes,1,2,4,0,100,79,1,1,Placed
Male,State,45.2,CBSE,36.1,Electronics,3.64,1,Yes,1,1,2,1,84,52,0,0,Not Placed
Female,CBSE,70.0,ICSE,61.6,Information Technology,4.94,1,Yes,1,0,4,3,100,56,0,0,Not Placed
Male,State,78.7,CBSE,85.1,Information Technology,6.59,2,Yes,0,0,5,0,100,61,0,0,Placed
Female,CBSE,72.5,State,70.4,Information Technology,5.67,2,Yes,2,1,3,4,91,56,4,0,Placed
Male,State,77.3,State,81.9,Mechanical,6.72,4,No,1,0,2,1,80,60,2,2,Placed
Male,Other,61.9,CBSE,76.1,Information Technology,5.35,2,No,1,2,4,1,100,62,1,1,Placed
Female,CBSE,63.6,State,60.9,Civil,4.14,2,Yes,0,0,2,3,82,48,3,3,Not Placed
Female,ICSE,69.9,CBSE,69.5,Electrical,6.09,3,Yes,1,2,2,0,100,53,2,1,Placed
Male,CBSE,56.2,CBSE,54.1,Information Technology,5.2,2,Yes,3,1,5,1,100,64,4,3,Placed
Male,CBSE,71.4,CBSE,60.4,Electronics,5.7,2,Yes,2,1,3,0,100,54,3,2,Placed
Male,CBSE,66.6,State,55.4,Computer Science,5.46,3,No,1,1,3,2,72,57,0,1,Placed
Male,CBSE,65.4,CBSE,72.5,Computer Science,8.88,4,No,3,0,3,0,80,93,4,0,Placed
Female,CBSE,76.5,CBSE,74.5,Information Technology,6.76,3,Yes,1,0,3,2,100,55,2,0,Placed
Male,CBSE,46.5,CBSE,68.3,Computer Science,6.0,3,Yes,1,4,1,0,98,77,1,0,Placed
Male,State,68.8,State,76.3,Electrical,6.5,2,Yes,1,1,2,1,100,61,2,0,Placed
Male,CBSE,99.9,State,82.6,Computer Science,8.19,5,Yes,1,0,3,0,100,91,4,1,Placed
Female,State,56.8,CBSE,66.0,Information Technology,6.05,4,Yes,0,0,2,1,100,73,1,1,Placed
Female,Other,90.0,CBSE,79.4,Electronics,7.38,5,No,1,0,1,0,72,64,2,0,Placed
Male,State,72.8,State,81.8,Mechanical,7.07,5,No,1,0,4,1,50,66,0,2,Placed
Female,CBSE,63.6,ICSE,57.8,Information Technology,5.3,2,Yes,1,0,3,1,100,36,1,2,Placed
Male,CBSE,53.5,State,44.6,Civil,4.3,1,Yes,2,0,1,2,98,41,1,0,Not Placed
Male,ICSE,74.0,ICSE,62.5,Electronics,7.1,4,Yes,2,1,2,0,93,55,1,0,Not Placed
Female,State,92.3,CBSE,76.8,Information Technology,7.01,3,Yes,0,2,2,0,100,62,0,0,Placed
Female,State,66.6,Other,56.5,Computer Science,4.69,1,Yes,1,1,6,3,100,51,0,1,Not Placed
Female,CBSE,70.9,CBSE,62.4,Information Technology,5.57,3,Yes,1,1,3,0,100,62,0,3,Not Placed
Female,State,86.1,Other,88.1,Civil,5.12,2,No,0,0,1,2,100,56,0,1,Not Placed
Male,CBSE,76.8,CBSE,90.6,Electronics,7.61,5,Yes,0,0,2,0,100,77,0,1,Placed
Female,Other,50.0,State,39.2,Civil,5.03,2,Yes,0,1,5,0,100,43,1,0,Placed
Male,ICSE,73.4,CBSE,82.7,Information Technology,5.97,3,No,0,2,2,3,69,68,0,1,Not Placed
Female,CBSE,93.2,CBSE,80.1,Computer Science,7.24,4,Yes,3,0,3,1,100,70,3,0,Placed
Male,State,71.5,ICSE,72.1,Computer Science,7.47,5,Yes,0,1,2,0,100,60,2,1,Placed
Female,CBSE,33.6,State,28.0,Information Technology,4.6,1,Yes,1,4,1,1,100,35,1,0,Not Placed
Male,State,77.4,Other,78.3,Mechanical,7.64,5,Yes,0,2,6,1,100,71,2,0,Placed
Male,ICSE,69.2,State,46.8,Civil,3.5,1,Yes,1,0,3,0,51,44,0,1,Not Placed
Female,State,46.4,State,52.9,Information Technology,5.69,2,Yes,0,0,2,0,70,68,1,0,Placed
Male,CBSE,48.5,CBSE,53.9,Information Technology,3.95,2,Yes,0,3,1,1,100,40,2,1,Not Placed
Male,CBSE,85.7,Other,81.2,Information Technology,6.18,4,Yes,0,0,1,0,100,49,3,1,Placed
Male,ICSE,61.7,State,53.9,Information Technology,6.04,3,Yes,0,1,2,0,79,68,1,1,Placed
Male,State,59.3,State,65.0,Computer Science,6.27,3,Yes,0,1,2,0,100,68,1,4,Placed
Male,State,71.5,State,72.5,Computer Science,7.27,4,Yes,2,1,2,1,88,72,0,1,Placed
Male,CBSE,63.0,State,60.2,Computer Science,4.98,1,Yes,1,0,4,4,91,39,0,1,Not Placed
Female,CBSE,73.4,Other,76.8,Computer Science,8.22,5,Yes,1,1,6,0,100,75,1,0,Placed
Male,Other,69.2,CBSE,65.9,Computer Science,6.8,4,Yes,0,0,2,0,86,71,2,1,Placed
Female,State,55.2,CBSE,61.7,Computer Science,6.71,4,Yes,2,1,2,1,50,45,0,1,Placed
Female,State,64.8,CBSE,62.3,Electronics,4.68,2,Yes,1,1,3,0,100,62,0,0,Placed
Male,State,78.2,ICSE,75.8,Information Technology,7.78,4,Yes,5,0,4,1,100,78,1,0,Placed
Female,ICSE,72.6,CBSE,75.2,Other,6.0,3,Yes,2,1,1,0,100,76,2,0,Placed
Male,CBSE,70.9,CBSE,64.2,Computer Science,5.52,2,Yes,1,4,1,0,100,66,3,3,Placed
Female,CBSE,99.1,CBSE,77.0,Information Technology,7.37,4,Yes,2,2,2,0,81,48,3,0,Placed
Male,State,82.2,State,79.4,Information Technology,7.49,5,Yes,1,0,1,0,100,63,1,0,Placed
Male,State,83.9,State,89.8,Computer Science,6.97,4,Yes,1,1,5,0,100,80,0,0,Placed
Female,State,69.7,CBSE,70.3,Civil,7.72,3,Yes,2,1,2,0,91,59,1,0,Placed
Female,ICSE,75.1,Other,74.5,Computer Science,8.38,5,Yes,1,1,1,0,100,69,2,0,Placed
Female,CBSE,66.0,Other,64.1,Electrical,6.16,2,Yes,1,2,1,1,69,57,2,1,Placed
Male,CBSE,82.9,CBSE,84.6,Electrical,7.34,5,Yes,1,4,2,0,91,68,0,1,Placed
Female,Other,70.5,State,66.0,Electronics,6.19,3,Yes,1,1,3,0,80,40,3,1,Placed
Male,State,75.1,State,66.8,Electronics,4.55,2,Yes,0,2,3,0,86,56,2,1,Placed
Male,State,74.2,CBSE,81.7,Mechanical,6.81,2,No,4,0,2,0,36,63,1,0,Placed
Male,State,71.7,CBSE,63.5,Information Technology,6.02,2,Yes,1,2,5,1,96,62,1,0,Placed
Female,State,99.9,State,98.8,Electronics,7.5,4,Yes,3,2,4,0,100,77,1,0,Placed
Male,CBSE,62.7,State,73.1,Computer Science,6.37,3,Yes,1,1,4,1,100,42,1,1,Placed
Male,ICSE,62.5,CBSE,67.5,Computer Science,4.14,1,No,1,2,1,0,78,43,1,0,Not Placed
Female,ICSE,81.7,ICSE,63.8,Information Technology,4.96,1,Yes,2,1,2,1,83,44,2,0,Placed
Male,State,63.7,State,63.0,Electronics,6.52,3,Yes,2,1,2,1,100,63,2,0,Placed
Male,State,67.9,State,63.9,Electrical,7.16,4,Yes,0,3,2,1,100,73,2,1,Placed
Male,CBSE,56.8,CBSE,52.6,Computer Science,4.47,1,Yes,1,0,1,0,78,43,1,1,Placed
Female,CBSE,78.9,State,75.6,Civil,6.38,3,Yes,0,5,6,0,100,72,0,2,Placed
Male,CBSE,79.1,CBSE,82.0,Computer Science,8.22,5,Yes,1,0,4,0,100,92,1,1,Placed
Male,CBSE,67.6,State,61.1,Information Technology,5.3,1,No,3,1,1,1,98,61,0,0,Placed
Female,Other,82.0,ICSE,74.8,Information Technology,7.27,3,Yes,0,0,4,0,76,87,1,1,Placed
Female,ICSE,46.0,ICSE,47.1,Information Technology,4.83,1,Yes,1,0,3,3,97,37,1,0,Not Placed
Male,State,62.1,CBSE,73.2,Computer Science,7.73,5,Yes,2,1,1,2,100,83,0,3,Placed
Female,State,69.6,State,64.6,Electronics,4.64,1,No,0,0,1,0,81,47,2,0,Not Placed
Female,CBSE,55.6,Other,44.4,Civil,3.5,2,Yes,0,3,1,2,57,40,1,2,Not Placed
Female,Other,47.5,State,34.9,Information Technology,4.32,1,Yes,2,0,1,0,100,27,0,0,Not Placed
Male,CBSE,67.7,CBSE,69.4,Information Technology,6.4,3,No,1,0,0,2,88,82,1,1,Placed
Female,CBSE,81.7,State,68.7,Civil,5.71,1,Yes,1,2,2,0,60,50,4,2,Placed
Male,State,89.9,CBSE,89.1,Mechanical,7.71,3,Yes,1,2,2,3,73,83,0,1,Placed
Male,ICSE,64.3,ICSE,49.9,Information Technology,4.21,1,Yes,5,1,3,1,100,64,0,1,Placed
Male,ICSE,82.3,State,71.3,Computer Science,5.3,2,Yes,4,0,3,0,100,58,2,0,Placed
Male,CBSE,80.9,CBSE,62.4,Electrical,5.06,2,No,1,2,1,1,68,65,2,1,Not Placed
Male,ICSE,89.1,CBSE,86.2,Electronics,6.85,3,Yes,0,1,2,0,73,57,2,1,Placed
Female,CBSE,67.1,CBSE,71.8,Computer Science,6.31,4,Yes,1,5,1,0,97,73,2,1,Placed
Male,CBSE,46.8,Other,53.5,Computer Science,6.52,3,Yes,2,1,3,0,100,61,1,0,Placed
Male,ICSE,73.0,CBSE,58.9,Civil,5.82,2,No,1,2,0,1,72,53,0,0,Not Placed
Male,ICSE,57.8,State,50.9,Computer Science,5.69,1,Yes,4,2,3,3,100,48,1,3,Not Placed
Male,State,61.9,Other,63.8,Other,5.75,2,Yes,1,1,4,0,80,43,2,3,Placed
Female,State,67.8,CBSE,49.0,Computer Science,4.69,1,Yes,3,2,3,2,73,48,1,2,Placed
Male,ICSE,67.3,State,63.1,Civil,4.63,1,No,0,1,1,2,62,45,0,1,Not Placed
Male,ICSE,74.0,State,85.7,Information Technology,6.29,4,Yes,2,0,1,1,100,75,0,4,Placed
Male,ICSE,81.8,State,74.6,Information Technology,6.02,2,Yes,1,1,3,0,96,66,1,0,Placed
Male,State,66.9,CBSE,50.3,Electrical,4.68,2,No,2,0,4,1,80,51,0,0,Not Placed
Male,Other,77.5,CBSE,67.1,Information Technology,5.12,1,Yes,1,2,2,0,100,63,0,0,Placed
Female,Other,72.2,State,62.8,Electronics,5.83,2,Yes,0,1,2,1,100,48,4,0,Placed
Female,CBSE,85.1,Other,99.9,Computer Science,8.22,5,Yes,2,1,3,0,100,68,3,0,Placed
Male,ICSE,69.4,CBSE,83.7,Computer Science,6.98,4,Yes,1,2,1,1,65,59,0,0,Placed
Female,State,70.9,CBSE,75.5,Computer Science,7.85,4,Yes,0,1,5,1,100,71,1,0,Placed
Female,CBSE,66.8,CBSE,61.7,Mechanical,3.5,1,Yes,1,0,2,1,49,32,0,0,Not Placed
Female,State,69.7,ICSE,79.3,Computer Science,6.71,4,Yes,2,0,1,0,90,55,2,2,Placed
Male,CBSE,61.0,CBSE,49.4,Computer Science,3.5,2,No,1,0,1,0,100,27,0,0,Not Placed
Male,State,59.6,ICSE,70.5,Information Technology,6.6,2,Yes,2,0,2,1,89,63,0,1,Placed
Male,ICSE,82.9,CBSE,86.5,Electronics,7.91,3,Yes,1,0,2,0,100,75,2,1,Placed
Female,CBSE,56.8,Other,56.1,Mechanical,3.83,1,Yes,1,1,3,0,72,43,3,1,Placed
Female,State,67.5,State,77.0,Computer Science,5.8,2,Yes,0,0,2,0,100,71,1,1,Placed
Male,Other,86.2,State,75.2,Computer Science,5.26,3,Yes,1,0,2,0,82,58,1,1,Placed
Male,State,67.1,CBSE,52.7,Electrical,4.93,1,No,0,4,1,0,74,54,0,0,Not Placed
Female,CBSE,83.6,ICSE,87.5,Computer Science,7.28,5,Yes,0,5,3,2,66,78,0,2,Placed
Female,State,63.7,CBSE,61.9,Civil,5.07,2,No,0,1,1,0,67,40,0,1,Not Placed
Female,State,57.3,CBSE,64.0,Civil,5.13,2,Yes,0,0,1,2,51,72,1,0,Not Placed
Female,State,49.7,CBSE,70.5,Civil,5.01,3,Yes,0,2,2,5,79,47,4,0,Not Placed
Male,ICSE,90.4,ICSE,75.6,Computer Science,7.83,4,Yes,1,1,1,0,97,72,2,1,Placed
Female,State,56.1,ICSE,55.6,Civil,5.16,2,No,0,0,4,3,100,47,1,2,Not Placed
Female,ICSE,82.5,State,92.6,Mechanical,6.35,4,Yes,0,1,2,0,80,68,1,1,Placed
Male,State,58.0,State,65.2,Electronics,5.21,2,No,4,0,1,4,100,69,2,0,Not Placed
Male,CBSE,90.4,CBSE,75.8,Information Technology,5.94,2,Yes,1,4,6,2,100,75,1,2,Placed
Female,State,99.9,ICSE,80.4,Computer Science,8.39,4,Yes,1,2,1,0,54,70,0,0,Placed
Male,State,48.4,ICSE,46.0,Computer Science,5.53,2,Yes,0,0,3,0,100,38,2,0,Placed
Female,State,56.8,State,50.2,Electronics,4.75,1,Yes,1,1,3,3,74,66,3,1,Not Placed
Female,CBSE,82.8,State,79.5,Electronics,8.3,5,Yes,1,1,2,1,100,92,0,0,Placed
Female,CBSE,79.2,Other,75.2,Information Technology,7.99,4,Yes,0,2,2,1,100,52,0,0,Placed
Male,CBSE,82.9,ICSE,80.0,Information Technology,6.79,2,Yes,0,1,4,0,100,71,1,2,Placed
Male,CBSE,64.0,State,54.6,Information Technology,4.98,2,Yes,2,0,2,0,100,38,4,0,Placed
Female,State,99.8,CBSE,89.1,Electronics,7.07,4,Yes,3,0,3,0,100,72,2,1,Placed
Male,CBSE,73.7,State,49.7,Electrical,3.82,1,No,2,0,1,2,91,45,0,0,Not Placed
Female,ICSE,55.0,State,57.7,Computer Science,7.21,5,Yes,0,3,1,0,100,70,2,0,Placed
Female,CBSE,68.5,CBSE,78.1,Information Technology,5.97,3,No,1,3,1,3,100,47,0,0,Not Placed
Male,CBSE,55.2,CBSE,42.2,Computer Science,5.42,2,No,0,0,0,1,100,66,2,0,Not Placed
Male,State,94.3,State,90.6,Electronics,8.11,4,Yes,2,0,1,0,100,70,1,1,Placed
Male,CBSE,62.8,State,56.0,Mechanical,4.77,1,No,1,1,2,1,100,46,0,0,Not Placed
Male,ICSE,78.9,State,82.2,Electrical,8.42,4,Yes,1,2,2,0,100,81,2,0,Placed
Female,CBSE,65.4,CBSE,65.6,Computer Science,4.76,1,Yes,1,0,1,0,100,48,2,1,Placed
Female,State,63.4,ICSE,66.6,Other,5.66,2,Yes,2,1,1,0,72,62,1,0,Placed
Female,ICSE,45.3,State,49.6,Computer Science,4.68,1,Yes,1,0,1,1,100,52,2,0,Not Placed
Female,State,80.4,CBSE,88.6,Electronics,8.22,5,No,1,1,1,0,81,84,0,4,Placed
Male,CBSE,90.2,CBSE,86.1,Computer Science,7.81,4,Yes,1,2,2,0,100,80,0,0,Placed
Female,State,59.2,ICSE,52.3,Electrical,3.5,1,Yes,2,1,1,0,68,26,1,1,Not Placed
Female,State,50.4,ICSE,53.8,Electronics,6.21,2,Yes,0,1,3,0,93,62,1,0,Placed
Female,Other,83.2,CBSE,73.7,Mechanical,6.63,3,Yes,0,2,1,0,100,81,2,2,Placed
Female,ICSE,49.0,Other,53.4,Civil,3.84,1,No,2,2,0,1,56,35,0,1,Not Placed
Male,CBSE,89.1,CBSE,77.6,Computer Science,6.63,3,Yes,2,0,6,0,100,67,0,0,Placed
Female,Other,59.3,Other,52.7,Computer Science,4.16,1,Yes,1,1,2,1,100,57,1,0,Not Placed
Male,CBSE,56.6,CBSE,59.4,Electrical,5.16,2,Yes,1,2,1,0,89,63,0,1,Placed
Male,CBSE,75.5,CBSE,72.2,Information Technology,6.63,2,Yes,4,1,5,0,100,59,0,2,Placed
Male,ICSE,57.5,State,68.8,Computer Science,6.07,4,Yes,3,1,2,0,100,53,1,0,Placed
Female,CBSE,62.1,CBSE,57.4,Information Technology,5.13,3,Yes,0,0,5,1,100,54,0,0,Placed
Female,CBSE,77.0,State,52.9,Electronics,3.59,1,Yes,0,0,1,1,86,46,2,0,Not Placed
Female,CBSE,38.0,ICSE,39.9,Computer Science,4.8,1,Yes,1,0,4,0,100,54,0,1,Placed
Female,State,95.0,ICSE,70.0,Computer Science,4.72,1,No,0,1,0,0,71,32,0,0,Not Placed
Female,State,72.6,State,73.6,Computer Science,6.71,3,Yes,0,1,5,0,100,65,2,0,Placed
Female,State,53.9,State,38.7,Information Technology,3.5,2,Yes,2,3,3,3,100,39,3,1,Not Placed
Male,CBSE,57.8,CBSE,48.5,Electrical,4.65,2,No,2,1,0,1,58,28,1,0,Not Placed
Male,State,85.9,CBSE,75.8,Other,6.32,3,No,2,1,3,1,68,65,0,0,Placed
Male,Other,80.4,State,90.7,Electronics,7.86,4,Yes,0,1,2,1,100,71,1,1,Placed
Female,ICSE,91.4,CBSE,72.8,Computer Science,7.41,3,Yes,2,1,3,0,100,81,1,0,Placed
Female,CBSE,62.4,State,61.9,Electrical,6.42,3,No,1,2,2,0,69,56,0,0,Placed
Male,Other,76.2,State,77.9,Electronics,5.21,2,Yes,0,2,3,1,100,59,1,1,Placed
Male,State,78.0,CBSE,88.3,Computer Science,7.59,4,Yes,1,1,2,1,100,64,4,2,Placed
Female,CBSE,81.7,State,84.1,Electrical,8.73,4,Yes,2,0,5,2,100,94,0,0,Placed
Male,CBSE,87.8,CBSE,91.8,Mechanical,7.47,4,No,1,5,2,0,56,82,0,2,Placed
Female,CBSE,62.0,State,70.1,Mechanical,5.21,2,Yes,5,1,3,1,100,58,1,2,Placed
Female,State,70.4,ICSE,55.7,Mechanical,4.95,1,Yes,1,2,1,3,86,48,4,0,Not Placed
Male,CBSE,63.5,State,66.2,Computer Science,5.86,2,Yes,1,2,3,2,100,69,4,1,Placed
Male,State,71.3,CBSE,77.0,Computer Science,5.85,2,Yes,1,1,4,2,100,70,2,0,Placed
Female,CBSE,81.8,State,66.8,Mechanical,6.52,3,Yes,1,1,3,0,90,56,1,0,Placed
Female,Other,48.8,CBSE,45.8,Computer Science,5.4,2,Yes,1,5,1,1,52,39,2,1,Placed
Male,CBSE,87.5,State,72.6,Information Technology,5.32,2,Yes,1,2,1,2,100,50,1,1,Placed
Female,Other,56.1,State,64.8,Civil,5.43,2,Yes,1,2,3,0,100,57,2,1,Placed
Male,Other,67.7,State,65.1,Civil,5.02,2,Yes,1,1,1,1,87,50,2,0,Not Placed
Male,CBSE,89.4,ICSE,78.8,Information Technology,5.48,3,Yes,2,3,2,0,74,71,1,0,Placed
Female,State,76.6,State,59.6,Civil,3.9,1,Yes,1,2,3,1,98,58,0,0,Not Placed
Female,CBSE,76.8,CBSE,71.9,Civil,4.83,1,No,1,2,1,3,70,53,2,0,Not Placed
Male,Other,55.5,CBSE,50.9,Mechanical,4.66,1,Yes,1,0,2,1,88,54,0,1,Not Placed
Female,State,57.4,ICSE,60.5,Computer Science,5.42,2,Yes,0,1,2,1,80,64,1,1,Placed
Female,CBSE,85.2,CBSE,67.5,Computer Science,5.42,2,No,3,1,2,1,82,80,0,3,Placed
Male,CBSE,63.8,State,64.6,Information Technology,5.65,2,Yes,1,1,3,1,91,66,2,0,Placed
Male,CBSE,65.1,State,59.4,Computer Science,6.43,2,Yes,0,1,4,0,100,67,1,0,Placed
Female,Other,85.5,State,66.6,Computer Science,6.55,3,Yes,2,0,3,0,100,40,4,0,Placed
Male,State,57.3,ICSE,44.7,Computer Science,5.71,3,Yes,3,1,2,2,97,64,0,0,Placed
Male,ICSE,75.8,State,60.1,Information Technology,5.5,2,Yes,2,1,4,0,100,57,1,1,Placed
Male,CBSE,72.6,State,67.4,Electrical,7.27,4,No,1,2,2,0,81,60,1,0,Placed
Female,CBSE,72.0,ICSE,70.2,Computer Science,6.78,4,Yes,5,1,6,0,100,59,1,0,Placed
Female,Other,64.7,State,66.2,Mechanical,5.26,2,No,0,1,5,1,94,60,1,0,Placed
Female,CBSE,63.9,State,66.0,Mechanical,5.77,3,No,1,2,1,3,52,42,2,0,Not Placed
Male,Other,56.9,State,50.1,Computer Science,4.03,2,Yes,1,1,5,0,100,35,2,0,Placed
Female,CBSE,78.8,State,84.7,Electrical,6.68,3,Yes,2,5,2,0,93,77,3,3,Placed
Female,CBSE,62.6,ICSE,57.5,Electronics,5.72,3,Yes,3,1,2,2,43,63,2,1,Placed
Female,State,85.6,CBSE,83.7,Information Technology,7.79,4,Yes,2,1,1,0,100,91,0,0,Placed
Female,Other,68.9,CBSE,65.0,Mechanical,5.26,3,Yes,2,0,2,1,92,45,1,0,Placed
Male,Other,57.2,Other,61.7,Computer Science,8.37,5,Yes,2,2,3,0,100,65,2,1,Placed
Female,CBSE,68.7,State,64.4,Mechanical,5.43,2,Yes,3,2,6,0,100,59,0,0,Placed
Male,CBSE,66.2,CBSE,68.6,Computer Science,4.85,1,Yes,0,2,2,2,100,65,3,0,Not Placed
Male,State,86.1,State,79.5,Civil,7.56,5,Yes,0,0,3,1,100,78,1,0,Placed
Male,State,66.8,Other,73.2,Information Technology,7.1,3,Yes,2,5,4,0,100,71,0,1,Placed
Male,State,68.1,ICSE,57.9,Electronics,5.57,3,Yes,1,3,3,2,100,50,1,3,Placed
Male,CBSE,91.8,State,66.2,Computer Science,5.78,1,No,0,1,0,1,88,47,2,0,Not Placed
Female,Other,79.1,CBSE,64.6,Mechanical,5.95,3,No,3,1,4,2,50,41,1,1,Placed
Male,State,95.3,ICSE,97.2,Civil,9.08,5,No,1,3,2,2,78,82,0,0,Placed
Female,ICSE,89.6,State,80.7,Information Technology,7.23,4,No,3,1,3,0,96,65,0,0,Placed
Male,State,59.6,ICSE,60.6,Electronics,4.22,1,Yes,1,1,3,1,84,42,0,1,Not Placed
Male,State,85.9,CBSE,68.9,Information Technology,3.5,1,Yes,1,1,1,0,75,47,3,1,Placed
Female,Other,93.4,CBSE,85.7,Electrical,7.37,5,Yes,0,1,1,0,100,79,2,1,Placed
Male,State,93.5,State,74.9,Information Technology,5.78,2,Yes,4,1,3,0,100,56,2,0,Placed
Male,ICSE,85.8,CBSE,70.6,Civil,5.8,2,Yes,0,1,2,1,76,62,3,1,Placed
Female,Other,85.5,State,75.1,Civil,5.45,1,No,1,1,3,0,56,62,1,1,Placed
Male,State,67.8,Other,70.3,Information Technology,5.58,2,Yes,0,2,3,0,78,53,2,0,Placed
Male,State,60.3,State,65.7,Computer Science,5.48,2,Yes,1,2,1,0,100,52,2,0,Placed
Male,CBSE,67.1,ICSE,71.1,Information Technology,5.81,1,Yes,0,2,2,0,100,62,1,1,Placed
Female,CBSE,48.7,State,35.6,Civil,4.31,1,No,0,1,2,0,80,31,0,0,Not Placed
Female,CBSE,90.8,ICSE,83.0,Computer Science,7.81,4,Yes,2,2,1,0,100,100,2,1,Placed
Female,CBSE,68.0,ICSE,64.0,Electronics,4.67,2,No,0,1,0,1,90,55,1,1,Not Placed
Female,CBSE,90.1,State,67.3,Civil,4.71,2,Yes,2,1,2,0,95,43,0,1,Placed
Male,CBSE,54.8,State,56.3,Information Technology,5.8,2,Yes,2,1,2,2,100,61,0,0,Placed
Male,CBSE,87.2,State,77.9,Electronics,7.61,3,Yes,1,0,5,0,81,67,2,0,Placed
Female,State,65.1,State,68.9,Computer Science,7.31,4,Yes,0,1,5,0,100,78,1,1,Placed
Male,CBSE,54.0,CBSE,56.3,Computer Science,4.66,1,No,2,2,1,2,66,51,0,2,Not Placed
Male,CBSE,94.8,ICSE,80.6,Civil,7.43,4,Yes,3,3,3,2,100,77,3,0,Placed
Male,State,87.5,Other,89.9,Computer Science,6.14,2,Yes,2,0,3,0,100,42,2,1,Placed
Male,State,75.0,State,49.0,Computer Science,4.9,1,Yes,1,1,1,1,100,52,1,0,Not Placed
Female,State,72.5,State,68.7,Civil,6.2,3,No,2,1,1,4,85,77,1,0,Not Placed
Male,State,78.2,State,56.0,Information Technology,3.57,2,No,2,1,0,0,86,59,5,2,Placed
Male,ICSE,74.7,State,61.9,Other,7.31,4,No,0,4,0,0,77,86,1,1,Placed
Male,State,60.9,State,65.9,Other,6.88,2,No,5,1,2,0,72,77,3,2,Placed
Female,State,66.2,ICSE,51.9,Computer Science,5.86,1,Yes,0,2,3,0,100,55,1,1,Placed
Male,Other,99.5,State,75.4,Computer Science,5.93,2,Yes,4,1,2,0,100,73,2,0,Placed
Male,ICSE,99.9,CBSE,99.9,Mechanical,7.83,3,No,0,0,0,0,75,79,0,1,Placed
Female,State,93.9,ICSE,71.8,Information Technology,7.18,4,Yes,1,1,3,0,100,75,4,1,Placed
Female,State,78.7,State,90.5,Computer Science,6.77,3,Yes,2,1,3,1,91,81,0,0,Placed
Male,CBSE,67.3,ICSE,63.8,Mechanical,5.38,2,Yes,0,2,1,1,74,56,1,1,Not Placed
Male,State,60.8,CBSE,55.4,Computer Science,6.32,2,Yes,0,0,3,2,100,69,1,1,Placed
Male,Other,61.7,CBSE,66.9,Electrical,4.45,2,Yes,1,0,3,0,92,46,1,0,Not Placed
Male,State,64.3,Other,76.6,Computer Science,7.18,4,Yes,1,2,2,0,100,77,1,2,Placed
Male,Other,99.9,CBSE,78.5,Computer Science,5.42,2,Yes,0,1,6,0,100,63,0,1,Placed
Male,State,97.3,ICSE,82.9,Computer Science,6.44,3,Yes,1,3,1,0,100,63,0,1,Placed
Male,Other,82.4,ICSE,85.3,Other,6.49,3,Yes,1,1,3,0,100,79,1,0,Placed
Male,State,58.6,State,61.8,Mechanical,5.88,1,Yes,0,0,1,0,42,40,1,1,Not Placed
Female,CBSE,84.5,CBSE,89.4,Civil,6.48,4,Yes,1,1,2,0,61,65,1,1,Placed
Female,State,68.7,State,71.7,Information Technology,6.57,3,Yes,1,1,1,0,100,66,0,0,Placed
Female,CBSE,41.9,ICSE,64.5,Information Technology,5.37,3,Yes,0,0,3,2,100,72,2,1,Placed
Male,CBSE,76.0,State,73.8,Computer Science,6.22,3,Yes,1,0,2,0,100,63,0,1,Placed
Male,ICSE,60.2,State,62.4,Information Technology,6.98,4,Yes,2,0,6,0,100,64,1,0,Placed
Female,CBSE,60.7,State,63.7,Electronics,4.71,2,Yes,1,0,3,3,100,64,1,2,Not Placed
Male,ICSE,68.5,CBSE,65.0,Electronics,6.51,3,No,0,1,4,0,100,65,3,2,Placed
Male,CBSE,65.0,ICSE,72.2,Computer Science,6.59,4,Yes,1,2,1,2,100,58,1,0,Placed
Female,CBSE,71.5,ICSE,71.0,Electrical,5.55,2,No,2,0,1,2,75,82,1,1,Not Placed
Female,Other,70.8,Other,76.0,Computer Science,5.74,2,No,1,1,1,0,67,69,0,0,Placed
Female,CBSE,45.7,State,58.7,Other,4.18,1,Yes,1,3,4,3,88,44,1,0,Not Placed
Male,State,93.3,ICSE,89.3,Computer Science,7.04,4,Yes,5,1,3,1,100,72,1,0,Placed
Male,State,58.2,CBSE,63.7,Information Technology,5.81,2,Yes,1,2,5,0,100,48,0,0,Placed
Female,State,58.7,State,48.9,Information Technology,5.52,3,Yes,2,0,1,2,100,56,0,1,Placed
Male,Other,67.4,State,60.0,Information Technology,5.43,2,Yes,2,0,4,1,100,65,1,1,Placed
Female,State,70.5,Other,76.3,Electronics,6.35,3,No,0,1,1,1,96,48,0,0,Placed
Female,State,92.4,ICSE,98.5,Information Technology,8.13,5,Yes,1,2,2,0,100,84,0,0,Placed
Female,ICSE,75.8,Other,52.4,Information Technology,5.64,2,Yes,2,1,6,0,100,40,2,0,Placed
Male,CBSE,79.9,ICSE,69.2,Mechanical,6.48,4,Yes,2,4,4,0,89,60,1,1,Placed
Male,State,75.8,ICSE,72.1,Mechanical,4.84,2,Yes,1,1,5,1,97,58,0,1,Placed
Female,Other,75.2,CBSE,62.6,Civil,5.12,3,Yes,1,1,3,1,91,56,1,0,Placed
Female,State,76.3,ICSE,64.0,Computer Science,7.16,3,No,2,2,4,1,76,88,2,0,Placed
Female,ICSE,44.9,State,53.4,Electronics,3.89,1,Yes,3,0,4,2,90,48,2,0,Not Placed
Male,State,68.5,CBSE,82.2,Electronics,7.01,5,Yes,2,2,4,2,88,65,0,1,Placed
Male,ICSE,88.3,CBSE,60.9,Information Technology,5.6,2,Yes,1,1,3,1,100,48,0,0,Placed
Female,Other,99.9,State,88.2,Information Technology,7.02,5,No,0,0,3,1,100,67,2,0,Placed
Female,CBSE,55.1,CBSE,61.0,Information Technology,7.2,3,Yes,1,0,3,0,100,70,1,1,Placed
Female,CBSE,77.9,State,81.2,Computer Science,7.21,4,Yes,1,5,3,0,100,54,1,1,Placed
Male,State,64.0,State,66.2,Computer Science,7.56,4,Yes,2,1,2,0,100,57,1,1,Placed
Female,State,99.9,Other,99.9,Computer Science,8.4,5,Yes,1,0,3,0,100,87,4,1,Placed
Female,CBSE,53.0,ICSE,55.0,Mechanical,5.39,2,No,1,0,0,3,55,49,2,0,Not Placed
Female,CBSE,80.7,State,88.6,Mechanical,6.64,3,Yes,0,1,3,0,100,76,1,2,Placed
Male,CBSE,52.3,CBSE,47.8,Other,4.0,2,Yes,0,0,2,1,94,36,2,0,Not Placed
Male,Other,67.5,CBSE,66.2,Mechanical,6.07,3,Yes,3,0,5,0,74,53,0,2,Placed
Female,State,71.5,CBSE,56.5,Computer Science,5.96,2,Yes,0,2,3,2,100,68,5,1,Placed
Male,State,87.0,CBSE,89.3,Electrical,7.79,5,Yes,0,2,3,0,100,84,0,2,Placed
Male,CBSE,56.9,Other,56.5,Civil,5.31,1,Yes,1,5,2,0,100,39,0,1,Placed
Female,CBSE,81.3,State,79.6,Information Technology,5.77,2,Yes,0,0,4,0,100,46,2,0,Placed
Male,CBSE,72.3,CBSE,66.1,Electronics,5.17,2,Yes,2,3,1,0,72,44,1,2,Placed
Female,CBSE,75.8,CBSE,77.7,Other,7.22,4,Yes,1,0,4,0,89,64,2,3,Placed
Male,Other,85.4,State,83.0,Electronics,5.23,1,Yes,0,1,3,2,83,70,1,1,Not Placed
Female,Other,54.0,State,45.6,Electrical,4.68,2,No,0,0,0,0,41,30,0,1,Not Placed
Female,CBSE,83.3,CBSE,68.1,Computer Science,6.23,2,Yes,0,5,5,3,97,70,3,2,Placed
Male,CBSE,64.0,Other,62.7,Computer Science,6.74,3,Yes,1,5,2,0,100,60,0,1,Placed
Male,CBSE,87.3,CBSE,87.1,Information Technology,7.84,5,Yes,3,2,2,0,100,76,1,2,Placed
Male,State,76.7,CBSE,91.2,Electronics,6.93,3,No,0,0,1,1,98,69,1,0,Placed
Male,CBSE,69.1,CBSE,69.9,Civil,5.21,2,Yes,2,2,6,0,86,60,4,0,Placed
Female,CBSE,63.7,State,72.9,Other,5.67,1,Yes,3,1,4,0,79,69,1,1,Placed
Female,CBSE,83.5,CBSE,61.5,Information Technology,6.32,3,Yes,0,0,5,0,100,54,2,1,Placed
Male,ICSE,89.7,CBSE,99.9,Computer Science,6.32,3,Yes,1,0,2,1,100,84,1,1,Placed
Male,State,64.5,CBSE,69.4,Civil,5.95,2,No,1,1,0,0,62,67,0,0,Placed
Male,State,56.1,State,56.6,Electronics,4.48,1,No,1,2,2,2,81,45,2,0,Not Placed
Female,CBSE,81.7,CBSE,74.6,Computer Science,6.92,3,Yes,2,2,2,0,100,62,2,1,Placed
Male,Other,51.7,CBSE,42.7,Information Technology,4.89,1,Yes,0,1,3,1,98,62,1,0,Not Placed
Female,Other,53.7,State,47.1,Mechanical,3.5,1,Yes,0,1,3,4,42,34,0,1,Not Placed
Female,CBSE,57.1,CBSE,76.9,Civil,6.09,2,No,1,1,1,1,90,62,1,3,Placed
Female,CBSE,66.2,State,54.8,Information Technology,5.5,3,Yes,0,2,1,1,100,59,3,5,Placed
Male,State,53.3,CBSE,44.9,Information Technology,4.8,1,Yes,1,0,2,3,89,55,1,0,Not Placed
Female,CBSE,44.9,CBSE,41.7,Other,4.0,1,Yes,2,2,1,0,74,54,2,0,Not Placed
Male,State,56.1,State,45.1,Mechanical,3.5,1,No,1,1,4,2,93,45,1,0,Not Placed
Male,State,81.0,CBSE,75.9,Information Technology,5.77,2,No,1,1,4,0,100,64,2,1,Placed
Female,State,54.2,CBSE,66.5,Information Technology,4.88,2,Yes,0,0,4,0,100,57,2,1,Placed
Female,CBSE,67.2,State,59.3,Mechanical,5.75,1,Yes,0,1,1,0,100,45,0,0,Placed
Male,State,99.3,Other,75.7,Computer Science,6.72,4,Yes,1,0,1,2,100,65,2,0,Placed
Male,Other,71.3,State,71.4,Computer Science,6.49,3,Yes,3,3,4,1,100,55,1,1,Placed
Male,CBSE,76.8,ICSE,72.0,Electronics,4.75,2,No,4,1,3,0,71,62,0,0,Placed
Male,State,58.8,ICSE,69.1,Information Technology,6.26,3,Yes,2,5,5,0,100,57,1,3,Placed
Male,CBSE,99.9,Other,85.4,Electronics,7.72,4,No,0,0,3,0,100,87,0,1,Placed
Male,CBSE,64.4,ICSE,60.7,Computer Science,4.19,1,Yes,2,1,1,1,83,43,0,0,Not Placed
Male,State,68.8,State,65.1,Mechanical,5.15,2,Yes,2,4,6,1,100,49,0,0,Placed
Female,CBSE,90.4,CBSE,83.7,Information Technology,5.83,2,Yes,3,0,2,0,100,58,2,0,Placed
Female,CBSE,69.5,CBSE,63.2,Computer Science,5.63,2,Yes,1,0,4,1,100,44,1,2,Placed
Female,CBSE,72.7,State,64.0,Computer Science,5.25,2,Yes,1,1,3,2,100,48,1,1,Placed
Male,State,68.1,Other,47.6,Electrical,4.89,1,Yes,1,1,3,1,100,42,0,0,Not Placed
Female,State,68.2,State,60.5,Civil,5.38,2,No,0,0,2,2,49,62,0,3,Not Placed
Female,CBSE,77.2,State,80.1,Computer Science,8.27,5,Yes,1,5,4,0,90,74,0,1,Placed
Female,State,79.7,State,83.3,Civil,6.67,3,No,1,2,2,0,62,65,0,1,Placed
Female,CBSE,63.0,State,57.5,Electronics,5.64,3,Yes,1,1,4,0,70,50,0,1,Placed
Female,State,61.3,State,74.0,Other,5.71,3,Yes,1,0,1,0,61,69,0,3,Placed
Male,State,63.5,State,62.3,Information Technology,4.86,1,No,1,0,3,5,100,55,1,2,Not Placed
Male,State,52.4,CBSE,40.9,Mechanical,4.81,1,No,1,0,6,1,65,35,0,1,Not Placed
Female,Other,49.7,State,35.8,Computer Science,5.35,1,Yes,1,1,3,1,100,35,4,0,Placed
Female,Other,76.2,ICSE,84.3,Information Technology,7.91,4,No,2,1,5,0,100,72,2,2,Placed
Female,CBSE,85.1,ICSE,75.1,Other,6.4,4,Yes,1,0,1,0,100,78,2,1,Placed
Male,ICSE,84.2,CBSE,66.0,Electronics,5.01,2,Yes,1,3,4,0,100,54,0,1,Placed
Male,CBSE,38.7,ICSE,28.0,Information Technology,4.65,1,Yes,1,1,1,1,63,51,0,4,Not Placed
Male,Other,68.6,CBSE,62.5,Computer Science,6.48,2,Yes,3,0,3,0,100,80,2,1,Placed
Female,CBSE,56.6,CBSE,61.5,Mechanical,7.22,3,No,1,2,2,2,90,85,1,0,Placed
Female,CBSE,74.0,State,63.5,Electronics,4.69,2,Yes,2,0,3,1,98,49,0,0,Placed
Male,CBSE,66.2,CBSE,54.1,Information Technology,6.09,2,Yes,4,2,4,3,100,49,0,0,Placed
Male,CBSE,80.3,CBSE,69.7,Other,6.42,4,Yes,4,2,3,0,79,70,1,0,Placed
Male,State,71.7,CBSE,81.2,Computer Science,6.87,2,Yes,1,5,6,0,100,59,1,3,Placed
Female,Other,45.5,State,35.2,Information Technology,5.32,1,Yes,1,1,1,0,100,48,3,2,Placed
Female,State,58.5,CBSE,52.5,Electrical,5.22,3,Yes,3,0,4,2,100,43,2,0,Placed
Female,State,72.1,State,81.2,Information Technology,6.23,3,Yes,4,0,5,0,100,62,0,3,Placed
Male,ICSE,73.3,State,74.9,Computer Science,6.66,2,Yes,1,0,4,0,100,66,5,2,Placed
Female,CBSE,52.3,State,56.0,Electronics,4.39,1,Yes,2,2,3,0,100,44,1,0,Placed
Male,CBSE,50.5,ICSE,46.4,Civil,3.89,1,No,1,2,2,0,59,47,0,2,Not Placed
Female,CBSE,72.8,State,69.9,Computer Science,7.08,5,Yes,1,4,2,0,100,70,0,0,Placed
Male,CBSE,52.3,CBSE,48.8,Electrical,5.51,1,Yes,0,0,2,2,100,43,1,1,Not Placed
Male,CBSE,48.6,CBSE,42.9,Civil,4.29,1,Yes,1,2,2,1,81,34,1,1,Not Placed
Female,CBSE,65.8,State,53.5,Computer Science,4.7,1,Yes,4,0,4,2,100,43,0,0,Placed
Female,CBSE,65.2,State,71.7,Mechanical,6.4,4,No,0,3,2,0,69,75,3,0,Placed
Male,CBSE,59.7,CBSE,59.2,Information Technology,6.3,3,No,3,0,2,0,100,68,1,0,Placed
Female,Other,62.1,CBSE,64.7,Information Technology,4.23,1,Yes,2,2,3,0,98,31,2,2,Placed
Male,CBSE,72.2,ICSE,70.7,Civil,6.0,3,No,2,0,1,2,100,65,2,1,Placed
Male,State,61.9,State,65.8,Other,5.51,3,Yes,0,0,1,0,68,81,1,0,Placed
Male,State,73.0,State,67.2,Computer Science,7.13,5,No,1,2,3,0,100,71,2,2,Placed
Male,State,66.7,ICSE,60.2,Information Technology,6.06,2,Yes,0,3,4,0,73,56,1,3,Placed
Male,CBSE,74.3,ICSE,62.6,Information Technology,6.3,3,Yes,3,2,2,0,100,55,0,0,Placed
Male,CBSE,84.3,State,64.1,Information Technology,5.53,3,Yes,1,0,4,0,100,48,2,1,Placed
Male,CBSE,83.7,State,66.6,Information Technology,6.13,3,Yes,0,1,2,0,83,63,0,0,Placed
Female,CBSE,90.0,Other,78.8,Computer Science,7.87,4,Yes,0,0,1,0,100,55,0,1,Placed
Male,CBSE,83.7,State,61.7,Mechanical,5.35,1,No,1,2,1,0,100,49,2,3,Placed
Female,State,75.3,CBSE,57.7,Information Technology,5.71,2,No,3,0,1,1,71,54,0,0,Placed
Male,State,65.9,CBSE,74.8,Computer Science,5.38,1,Yes,1,3,4,0,100,71,1,0,Placed
Female,State,66.6,State,67.2,Civil,5.61,1,No,1,1,0,2,38,39,0,1,Not Placed
Male,State,59.7,Other,55.3,Civil,3.5,1,Yes,1,1,1,1,56,36,0,1,Not Placed
Male,CBSE,72.1,CBSE,91.8,Information Technology,7.3,3,Yes,3,2,2,0,100,82,2,0,Placed
Male,ICSE,81.8,CBSE,59.9,Information Technology,5.75,2,Yes,1,1,1,2,100,56,0,0,Placed
Male,CBSE,61.8,ICSE,71.1,Electronics,6.91,3,No,3,0,3,0,74,78,1,0,Placed
Male,State,71.5,Other,67.5,Information Technology,5.29,2,Yes,1,1,3,1,100,63,0,1,Placed
Female,ICSE,62.5,CBSE,69.7,Computer Science,6.77,3,Yes,1,0,1,1,100,58,1,0,Placed
Female,State,74.9,CBSE,72.3,Mechanical,7.42,4,No,1,1,2,0,73,69,1,0,Placed
Female,CBSE,64.3,State,44.5,Computer Science,4.22,1,No,0,0,1,3,95,36,1,0,Not Placed
Female,State,61.6,CBSE,62.2,Computer Science,4.55,2,Yes,1,1,2,0,72,49,0,3,Placed
Male,CBSE,62.5,ICSE,65.2,Computer Science,6.4,3,Yes,1,0,1,1,98,64,3,0,Placed
Male,CBSE,79.0,CBSE,52.3,Computer Science,4.23,1,Yes,1,2,3,0,98,54,2,0,Placed
Male,CBSE,70.6,CBSE,87.4,Computer Science,6.84,2,Yes,2,2,2,0,99,74,1,0,Placed
Male,CBSE,66.0,CBSE,67.6,Other,6.63,2,Yes,1,3,3,3,90,52,0,0,Not Placed
Male,State,75.7,CBSE,78.5,Information Technology,8.59,5,No,1,0,1,0,95,59,1,1,Placed
Male,ICSE,66.2,CBSE,53.0,Computer Science,4.44,2,No,1,2,0,0,96,53,3,0,Placed
Male,CBSE,87.8,CBSE,87.8,Computer Science,6.94,3,Yes,1,3,3,0,100,51,0,0,Placed
Male,Other,58.4,ICSE,69.7,Electrical,5.58,2,Yes,0,0,3,1,87,60,1,2,Placed
Female,Other,69.4,CBSE,69.6,Electronics,5.63,2,No,1,5,1,0,99,50,2,2,Placed
Female,Other,52.3,Other,54.1,Information Technology,7.06,4,Yes,0,0,1,1,97,62,0,1,Placed
Male,ICSE,67.1,CBSE,56.4,Electrical,4.64,1,Yes,0,0,3,3,97,49,2,3,Not Placed
Female,CBSE,48.5,State,49.2,Information Technology,4.65,2,Yes,1,1,1,0,77,49,1,0,Placed
Female,CBSE,82.4,CBSE,71.7,Information Technology,7.92,3,No,0,0,1,0,93,72,0,5,Placed
Male,State,82.7,CBSE,82.7,Computer Science,7.79,4,Yes,3,3,2,1,100,82,0,0,Placed
Male,State,83.0,State,68.8,Information Technology,7.16,3,Yes,3,0,4,0,100,70,0,0,Placed
Male,ICSE,72.4,State,74.9,Information Technology,5.85,1,Yes,1,1,1,0,100,74,1,1,Not Placed
Female,Other,59.7,ICSE,51.4,Mechanical,4.26,2,Yes,0,1,4,0,51,38,1,1,Placed
Female,State,60.8,ICSE,58.0,Information Technology,4.63,2,Yes,1,2,4,0,100,40,0,0,Placed
Male,CBSE,93.4,State,91.2,Electronics,8.25,4,Yes,2,0,6,1,100,83,1,0,Placed
Male,CBSE,92.1,State,77.0,Computer Science,8.01,4,Yes,0,2,5,0,100,74,0,2,Placed
Female,CBSE,73.7,ICSE,76.8,Computer Science,6.35,3,Yes,0,0,6,0,100,70,4,1,Placed
Male,State,64.8,State,69.1,Information Technology,5.96,2,Yes,0,2,4,0,100,61,3,1,Placed
Male,State,91.2,Other,80.7,Electrical,6.41,3,Yes,0,3,1,0,96,77,0,0,Placed
Female,ICSE,62.3,ICSE,73.3,Information Technology,5.17,3,Yes,1,0,2,1,100,63,1,0,Placed
Female,State,75.2,CBSE,72.2,Mechanical,5.49,2,Yes,2,0,1,1,100,48,2,0,Placed
Female,Other,90.9,CBSE,94.2,Computer Science,8.72,5,Yes,1,1,3,0,100,80,5,0,Placed
Female,State,60.3,State,78.2,Computer Science,6.2,2,Yes,0,0,2,0,100,67,0,0,Placed
Female,ICSE,83.6,State,75.3,Computer Science,6.88,2,Yes,1,0,5,1,100,64,0,2,Placed
Male,CBSE,79.3,State,80.9,Information Technology,5.88,2,Yes,0,0,6,3,100,58,0,1,Placed
Female,ICSE,71.4,ICSE,62.2,Computer Science,5.81,2,Yes,1,1,1,0,100,71,2,0,Placed
Male,State,58.1,CBSE,48.2,Computer Science,4.53,1,Yes,0,0,3,1,100,55,4,1,Placed
Female,CBSE,61.9,CBSE,59.5,Mechanical,4.17,1,Yes,0,1,2,0,80,40,0,1,Not Placed
Male,CBSE,76.1,CBSE,58.4,Computer Science,6.41,3,No,1,1,2,0,98,69,1,1,Placed
Female,Other,52.1,State,44.7,Electronics,5.27,2,No,1,2,1,1,42,54,1,1,Not Placed
Male,CBSE,73.8,State,76.3,Information Technology,5.89,3,No,3,3,5,1,55,65,3,0,Placed
Male,State,79.6,CBSE,69.6,Electronics,5.93,1,Yes,1,1,4,0,100,46,3,0,Placed
Male,CBSE,85.8,State,86.5,Electronics,7.26,5,No,0,1,0,0,74,73,2,0,Not Placed
Male,State,52.4,CBSE,57.3,Information Technology,3.89,1,Yes,2,0,2,1,86,36,1,0,Not Placed
Female,ICSE,90.4,CBSE,99.9,Information Technology,7.04,4,Yes,0,1,3,0,100,75,3,0,Placed
Female,CBSE,95.7,State,92.0,Mechanical,8.54,5,No,1,3,2,1,78,92,0,0,Placed
Male,State,77.7,CBSE,84.4,Electrical,5.98,1,Yes,0,2,3,1,77,60,3,2,Placed
Male,Other,57.5,State,62.1,Computer Science,7.07,3,Yes,0,0,6,0,100,64,1,3,Placed
Male,ICSE,67.4,ICSE,68.7,Computer Science,5.15,1,Yes,2,3,2,0,100,43,0,1,Placed
Male,ICSE,71.3,ICSE,80.1,Electrical,7.25,4,Yes,0,2,2,1,100,73,0,0,Placed
Male,State,75.8,CBSE,78.5,Information Technology,6.62,3,Yes,0,0,6,0,100,82,2,2,Placed
Female,CBSE,72.3,State,71.3,Electronics,6.08,4,Yes,1,2,3,1,100,84,0,3,Placed
Male,State,75.9,State,74.0,Information Technology,8.28,5,Yes,2,0,3,0,100,85,4,0,Placed
Male,State,70.7,ICSE,73.4,Computer Science,5.54,2,Yes,0,1,1,0,100,56,0,1,Placed
Male,CBSE,75.7,ICSE,65.1,Electronics,6.37,3,Yes,1,0,1,0,87,66,0,0,Placed
Male,CBSE,65.6,CBSE,57.1,Electronics,5.81,2,No,2,0,1,0,93,52,3,2,Placed
Male,CBSE,67.3,CBSE,79.7,Computer Science,10.0,5,Yes,0,2,2,0,100,89,1,0,Placed
Female,State,63.9,State,81.6,Information Technology,6.13,3,Yes,3,2,3,0,100,71,3,0,Placed
Male,ICSE,98.8,State,79.8,Civil,5.92,2,Yes,2,0,5,0,100,51,2,0,Placed
Male,CBSE,92.5,CBSE,77.7,Electronics,7.38,4,No,4,0,1,0,84,78,0,0,Placed
Male,State,79.8,CBSE,86.3,Computer Science,7.33,4,Yes,1,1,1,0,100,78,3,0,Placed
Male,Other,90.6,State,88.3,Electronics,6.92,2,No,0,2,0,0,91,64,2,1,Placed
Male,CBSE,83.2,CBSE,84.2,Mechanical,7.73,3,Yes,1,0,3,0,97,56,1,1,Placed
Female,State,74.5,CBSE,79.8,Civil,6.25,3,Yes,0,2,6,1,94,68,0,1,Placed
Female,Other,50.9,CBSE,50.8,Electronics,4.1,1,Yes,0,3,4,0,100,53,3,1,Placed
Female,Other,68.3,CBSE,69.5,Computer Science,7.07,5,Yes,0,1,3,0,100,64,4,1,Placed
Male,CBSE,67.3,State,68.0,Mechanical,6.16,2,Yes,1,0,1,0,41,54,0,0,Placed
Male,CBSE,56.1,CBSE,48.5,Mechanical,4.27,1,No,0,0,1,0,76,50,1,2,Not Placed
Male,CBSE,51.2,CBSE,56.6,Computer Science,5.25,3,Yes,2,0,4,0,100,47,1,1,Placed
Female,State,78.9,CBSE,86.6,Information Technology,6.61,3,Yes,1,0,3,0,100,77,0,1,Placed
Female,State,76.5,CBSE,69.0,Information Technology,6.94,3,Yes,1,2,1,4,100,64,0,3,Placed
Male,State,55.7,State,58.3,Mechanical,4.87,1,Yes,1,0,2,1,61,51,0,3,Not Placed
Male,CBSE,61.6,CBSE,63.3,Computer Science,5.32,1,Yes,0,0,1,0,96,59,1,3,Placed
Male,CBSE,88.3,State,78.4,Electronics,5.54,1,Yes,0,1,2,0,100,78,1,0,Placed
Female,State,59.7,CBSE,66.5,Electrical,6.13,3,Yes,0,2,5,2,72,62,4,2,Placed
Female,State,74.4,CBSE,64.0,Civil,5.0,3,No,0,0,0,2,72,43,1,3,Not Placed
Male,State,69.3,CBSE,80.3,Electrical,4.86,2,Yes,1,2,3,4,100,54,0,1,Not Placed
Male,State,79.1,CBSE,80.6,Other,5.56,1,Yes,3,1,2,2,100,57,0,1,Placed
Female,CBSE,60.0,State,50.6,Computer Science,4.98,2,No,1,1,6,0,100,56,2,2,Placed
Male,CBSE,73.3,State,87.0,Electronics,7.07,3,No,2,2,0,0,62,69,1,0,Placed
Male,CBSE,74.4,ICSE,72.5,Information Technology,6.29,4,Yes,4,0,4,0,100,64,0,0,Placed
Male,CBSE,75.2,CBSE,64.2,Civil,5.13,1,No,1,1,0,1,52,64,0,0,Not Placed
Female,CBSE,73.1,CBSE,80.9,Computer Science,5.83,3,Yes,1,2,4,0,100,73,0,3,Placed
Male,CBSE,76.8,CBSE,77.5,Other,5.65,2,Yes,3,3,2,0,85,58,2,0,Placed
Male,CBSE,99.9,ICSE,72.2,Electronics,7.36,3,No,1,0,1,2,62,84,0,0,Placed
Female,CBSE,99.9,CBSE,84.7,Civil,7.74,3,Yes,3,1,2,1,100,99,1,1,Placed
Male,State,63.1,State,65.1,Computer Science,6.65,3,Yes,2,0,4,0,100,56,0,1,Placed
Male,CBSE,39.5,CBSE,28.0,Computer Science,4.16,1,Yes,3,2,3,0,100,34,1,1,Placed
Male,State,80.3,CBSE,76.1,Mechanical,7.16,5,No,2,2,0,1,59,56,1,0,Placed
Male,State,74.6,Other,72.5,Computer Science,5.6,2,Yes,2,1,3,0,98,74,1,0,Placed
Female,State,86.9,State,68.3,Civil,5.77,2,No,1,0,3,2,85,50,5,2,Placed
Male,Other,76.0,ICSE,74.7,Computer Science,5.75,3,No,1,0,1,0,100,57,1,2,Placed
Male,CBSE,72.8,State,69.7,Mechanical,4.94,1,Yes,2,1,2,2,100,80,0,0,Not Placed
Female,State,87.8,State,68.9,Information Technology,6.61,2,Yes,2,5,3,0,100,75,0,1,Placed
Female,Other,89.8,CBSE,91.5,Electronics,8.4,5,No,1,2,2,0,83,78,0,0,Placed
Female,ICSE,52.6,State,62.8,Mechanical,5.31,3,Yes,1,2,3,0,100,56,2,1,Placed
Male,CBSE,60.6,CBSE,57.6,Information Technology,7.03,4,Yes,2,1,1,0,100,46,0,2,Placed
Male,CBSE,70.5,State,65.9,Computer Science,6.37,3,Yes,0,5,5,0,100,62,1,2,Placed
Female,CBSE,73.4,State,77.3,Computer Science,6.23,4,Yes,1,2,1,0,100,68,0,1,Placed
Male,State,68.8,ICSE,64.6,Electronics,4.82,1,Yes,0,1,2,0,100,43,0,0,Placed
Female,State,78.1,State,54.3,Electronics,6.05,3,Yes,2,2,2,0,76,58,0,0,Placed
Female,CBSE,85.9,State,84.3,Mechanical,7.0,4,No,0,1,4,0,68,90,0,2,Placed
Female,State,96.1,CBSE,78.9,Electronics,7.34,4,Yes,1,1,4,1,100,87,3,1,Placed
Male,State,80.1,CBSE,71.2,Information Technology,4.04,1,Yes,2,4,4,0,96,67,1,0,Placed
Male,State,60.1,CBSE,74.7,Information Technology,6.88,3,Yes,1,0,1,1,98,65,2,0,Placed
Female,ICSE,69.9,State,66.1,Computer Science,5.74,3,Yes,0,2,3,1,100,56,1,1,Placed
Male,ICSE,70.9,Other,68.2,Information Technology,4.98,1,No,3,1,1,0,95,61,0,0,Placed
Male,CBSE,79.2,CBSE,79.5,Other,6.51,4,Yes,1,3,6,0,100,62,0,0,Placed
Female,State,77.4,CBSE,78.1,Electrical,7.51,4,Yes,0,0,2,2,88,79,1,1,Placed
Female,CBSE,99.9,State,80.7,Information Technology,9.09,5,Yes,3,2,4,0,100,92,0,0,Placed
Male,State,65.5,ICSE,63.5,Electronics,5.95,2,Yes,2,0,2,1,100,82,2,2,Placed
Male,Other,77.4,State,73.4,Civil,5.43,2,No,2,0,1,0,44,42,1,3,Placed
Male,ICSE,99.9,CBSE,92.6,Information Technology,7.13,4,Yes,1,1,3,1,94,85,1,1,Placed
Female,State,63.8,Other,65.7,Computer Science,7.04,5,Yes,1,1,3,0,100,62,0,1,Placed
Female,CBSE,74.0,ICSE,96.4,Computer Science,7.27,5,Yes,1,4,3,1,100,92,1,4,Placed
Male,CBSE,58.8,CBSE,47.3,Electronics,5.23,2,Yes,1,0,2,2,80,53,0,0,Not Placed
Male,State,73.1,Other,79.6,Other,6.84,4,Yes,1,0,3,0,81,69,1,2,Placed
Female,CBSE,61.1,State,72.7,Mechanical,6.29,4,No,0,0,3,0,90,73,2,1,Placed
Male,State,86.7,CBSE,85.0,Computer Science,6.01,2,No,1,1,0,0,100,76,0,0,Placed
Male,CBSE,74.1,State,64.1,Computer Science,5.75,1,Yes,0,0,1,0,100,55,1,0,Placed
Female,CBSE,58.9,ICSE,75.8,Civil,4.91,1,Yes,0,4,3,0,78,57,1,1,Placed
Male,CBSE,83.8,State,55.9,Civil,4.4,1,Yes,2,1,2,1,67,40,0,2,Not Placed
Female,Other,74.5,CBSE,64.0,Electronics,6.59,4,Yes,0,2,2,1,88,64,2,0,Placed
Male,State,85.3,Other,90.7,Electronics,8.6,5,Yes,0,2,1,0,87,91,1,1,Not Placed
Male,CBSE,55.9,CBSE,53.2,Computer Science,5.55,2,Yes,1,1,3,0,100,70,2,0,Placed
Female,CBSE,77.2,State,88.9,Civil,6.57,4,Yes,1,3,2,0,90,52,1,0,Placed
Male,State,82.8,State,62.0,Civil,6.76,3,Yes,1,3,2,1,100,75,1,0,Placed
Female,CBSE,66.1,CBSE,53.5,Computer Science,4.85,1,Yes,0,0,5,0,100,58,3,2,Placed
Female,State,54.4,CBSE,50.5,Mechanical,3.66,1,Yes,1,3,3,1,79,30,2,0,Not Placed
Male,ICSE,71.4,ICSE,72.7,Computer Science,7.25,4,Yes,1,1,4,0,100,54,2,0,Placed
Male,State,89.2,State,79.7,Computer Science,7.49,4,Yes,4,0,2,0,52,69,1,0,Placed
Male,State,87.8,State,75.9,Computer Science,6.35,3,Yes,0,1,2,1,100,65,0,1,Placed
Male,State,66.0,State,78.7,Computer Science,7.11,3,Yes,2,0,1,0,100,71,2,0,Placed
Male,Other,54.0,State,70.6,Information Technology,6.79,2,Yes,0,1,6,1,100,82,0,0,Placed
Male,Other,66.0,State,60.4,Information Technology,5.91,3,Yes,0,2,3,2,100,44,1,0,Placed
Male,State,65.4,CBSE,47.0,Electronics,5.07,3,Yes,0,0,1,2,69,36,2,0,Not Placed
Female,CBSE,78.3,CBSE,52.2,Information Technology,4.74,1,Yes,2,0,2,1,100,36,0,0,Not Placed
Female,State,70.5,ICSE,70.3,Computer Science,6.94,3,Yes,0,4,1,0,100,79,0,0,Placed
Female,CBSE,61.5,State,67.7,Computer Science,6.32,2,Yes,0,1,2,0,100,70,2,4,Placed
Male,State,87.5,CBSE,81.3,Electronics,6.46,4,Yes,1,0,1,0,100,70,1,2,Placed
Male,State,74.0,Other,69.8,Information Technology,6.12,2,Yes,0,3,1,2,100,57,0,1,Placed
Female,CBSE,78.1,ICSE,65.5,Information Technology,5.97,2,Yes,0,3,2,1,92,58,2,0,Placed
Male,CBSE,47.9,CBSE,57.5,Civil,3.74,1,No,0,0,1,4,25,36,0,0,Not Placed
Male,State,38.1,Other,60.4,Mechanical,4.75,1,Yes,4,1,4,0,65,56,0,0,Placed
Female,ICSE,51.9,State,31.8,Civil,3.5,1,No,0,3,1,0,47,52,2,0,Not Placed
Female,State,65.3,CBSE,63.2,Information Technology,4.69,2,No,5,0,3,2,100,42,1,1,Placed
Male,State,80.1,CBSE,65.4,Computer Science,5.59,2,Yes,1,1,3,2,85,53,2,0,Placed
Male,CBSE,39.2,State,29.5,Mechanical,5.46,1,Yes,1,1,1,0,89,44,0,3,Placed
Female,State,94.3,ICSE,74.4,Computer Science,5.72,1,Yes,3,2,4,0,100,36,1,0,Placed
Female,State,74.4,CBSE,74.6,Information Technology,6.3,3,Yes,1,0,1,0,100,74,3,0,Placed
Female,State,91.0,CBSE,87.3,Computer Science,6.82,3,Yes,0,1,1,0,100,73,0,1,Placed
Female,CBSE,59.6,CBSE,74.3,Civil,6.02,4,Yes,1,0,2,0,50,63,0,4,Placed
Female,State,79.1,State,74.4,Computer Science,6.0,4,Yes,0,0,2,0,100,57,3,2,Placed
Male,CBSE,73.2,CBSE,52.3,Electrical,4.63,2,Yes,1,0,5,1,85,52,3,0,Placed
Male,CBSE,83.4,CBSE,75.2,Civil,5.54,1,Yes,2,0,2,0,68,57,2,1,Placed
Female,Other,68.7,State,52.7,Information Technology,6.18,2,Yes,0,2,2,0,100,59,2,0,Placed
Female,CBSE,78.6,ICSE,61.9,Mechanical,5.5,1,No,3,3,1,1,77,66,0,1,Placed
Female,CBSE,87.4,State,86.4,Electronics,6.31,3,No,1,2,1,1,75,70,3,0,Placed
Male,State,62.9,CBSE,64.1,Civil,6.22,2,Yes,0,1,1,0,85,45,2,0,Placed
Male,ICSE,75.4,State,77.4,Information Technology,5.97,3,Yes,1,0,1,0,89,62,0,0,Placed
Female,State,45.6,CBSE,45.6,Civil,3.5,2,Yes,2,0,4,1,63,50,2,0,Not Placed
Female,State,81.8,Other,84.3,Information Technology,7.28,4,No,0,0,0,0,96,71,2,0,Placed
Female,ICSE,99.4,ICSE,85.4,Electrical,8.72,5,No,1,2,2,0,64,86,0,1,Placed
Female,CBSE,54.6,CBSE,67.1,Information Technology,4.52,1,Yes,4,0,2,0,91,68,1,1,Placed
Female,CBSE,70.7,CBSE,71.5,Information Technology,5.25,1,Yes,1,4,1,0,97,67,2,2,Placed
Female,CBSE,84.3,State,76.2,Civil,6.93,3,No,1,2,3,1,82,73,1,1,Not Placed
Female,ICSE,72.4,State,71.4,Civil,5.36,1,No,0,5,2,4,65,58,1,2,Not Placed
Female,CBSE,74.3,State,70.5,Electronics,6.73,3,No,1,1,1,2,76,62,2,0,Placed
Female,CBSE,66.5,ICSE,80.8,Computer Science,6.4,3,Yes,0,1,1,1,85,65,2,1,Placed
Male,State,66.0,ICSE,67.0,Information Technology,6.28,4,Yes,3,0,3,1,100,77,2,2,Placed
Male,State,70.8,State,68.1,Other,7.4,4,No,0,1,0,1,66,73,0,0,Placed
Female,State,72.6,ICSE,67.1,Mechanical,4.69,1,No,0,4,4,2,81,51,1,1,Not Placed
Male,State,55.5,ICSE,65.1,Civil,6.45,3,No,0,0,1,0,56,57,0,1,Placed
Male,CBSE,71.1,ICSE,75.4,Computer Science,7.41,4,Yes,1,0,6,0,100,72,0,0,Placed
Male,State,94.0,Other,82.8,Information Technology,5.84,2,Yes,0,0,2,0,87,67,0,1,Placed
Male,State,66.1,CBSE,53.0,Electronics,5.55,1,No,2,5,2,0,83,50,1,1,Placed
Male,Other,54.7,CBSE,47.0,Civil,4.42,1,No,3,0,1,1,57,31,0,1,Not Placed
Male,CBSE,69.9,ICSE,65.6,Computer Science,6.25,4,Yes,2,2,4,0,100,67,0,0,Placed
Female,ICSE,62.0,ICSE,75.0,Civil,6.48,3,No,0,0,0,1,59,59,4,0,Placed
Male,State,53.3,Other,52.5,Electronics,4.7,1,Yes,0,2,3,3,88,43,1,2,Not Placed
Male,CBSE,73.9,CBSE,64.5,Computer Science,6.16,4,Yes,4,1,3,3,100,57,0,1,Placed
Male,State,62.1,State,44.0,Information Technology,4.88,1,Yes,0,0,3,1,100,41,3,0,Not Placed
Female,CBSE,63.3,CBSE,77.6,Information Technology,7.52,4,Yes,1,2,3,2,100,80,1,1,Placed
Male,Other,74.1,State,76.3,Electronics,5.19,2,No,0,2,2,2,100,69,1,0,Not Placed
Female,ICSE,50.5,CBSE,60.8,Computer Science,7.01,5,No,5,1,2,0,92,71,2,0,Placed
Female,CBSE,47.6,CBSE,60.3,Computer Science,4.78,2,Yes,0,2,2,1,100,55,1,0,Placed
Female,CBSE,81.4,CBSE,74.4,Civil,6.82,3,No,0,0,1,0,67,53,0,2,Placed
Male,CBSE,45.0,State,49.6,Computer Science,5.2,3,Yes,2,3,2,0,100,57,1,0,Placed
Female,CBSE,58.3,CBSE,73.6,Computer Science,5.53,3,Yes,0,0,2,1,96,80,4,0,Placed
Male,CBSE,46.8,CBSE,51.9,Information Technology,5.65,1,Yes,1,0,5,1,100,53,2,1,Placed
Female,CBSE,65.2,CBSE,69.8,Electronics,5.29,2,Yes,0,0,5,0,62,39,1,0,Placed
Female,State,78.0,CBSE,82.2,Mechanical,7.7,4,No,1,0,0,1,49,78,0,0,Placed
Male,CBSE,73.6,Other,76.6,Information Technology,6.14,2,No,0,1,3,0,80,45,0,1,Placed
Male,ICSE,99.9,CBSE,88.6,Civil,5.71,2,Yes,2,1,4,0,100,56,2,1,Placed
Male,ICSE,87.2,CBSE,80.1,Electronics,8.19,5,Yes,2,1,1,0,100,75,3,2,Placed
Female,State,59.0,ICSE,67.0,Computer Science,6.42,3,Yes,4,0,4,0,100,75,2,0,Placed
Male,ICSE,55.2,State,64.2,Computer Science,6.85,2,No,2,0,3,0,92,66,2,0,Placed
Female,CBSE,99.9,State,99.9,Information Technology,7.53,5,Yes,2,2,2,1,100,73,1,1,Placed
Male,CBSE,86.9,State,85.7,Information Technology,5.67,1,Yes,1,2,2,0,97,59,0,1,Placed
Female,State,80.3,Other,81.2,Mechanical,8.19,5,No,1,1,2,0,92,66,0,3,Placed
Female,State,73.0,CBSE,65.3,Electronics,5.84,3,No,1,1,0,2,77,53,1,1,Not Placed
Female,State,75.8,Other,66.0,Information Technology,6.53,3,Yes,0,0,1,1,100,62,2,1,Placed
Female,ICSE,51.3,ICSE,61.3,Computer Science,6.48,4,Yes,0,2,4,0,100,63,0,1,Placed
Male,Other,74.2,State,64.9,Computer Science,5.82,2,Yes,2,4,1,2,100,66,0,0,Placed
Male,State,73.0,State,69.5,Electronics,6.32,2,Yes,1,0,4,2,90,65,1,0,Placed
Female,ICSE,59.3,State,73.3,Information Technology,8.0,5,Yes,1,2,2,0,100,62,3,0,Placed
Male,CBSE,64.5,CBSE,75.6,Electronics,6.48,3,No,2,1,1,2,83,45,1,1,Placed
Male,CBSE,93.2,CBSE,87.9,Computer Science,8.46,5,Yes,3,0,4,0,100,75,1,2,Placed
Male,State,70.2,Other,64.7,Mechanical,3.81,1,Yes,1,1,3,1,79,67,2,1,Not Placed
Male,State,99.9,State,88.7,Civil,8.08,5,No,1,1,3,0,60,73,2,0,Placed
Male,State,47.6,CBSE,59.4,Computer Science,4.39,1,Yes,0,2,4,2,100,52,2,0,Not Placed
Female,CBSE,64.7,ICSE,63.2,Information Technology,6.82,4,Yes,4,2,4,2,100,50,0,0,Not Placed
Male,State,50.3,State,47.1,Other,4.81,1,Yes,0,3,2,3,63,40,1,2,Not Placed
Female,CBSE,55.1,CBSE,68.5,Information Technology,6.17,4,Yes,2,1,2,0,100,69,1,0,Placed
Male,State,60.4,State,62.1,Electronics,5.55,1,Yes,3,1,2,1,78,61,1,2,Placed
Female,CBSE,76.4,State,66.5,Computer Science,6.0,3,Yes,1,1,1,5,100,61,2,0,Not Placed
Male,CBSE,75.7,CBSE,76.6,Electronics,5.84,1,Yes,3,0,3,0,100,67,3,1,Placed
Female,CBSE,62.5,Other,71.6,Computer Science,6.37,4,Yes,1,1,2,0,100,78,1,3,Placed
Female,CBSE,40.8,CBSE,35.5,Other,5.69,2,Yes,3,2,2,2,57,48,0,1,Not Placed
Male,ICSE,92.7,State,82.5,Mechanical,7.93,3,No,2,0,0,1,79,91,0,0,Placed
Female,CBSE,68.0,CBSE,63.5,Civil,4.64,1,No,0,5,1,0,74,54,2,1,Placed
Female,CBSE,56.4,State,61.8,Mechanical,5.66,2,Yes,0,1,1,0,100,51,1,0,Placed
Female,State,75.8,CBSE,78.2,Electronics,6.77,3,No,1,2,1,0,71,59,2,0,Placed
Female,State,74.9,CBSE,65.7,Information Technology,5.94,2,Yes,2,5,2,3,100,57,1,2,Placed
Male,CBSE,67.5,ICSE,50.7,Civil,3.69,2,No,2,1,0,1,37,37,1,1,Placed
Female,CBSE,74.1,CBSE,80.9,Other,7.06,3,Yes,2,0,1,0,63,78,1,2,Placed
Male,Other,55.8,ICSE,45.7,Information Technology,5.53,2,Yes,1,2,2,2,100,65,1,0,Placed
Male,State,82.6,State,79.7,Electrical,5.88,2,No,1,2,1,0,100,62,2,3,Placed
Female,CBSE,58.0,Other,57.2,Electronics,7.08,4,Yes,1,0,5,0,100,69,3,1,Placed
Male,State,63.5,State,64.2,Electronics,7.14,5,Yes,2,0,1,0,99,69,0,0,Placed
Female,CBSE,81.1,CBSE,92.3,Information Technology,8.29,5,Yes,2,0,3,0,97,79,1,0,Placed
Female,CBSE,88.9,CBSE,99.9,Computer Science,7.28,3,No,1,1,1,0,98,82,2,1,Placed
Female,State,94.2,ICSE,69.3,Computer Science,6.77,3,Yes,2,3,1,0,99,72,0,0,Placed
Female,ICSE,86.8,ICSE,89.9,Computer Science,8.0,5,Yes,1,0,2,0,100,100,2,0,Placed
Male,CBSE,67.5,CBSE,64.1,Electronics,6.23,4,No,1,2,1,0,100,79,1,0,Placed
Male,ICSE,50.4,State,63.3,Information Technology,7.35,4,Yes,2,2,2,0,100,80,1,1,Placed
Male,CBSE,91.7,State,93.3,Information Technology,7.71,3,Yes,1,2,3,0,100,76,1,0,Placed
Male,CBSE,91.2,Other,97.5,Other,9.58,5,Yes,2,0,4,0,100,79,1,0,Placed
Male,CBSE,62.6,Other,64.8,Information Technology,6.38,3,Yes,0,1,1,0,44,63,0,0,Placed
Male,CBSE,84.9,Other,69.8,Information Technology,6.08,4,Yes,2,4,1,0,92,44,1,0,Placed
Female,Other,67.3,ICSE,74.8,Computer Science,8.92,5,Yes,1,0,2,0,87,78,2,0,Placed
Female,State,93.0,Other,85.9,Computer Science,8.23,4,Yes,1,0,2,0,100,84,0,1,Placed
Male,CBSE,64.8,CBSE,61.3,Civil,4.88,1,No,2,2,3,0,100,43,1,0,Placed
Female,Other,99.7,ICSE,85.0,Electronics,7.2,4,Yes,0,1,6,1,63,73,0,0,Placed
Male,ICSE,83.0,State,87.3,Mechanical,7.65,4,Yes,5,1,3,0,66,82,0,0,Placed
Male,ICSE,97.2,Other,99.9,Computer Science,8.26,4,No,1,4,2,0,100,83,1,0,Placed
Female,Other,65.5,State,52.2,Electronics,5.11,1,No,0,2,2,0,76,51,0,1,Placed
Female,CBSE,77.7,CBSE,79.5,Computer Science,6.33,3,Yes,3,1,4,1,100,74,0,1,Placed
Female,ICSE,58.4,State,55.1,Computer Science,3.96,2,Yes,1,1,1,1,100,64,2,0,Not Placed
Male,State,83.8,State,63.2,Computer Science,6.1,4,No,0,0,0,1,91,62,0,2,Placed
Female,ICSE,84.6,CBSE,79.9,Computer Science,7.22,4,Yes,3,0,4,0,100,79,0,0,Placed
Female,ICSE,99.9,CBSE,81.6,Information Technology,7.58,4,Yes,2,1,3,0,59,68,2,0,Placed
Female,CBSE,78.7,State,58.2,Computer Science,5.16,2,Yes,0,0,6,3,100,61,1,0,Placed
Female,ICSE,82.1,CBSE,68.8,Other,4.67,2,No,2,3,2,0,87,61,0,0,Placed
Female,CBSE,65.4,CBSE,53.8,Information Technology,4.43,1,Yes,1,0,2,2,100,54,1,0,Not Placed
Female,CBSE,79.6,CBSE,68.2,Computer Science,7.28,4,Yes,0,1,6,0,100,86,0,2,Placed
Female,CBSE,66.7,Other,51.8,Computer Science,4.67,1,Yes,2,2,2,1,100,47,2,0,Placed
Female,Other,73.6,ICSE,66.2,Electronics,5.51,3,No,1,2,0,0,77,57,1,0,Placed
Female,CBSE,74.4,CBSE,63.7,Computer Science,5.76,1,Yes,1,1,3,0,100,73,0,1,Placed
Male,State,67.1,ICSE,69.1,Civil,5.23,2,Yes,2,1,1,0,54,51,1,0,Placed
Female,CBSE,72.9,State,75.6,Other,5.69,2,Yes,3,3,6,2,100,70,1,1,Placed
Male,Other,66.7,CBSE,67.6,Computer Science,5.51,1,No,0,1,1,3,100,77,1,0,Not Placed
Male,CBSE,66.7,CBSE,62.7,Information Technology,7.14,5,Yes,2,2,1,0,100,74,0,0,Placed
Female,ICSE,87.1,State,77.7,Computer Science,7.56,4,Yes,1,3,1,0,100,77,1,0,Placed
Female,ICSE,74.5,State,62.5,Electronics,6.79,3,Yes,2,0,3,0,93,62,2,0,Placed
Female,State,76.9,ICSE,64.5,Information Technology,7.3,4,Yes,4,3,3,0,100,79,1,1,Placed
Male,CBSE,51.6,State,60.7,Computer Science,3.73,1,No,2,2,1,2,97,37,3,0,Not Placed
Male,State,77.9,CBSE,55.8,Computer Science,5.84,2,Yes,1,1,3,1,100,43,2,0,Placed
Male,Other,79.4,Other,73.7,Mechanical,5.66,2,No,1,1,0,2,60,49,0,0,Not Placed
Female,ICSE,66.4,CBSE,61.6,Information Technology,6.81,3,Yes,2,3,1,0,100,64,0,1,Placed
Female,CBSE,99.9,State,95.9,Computer Science,7.47,4,Yes,0,0,3,0,100,66,1,0,Placed
Female,ICSE,40.0,CBSE,30.7,Mechanical,3.5,1,No,2,1,0,3,53,55,0,1,Not Placed
Female,CBSE,83.0,CBSE,77.4,Electronics,5.34,2,Yes,2,2,5,0,93,52,0,0,Placed
Female,State,82.0,State,79.9,Civil,6.22,3,No,2,2,0,3,57,72,0,0,Placed
Female,ICSE,79.6,CBSE,55.7,Computer Science,6.34,2,Yes,1,0,2,0,74,51,1,1,Placed
Male,CBSE,74.5,State,60.1,Civil,5.44,3,Yes,1,0,1,1,69,53,0,1,Not Placed
Male,ICSE,79.7,CBSE,73.9,Mechanical,5.12,3,No,2,2,0,1,71,57,1,4,Placed
Female,State,84.2,State,83.3,Computer Science,9.25,5,Yes,2,1,4,0,100,73,1,0,Placed
Female,ICSE,61.8,State,63.2,Mechanical,6.09,3,No,0,0,2,0,81,59,0,2,Placed
Male,CBSE,76.2,CBSE,77.8,Information Technology,7.56,5,Yes,5,0,4,1,100,87,1,1,Placed
Female,State,69.4,ICSE,56.3,Electrical,6.27,4,Yes,2,1,1,0,100,58,1,2,Placed
Male,ICSE,56.7,CBSE,41.6,Computer Science,3.5,1,No,1,1,0,0,74,40,4,1,Not Placed
Male,CBSE,82.0,CBSE,77.3,Electronics,5.8,2,Yes,0,2,3,1,79,65,0,1,Placed
Female,CBSE,64.1,State,50.8,Information Technology,5.84,2,Yes,1,0,3,1,100,59,0,1,Placed
Female,Other,51.0,State,44.6,Other,3.57,1,Yes,1,2,1,0,89,23,0,0,Not Placed
Female,CBSE,64.5,State,72.7,Information Technology,6.28,4,No,1,3,1,0,100,72,0,2,Placed
Male,Other,60.8,CBSE,62.5,Other,5.39,2,No,1,1,2,0,73,60,4,1,Placed
Male,CBSE,86.4,ICSE,74.1,Electrical,5.12,2,Yes,3,0,4,2,100,59,4,3,Placed
Female,CBSE,74.1,State,63.6,Computer Science,5.71,2,Yes,1,3,1,2,100,72,0,0,Placed
Female,ICSE,91.4,CBSE,89.8,Civil,7.96,4,Yes,1,0,2,1,97,90,2,2,Placed
Male,State,62.7,CBSE,64.1,Other,6.22,3,Yes,3,1,5,1,100,66,1,2,Placed
Female,State,84.2,ICSE,66.0,Computer Science,7.19,4,Yes,1,1,3,0,100,63,1,0,Placed
Male,State,99.9,State,70.4,Information Technology,7.28,5,Yes,3,2,2,1,100,67,1,0,Placed
Female,ICSE,77.0,CBSE,91.6,Electronics,7.92,4,No,2,1,1,0,90,77,0,1,Placed
Female,CBSE,84.1,CBSE,65.9,Information Technology,6.38,3,Yes,0,1,6,0,100,69,0,1,Placed
Male,State,81.7,CBSE,81.6,Computer Science,7.43,4,Yes,3,3,3,0,100,73,1,1,Placed
Male,CBSE,52.1,State,69.2,Computer Science,5.83,2,Yes,0,4,3,3,100,63,1,2,Placed
Female,State,80.2,ICSE,76.6,Information Technology,5.85,1,Yes,5,1,3,1,96,51,2,1,Placed
Female,CBSE,76.3,State,66.2,Information Technology,5.48,2,Yes,1,1,4,0,99,66,1,0,Placed
Female,CBSE,68.4,State,52.0,Computer Science,4.99,2,Yes,2,2,3,4,100,63,3,2,Placed
Female,State,59.6,Other,45.3,Electrical,3.8,1,No,0,2,0,2,84,38,0,0,Not Placed
Female,CBSE,81.7,State,80.0,Mechanical,6.97,3,Yes,1,0,2,1,83,65,1,0,Placed
Female,CBSE,58.4,State,73.3,Computer Science,6.85,3,Yes,0,1,1,1,100,61,4,1,Placed
Male,State,99.9,CBSE,86.0,Mechanical,7.27,5,No,2,0,2,0,48,89,0,2,Placed
Male,State,73.6,State,64.6,Mechanical,5.92,2,No,1,1,2,0,70,66,1,3,Placed
Male,ICSE,54.9,State,63.1,Other,6.58,3,No,1,2,1,0,73,61,2,0,Placed
Male,State,64.8,CBSE,56.7,Computer Science,5.58,3,Yes,3,0,3,3,94,49,2,0,Placed
Female,CBSE,68.1,Other,68.8,Computer Science,7.28,4,Yes,0,1,2,0,100,58,0,0,Placed
Male,State,99.9,ICSE,90.3,Electrical,7.78,4,Yes,2,1,1,0,100,86,1,2,Placed
Female,CBSE,59.6,State,55.6,Electrical,6.08,3,Yes,1,2,2,0,95,55,1,1,Placed
Female,ICSE,70.4,State,67.6,Mechanical,7.25,4,Yes,0,2,1,1,96,72,3,0,Placed
Female,Other,64.5,State,81.0,Mechanical,7.18,3,Yes,2,0,1,0,100,86,3,1,Placed
Male,State,79.0,CBSE,80.3,Computer Science,7.21,4,Yes,2,0,6,0,100,62,0,1,Placed
Male,State,64.7,CBSE,74.5,Electronics,6.53,3,Yes,0,1,1,0,100,60,0,0,Placed
Male,CBSE,56.1,ICSE,47.9,Computer Science,4.59,1,Yes,1,1,2,0,53,49,0,0,Placed
Male,State,69.3,State,77.9,Computer Science,6.51,3,Yes,2,1,4,1,92,64,3,0,Placed
Male,ICSE,67.8,ICSE,72.2,Civil,6.8,3,No,0,1,1,0,85,64,1,1,Placed
Female,CBSE,63.7,CBSE,47.8,Computer Science,4.14,2,Yes,0,1,2,2,93,53,1,1,Not Placed
Female,CBSE,64.5,State,68.8,Information Technology,7.73,4,Yes,3,1,2,0,100,79,0,0,Placed
Female,State,88.6,State,76.3,Electrical,6.27,2,Yes,3,3,3,1,74,60,3,0,Placed
Female,State,67.5,State,50.2,Computer Science,7.74,4,Yes,2,2,2,0,66,58,0,1,Placed
Male,CBSE,56.1,ICSE,58.4,Other,4.57,1,Yes,1,0,2,1,69,48,1,1,Not Placed
Female,Other,65.5,Other,69.5,Other,6.14,3,Yes,2,1,1,0,74,72,0,3,Placed
Female,CBSE,72.8,CBSE,71.1,Electronics,5.9,3,Yes,2,1,2,0,90,45,0,1,Placed
Male,CBSE,53.3,CBSE,53.9,Computer Science,4.69,1,Yes,1,0,4,2,100,49,0,0,Not Placed
Female,State,94.8,CBSE,82.8,Information Technology,8.14,5,No,1,1,0,0,59,81,1,3,Placed
Male,CBSE,84.1,State,99.9,Information Technology,7.3,4,Yes,1,1,1,0,97,72,0,0,Placed
Female,State,92.0,CBSE,72.2,Information Technology,5.88,2,Yes,2,2,1,0,99,48,0,0,Placed
Female,CBSE,77.5,State,81.9,Information Technology,7.65,5,Yes,1,0,3,0,100,64,5,2,Placed
Male,CBSE,42.7,State,47.2,Other,5.14,1,Yes,0,0,4,2,100,54,1,3,Not Placed
Female,CBSE,93.5,State,76.6,Computer Science,5.63,2,Yes,2,0,1,0,100,61,1,1,Placed
Female,Other,59.9,ICSE,59.4,Mechanical,5.78,3,No,1,2,3,0,89,38,2,0,Placed
Female,State,61.0,State,46.8,Computer Science,5.06,3,Yes,2,3,3,0,100,45,0,0,Placed
Male,ICSE,74.2,State,64.7,Electronics,4.98,1,Yes,0,1,2,2,68,65,0,2,Not Placed
Female,CBSE,91.3,CBSE,83.0,Electrical,6.14,4,Yes,1,1,1,1,100,66,2,2,Placed
Male,State,86.7,State,64.5,Information Technology,4.16,1,No,1,0,1,0,81,54,0,2,Placed
Male,State,84.7,State,83.6,Computer Science,8.88,4,Yes,4,1,6,0,100,81,0,0,Placed
Male,Other,67.6,State,56.1,Mechanical,5.96,2,Yes,2,1,5,2,98,66,3,2,Placed
Female,State,67.4,Other,51.0,Mechanical,3.55,1,Yes,1,0,3,0,89,48,2,1,Placed
Female,State,76.8,Other,61.8,Mechanical,6.14,3,Yes,4,2,4,0,67,58,0,2,Placed
Female,CBSE,70.2,ICSE,89.4,Information Technology,7.09,4,Yes,1,0,1,0,82,64,3,1,Placed
Female,State,84.5,CBSE,58.6,Computer Science,6.53,3,Yes,1,2,5,0,100,66,0,0,Placed
Male,State,83.6,State,82.1,Other,6.29,4,Yes,0,1,3,1,100,53,1,1,Placed
Male,Other,80.3,CBSE,67.7,Electrical,5.52,2,No,3,5,2,1,100,64,0,1,Placed
Male,CBSE,36.6,CBSE,38.9,Information Technology,4.07,2,Yes,1,0,4,0,96,51,0,0,Placed
Male,CBSE,73.8,CBSE,76.4,Civil,5.67,2,Yes,1,0,1,0,98,57,3,1,Placed
Male,State,70.5,CBSE,73.4,Information Technology,7.83,4,Yes,0,4,1,0,100,62,3,2,Placed
Male,CBSE,74.4,CBSE,64.0,Information Technology,6.77,2,Yes,1,0,4,1,100,74,2,1,Placed
Male,CBSE,61.4,State,47.5,Computer Science,5.09,2,Yes,0,1,3,1,98,50,2,0,Placed
Male,ICSE,53.5,Other,61.3,Information Technology,6.71,3,Yes,0,1,3,3,100,62,2,0,Placed
Male,State,78.5,CBSE,79.4,Electronics,5.3,3,Yes,3,1,4,1,84,62,1,0,Placed
Male,ICSE,67.0,Other,62.4,Computer Science,4.85,1,No,0,1,0,1,86,48,2,1,Not Placed
Female,ICSE,80.0,CBSE,79.4,Information Technology,7.39,5,No,1,2,1,0,100,57,1,0,Placed
Female,CBSE,62.6,CBSE,57.5,Civil,5.7,1,No,0,0,2,0,64,48,0,2,Not Placed
Female,State,91.8,State,75.6,Mechanical,6.57,3,No,2,2,0,0,73,65,0,1,Placed
Male,CBSE,86.0,State,79.5,Electronics,5.07,2,No,1,1,1,0,82,59,0,0,Placed
Male,Other,76.2,CBSE,77.3,Electrical,5.52,2,Yes,0,1,3,1,100,44,4,2,Placed
Female,State,69.0,CBSE,69.8,Computer Science,6.81,3,Yes,2,1,5,0,87,63,2,0,Not Placed
Male,CBSE,83.9,State,83.0,Electronics,9.18,5,Yes,2,5,1,0,100,100,1,3,Placed
Male,CBSE,77.5,CBSE,65.5,Civil,6.65,3,No,3,2,2,0,55,61,0,1,Placed
Male,State,75.3,State,87.3,Electronics,8.69,5,Yes,1,0,6,0,97,90,5,1,Placed
Male,CBSE,86.6,State,76.5,Information Technology,7.08,5,Yes,2,2,1,0,98,76,1,0,Placed
Male,CBSE,92.0,CBSE,82.8,Computer Science,7.58,3,Yes,5,1,6,0,100,68,0,0,Placed
Male,ICSE,54.5,ICSE,42.7,Electrical,3.5,1,Yes,2,2,1,0,89,33,0,0,Not Placed
Female,ICSE,57.3,CBSE,56.0,Information Technology,6.3,3,Yes,2,0,4,2,99,63,0,0,Placed
Male,CBSE,61.1,State,66.1,Electrical,5.68,2,Yes,2,1,2,0,100,54,1,1,Placed
Male,State,51.0,ICSE,60.9,Electronics,6.18,3,No,1,1,5,0,53,68,1,0,Placed
Female,ICSE,71.1,Other,83.9,Mechanical,6.88,3,No,2,2,0,0,88,67,1,0,Placed
Male,CBSE,80.4,State,80.5,Civil,6.78,4,No,0,0,2,1,47,73,0,0,Placed
Male,ICSE,71.7,State,71.5,Mechanical,5.97,2,Yes,1,0,3,0,97,66,0,1,Placed
Female,CBSE,64.5,CBSE,58.9,Information Technology,5.83,2,Yes,2,2,3,0,97,62,2,0,Placed
Male,State,87.8,State,74.2,Electronics,7.32,3,Yes,1,0,1,0,91,64,2,0,Placed
Male,State,74.0,State,80.2,Civil,5.37,2,No,0,0,1,1,51,68,2,0,Not Placed
Male,State,76.8,State,82.1,Information Technology,5.79,2,Yes,1,2,2,1,70,85,2,0,Placed
Male,ICSE,88.2,ICSE,70.4,Information Technology,6.76,4,Yes,2,2,2,0,100,57,1,1,Placed
Female,CBSE,70.3,CBSE,75.0,Computer Science,8.07,4,Yes,3,2,4,2,100,84,1,1,Placed
Female,CBSE,99.9,ICSE,96.4,Electrical,9.24,5,Yes,2,1,1,0,80,86,0,1,Placed
Male,State,65.7,ICSE,53.1,Computer Science,4.25,1,Yes,2,0,3,0,98,39,0,1,Not Placed
Female,ICSE,99.9,State,95.3,Electronics,7.43,4,No,1,2,1,0,79,65,1,0,Placed
Male,CBSE,58.4,State,48.3,Information Technology,3.61,1,Yes,2,0,1,1,99,34,3,0,Not Placed
Male,ICSE,79.2,CBSE,50.1,Information Technology,4.56,2,Yes,1,1,1,0,100,41,2,1,Placed
Female,CBSE,63.0,Other,60.6,Mechanical,6.35,4,Yes,1,0,1,0,64,47,0,0,Placed
Male,CBSE,87.7,CBSE,83.4,Computer Science,7.31,4,Yes,1,2,2,0,89,83,0,0,Placed
Male,ICSE,65.3,State,62.8,Electronics,5.35,2,Yes,0,1,3,1,100,56,3,0,Not Placed
Male,CBSE,76.1,State,99.9,Civil,8.28,5,No,1,3,2,0,74,86,1,0,Placed
Male,State,62.9,Other,66.0,Civil,4.87,1,Yes,1,0,6,0,100,43,0,1,Placed
Male,CBSE,85.1,ICSE,80.3,Computer Science,8.55,5,Yes,2,2,2,1,81,90,0,1,Placed
Female,CBSE,62.8,State,66.4,Electrical,5.77,3,Yes,2,1,3,1,100,54,1,0,Placed
Male,State,95.6,CBSE,82.3,Mechanical,6.39,3,Yes,0,1,3,2,77,79,2,0,Placed
Male,State,58.1,CBSE,67.9,Electrical,6.39,4,No,5,1,2,0,69,66,0,0,Placed
Male,State,53.2,CBSE,58.5,Information Technology,6.45,3,No,0,2,4,0,92,51,0,0,Placed
Female,State,85.3,ICSE,82.1,Electronics,8.37,4,No,4,1,5,0,100,82,0,0,Placed
Female,CBSE,63.7,State,56.5,Electrical,4.93,1,Yes,4,0,3,0,66,49,1,1,Placed
Female,State,71.9,ICSE,53.3,Electrical,5.89,1,Yes,1,3,2,0,66,44,0,1,Placed
Female,Other,67.5,State,60.6,Information Technology,5.83,2,No,0,0,3,0,100,48,0,0,Placed
Female,ICSE,53.6,State,58.0,Computer Science,5.12,3,Yes,1,5,2,4,100,62,1,5,Placed
Male,CBSE,70.9,CBSE,63.7,Information Technology,5.24,3,Yes,2,2,4,1,99,68,0,1,Placed
Male,CBSE,89.7,CBSE,85.2,Information Technology,6.35,3,No,1,1,0,0,100,58,0,0,Placed
Female,Other,86.0,CBSE,77.2,Information Technology,6.15,4,Yes,0,0,1,1,100,66,2,0,Placed
Female,State,75.2,State,75.7,Computer Science,7.82,4,Yes,2,1,1,0,100,59,1,2,Placed
Female,State,87.6,CBSE,70.9,Civil,6.54,3,No,1,1,1,0,74,72,2,0,Placed
Male,ICSE,57.2,State,59.8,Computer Science,4.67,1,Yes,0,1,4,5,100,52,0,0,Not Placed
Male,CBSE,67.4,State,59.1,Mechanical,3.67,1,Yes,3,0,4,2,100,33,3,1,Not Placed
Male,State,77.5,State,57.7,Computer Science,4.65,1,Yes,3,1,3,1,100,46,0,0,Placed
Female,Other,70.2,CBSE,66.0,Information Technology,5.39,2,Yes,0,0,2,1,97,52,0,0,Placed
Male,State,68.5,CBSE,81.7,Computer Science,6.94,3,Yes,0,0,1,1,81,61,1,0,Placed
Male,CBSE,55.2,CBSE,41.8,Computer Science,5.67,2,Yes,1,0,3,0,97,61,3,2,Placed
Female,CBSE,42.9,State,48.4,Mechanical,4.05,1,No,0,2,2,3,46,32,4,2,Not Placed
Male,CBSE,83.5,CBSE,85.6,Electrical,8.53,4,No,1,1,4,0,96,97,1,1,Placed
Female,ICSE,75.4,ICSE,94.6,Computer Science,6.54,3,Yes,3,3,3,1,100,81,3,1,Placed
Male,CBSE,84.6,ICSE,73.5,Information Technology,6.26,2,Yes,5,1,4,0,100,61,1,0,Placed
Male,CBSE,65.9,CBSE,58.1,Information Technology,6.28,3,Yes,0,2,6,0,100,83,1,1,Placed
Male,Other,62.0,State,49.8,Electrical,5.45,2,Yes,3,1,2,0,99,49,1,3,Placed
Female,CBSE,72.1,State,80.5,Mechanical,6.33,2,No,0,1,0,0,67,50,0,2,Placed
Male,CBSE,84.0,State,69.3,Electronics,7.01,4,Yes,1,1,2,1,99,77,2,0,Placed
Male,CBSE,68.8,CBSE,62.9,Mechanical,6.22,3,No,0,2,1,1,92,52,0,3,Placed
Female,CBSE,83.2,CBSE,58.9,Civil,4.51,1,Yes,0,0,3,0,76,61,0,0,Not Placed
Male,State,57.9,CBSE,67.3,Computer Science,6.56,3,Yes,2,0,1,1,100,50,1,0,Placed
Female,Other,69.7,CBSE,78.9,Information Technology,7.56,4,Yes,2,0,5,0,85,64,0,0,Placed
Female,ICSE,71.0,ICSE,76.7,Electrical,5.89,3,No,1,0,2,0,72,56,0,0,Placed
Male,State,89.2,State,65.8,Mechanical,7.2,4,Yes,1,1,1,0,83,72,1,0,Placed
Female,State,74.9,Other,77.2,Electronics,5.87,2,No,0,1,1,0,100,59,3,0,Placed
Male,State,96.4,CBSE,70.6,Electronics,6.32,3,Yes,1,2,4,0,80,57,2,1,Placed
Female,CBSE,53.1,CBSE,55.4,Information Technology,4.28,2,Yes,1,0,2,0,100,55,2,1,Placed
Male,CBSE,73.8,State,72.4,Electronics,6.4,3,Yes,1,1,3,1,99,77,0,1,Placed
Female,Other,74.5,CBSE,74.0,Mechanical,5.25,2,Yes,0,0,1,0,93,56,0,0,Placed
Male,CBSE,80.7,CBSE,80.9,Information Technology,6.79,2,Yes,1,0,1,0,100,60,0,3,Placed
Female,CBSE,60.6,State,60.4,Mechanical,3.9,1,Yes,1,1,2,3,91,61,0,0,Not Placed
Male,State,95.6,CBSE,67.1,Civil,6.38,3,Yes,0,2,3,0,96,61,1,0,Placed
Male,State,72.2,State,74.5,Computer Science,7.06,4,Yes,2,1,2,0,99,73,1,0,Placed
Male,CBSE,56.8,CBSE,58.6,Information Technology,6.59,4,No,3,0,5,0,85,56,0,0,Placed
Male,CBSE,71.8,State,59.8,Information Technology,5.37,2,Yes,1,3,1,1,100,52,1,0,Placed
Female,CBSE,67.6,ICSE,50.0,Mechanical,5.67,2,No,1,2,2,0,61,46,0,0,Placed
Male,State,99.9,CBSE,99.9,Computer Science,8.43,5,Yes,1,1,2,0,87,92,1,0,Placed
Female,CBSE,86.7,Other,92.3,Electronics,7.7,5,Yes,4,5,5,0,100,90,1,2,Placed
Female,State,72.7,State,76.6,Electrical,8.33,5,No,0,0,4,0,84,70,2,1,Placed
Female,State,70.4,Other,61.0,Information Technology,5.33,2,Yes,1,1,1,0,83,50,0,0,Placed
Male,ICSE,85.3,CBSE,53.8,Electrical,6.05,4,Yes,0,3,2,0,96,69,0,0,Placed
Male,CBSE,86.0,State,87.1,Other,7.49,4,Yes,1,1,1,0,93,94,0,2,Placed
Female,CBSE,31.2,State,42.1,Computer Science,4.12,1,Yes,0,1,3,0,69,47,1,0,Not Placed
Male,State,81.0,ICSE,72.0,Computer Science,5.4,3,Yes,1,0,4,0,100,63,2,2,Placed
Male,State,72.4,State,80.5,Other,5.7,3,Yes,0,0,2,0,99,83,0,0,Placed
Female,CBSE,53.6,State,63.7,Other,6.56,3,No,0,0,1,0,54,62,0,2,Placed
Female,State,84.3,Other,80.0,Computer Science,8.66,4,Yes,1,1,1,0,91,81,1,1,Not Placed
Female,CBSE,99.9,CBSE,90.3,Computer Science,7.85,5,Yes,1,0,2,0,97,73,0,1,Placed
Male,CBSE,79.8,CBSE,75.4,Computer Science,6.93,2,Yes,1,0,2,1,100,76,0,0,Placed
Female,State,87.4,State,87.3,Other,7.77,4,No,1,1,0,1,71,68,1,0,Placed
Male,CBSE,97.3,State,79.4,Computer Science,7.13,3,Yes,1,1,2,1,92,66,2,0,Placed
Male,ICSE,60.4,State,64.6,Electronics,6.79,4,Yes,0,2,5,0,100,62,0,1,Placed
Female,State,46.0,State,40.3,Civil,4.18,1,Yes,2,2,2,1,76,47,1,1,Not Placed
Male,State,81.2,Other,89.3,Computer Science,7.83,4,Yes,0,1,1,0,100,75,0,0,Placed
Male,State,68.5,State,71.7,Electronics,5.63,3,Yes,4,1,3,2,72,67,0,0,Placed
Male,State,52.8,CBSE,47.7,Computer Science,4.15,1,No,2,1,5,3,81,34,0,0,Not Placed
Female,CBSE,70.9,CBSE,69.0,Civil,3.5,2,Yes,0,0,3,2,67,42,3,1,Not Placed
Female,ICSE,82.2,Other,68.1,Information Technology,7.34,5,Yes,2,1,1,0,100,70,0,2,Placed
Female,Other,69.9,State,82.5,Mechanical,6.63,3,Yes,1,1,3,0,100,71,5,0,Placed
Female,CBSE,61.0,Other,77.0,Mechanical,6.04,3,No,1,1,2,0,69,69,1,0,Placed
Male,CBSE,68.9,CBSE,73.6,Computer Science,4.93,1,Yes,2,0,5,1,85,47,2,0,Placed
Male,CBSE,71.7,State,84.3,Computer Science,6.8,3,Yes,0,0,4,0,100,71,1,2,Placed
Male,State,45.0,State,50.3,Information Technology,4.37,1,Yes,2,1,1,0,100,38,0,1,Placed
Male,State,70.0,CBSE,75.1,Information Technology,5.97,2,Yes,2,0,2,2,100,70,0,0,Placed
Male,ICSE,53.2,State,67.1,Civil,5.96,1,No,2,4,2,3,61,53,0,0,Not Placed
Female,ICSE,81.2,State,75.8,Civil,6.34,4,No,1,3,5,0,68,71,0,0,Placed
Male,State,50.1,State,53.3,Information Technology,4.04,1,Yes,0,1,1,3,100,46,0,1,Not Placed
Male,State,86.2,ICSE,89.0,Electronics,6.22,2,No,0,3,1,2,89,69,0,0,Not Placed
Male,State,66.3,ICSE,71.2,Electronics,5.06,3,Yes,3,2,3,1,75,82,0,1,Placed
Male,State,64.4,ICSE,55.7,Civil,6.55,2,No,0,1,1,0,54,67,2,1,Placed
Female,State,76.1,ICSE,50.2,Information Technology,6.41,3,Yes,2,1,2,2,89,64,2,1,Placed
Male,State,59.9,State,58.2,Computer Science,4.92,1,Yes,0,0,2,0,100,53,0,0,Placed
Male,State,75.9,CBSE,51.0,Computer Science,3.5,2,Yes,0,1,6,2,100,39,2,2,Placed
Female,State,61.8,ICSE,51.4,Electronics,5.06,1,No,0,0,3,0,99,46,0,0,Placed
Male,State,64.2,State,54.4,Information Technology,5.38,1,Yes,0,2,3,1,100,68,0,0,Placed
Male,State,77.7,CBSE,67.6,Information Technology,6.48,3,Yes,1,1,2,0,100,58,0,1,Placed
Male,State,56.1,State,65.3,Computer Science,6.81,3,Yes,2,0,4,0,100,71,2,0,Placed
Female,State,54.3,CBSE,66.1,Mechanical,6.1,4,Yes,2,2,1,1,100,56,2,1,Placed
Female,State,75.5,State,76.7,Computer Science,5.88,1,Yes,1,2,1,0,100,55,2,0,Placed
Female,State,71.6,CBSE,75.0,Computer Science,7.04,4,No,1,2,4,0,100,65,2,0,Placed
Male,CBSE,74.4,CBSE,77.4,Information Technology,7.6,5,No,2,2,2,1,64,77,1,0,Placed
Female,CBSE,76.6,Other,47.5,Computer Science,4.34,1,Yes,2,1,1,3,100,57,2,0,Not Placed
Male,State,72.8,ICSE,69.7,Electronics,6.4,3,Yes,0,1,5,2,100,67,1,0,Placed
Male,State,80.5,ICSE,57.4,Information Technology,5.03,1,Yes,1,0,6,1,100,52,1,0,Placed
Male,Other,73.4,State,75.1,Information Technology,8.48,5,Yes,3,0,5,0,100,83,1,0,Placed
Male,CBSE,43.9,ICSE,28.0,Electronics,3.5,1,Yes,1,1,1,1,70,32,2,1,Not Placed
Male,CBSE,47.5,ICSE,48.8,Computer Science,6.11,3,Yes,4,1,2,0,100,53,1,0,Placed
Female,CBSE,99.0,State,94.7,Computer Science,6.55,3,Yes,0,1,2,0,84,63,2,2,Placed
Female,CBSE,72.0,Other,57.8,Electrical,6.82,3,No,4,0,3,0,71,72,5,0,Placed
Male,ICSE,85.3,CBSE,88.6,Information Technology,6.53,4,Yes,0,0,6,0,100,66,1,0,Placed
Male,CBSE,67.2,Other,70.5,Information Technology,6.55,3,Yes,1,2,5,0,100,56,0,0,Placed
Male,State,71.2,State,72.2,Computer Science,5.13,2,Yes,1,0,5,0,100,56,1,0,Placed
Male,State,65.7,State,71.3,Information Technology,5.22,2,Yes,0,0,1,0,97,67,0,2,Placed
Female,State,99.9,CBSE,86.3,Electronics,8.02,5,No,1,1,2,0,84,84,1,0,Placed
Male,ICSE,75.5,State,73.1,Electronics,7.28,5,Yes,3,0,5,0,100,68,5,1,Placed
Female,State,64.5,State,63.5,Mechanical,5.74,1,Yes,3,4,3,2,100,54,4,0,Placed
Male,CBSE,48.9,Other,51.5,Computer Science,5.91,2,Yes,1,1,1,1,100,78,4,0,Placed
Male,ICSE,99.6,Other,83.0,Computer Science,8.24,5,No,1,1,2,0,100,71,3,1,Placed
Male,ICSE,69.7,Other,54.8,Civil,4.25,1,No,5,0,2,0,75,46,1,1,Placed
Male,CBSE,82.4,CBSE,73.4,Electrical,4.96,1,Yes,2,1,5,1,58,48,1,0,Placed
Male,CBSE,84.0,Other,74.1,Computer Science,6.7,4,Yes,4,1,2,1,100,76,0,2,Placed
Female,CBSE,65.5,State,56.8,Information Technology,4.97,1,Yes,3,4,3,0,100,62,4,0,Placed
Male,CBSE,81.4,ICSE,84.6,Computer Science,7.75,4,No,0,1,5,2,100,66,0,0,Placed
Female,Other,63.5,CBSE,50.9,Computer Science,5.7,3,Yes,0,1,6,2,93,57,3,1,Placed
Male,State,58.1,State,56.9,Information Technology,4.89,2,Yes,1,0,3,5,86,28,4,0,Not Placed
Male,CBSE,88.3,Other,92.9,Computer Science,8.57,5,Yes,2,1,4,0,100,85,1,1,Placed
Male,ICSE,69.8,Other,76.4,Mechanical,6.95,3,No,2,0,5,1,62,39,1,0,Placed
Female,State,79.3,State,86.6,Electronics,7.88,4,No,1,0,4,0,100,81,2,2,Placed
Male,CBSE,77.8,ICSE,67.4,Computer Science,5.91,1,Yes,0,1,3,1,100,58,3,2,Placed
Female,Other,80.9,CBSE,83.5,Computer Science,8.03,5,Yes,1,0,3,1,100,63,2,0,Placed
Male,ICSE,50.2,State,42.0,Civil,4.5,1,Yes,3,2,4,0,95,51,4,1,Placed
Female,ICSE,63.8,State,60.1,Computer Science,6.38,2,Yes,2,3,2,0,100,62,2,4,Placed
Male,State,67.5,CBSE,63.8,Electronics,7.26,5,Yes,2,1,4,0,96,58,3,1,Placed
Female,ICSE,60.4,CBSE,54.5,Information Technology,5.64,2,Yes,3,1,4,2,91,62,1,0,Placed
Female,CBSE,78.0,CBSE,69.9,Electronics,5.6,3,Yes,3,0,5,1,84,58,0,0,Placed
Female,State,88.6,State,76.5,Information Technology,5.77,1,Yes,1,1,1,1,97,67,1,1,Placed
Male,Other,90.8,CBSE,73.3,Computer Science,7.68,4,Yes,1,1,3,0,100,69,1,0,Placed
Male,CBSE,67.3,State,74.0,Computer Science,7.03,5,Yes,1,1,2,1,100,67,0,1,Placed
Male,ICSE,76.1,CBSE,70.3,Computer Science,7.97,4,Yes,1,1,2,1,100,89,1,1,Placed
Female,State,78.2,State,75.7,Information Technology,4.89,1,Yes,1,1,3,0,93,51,3,4,Placed
Male,CBSE,80.7,State,77.2,Mechanical,7.24,4,Yes,0,0,4,0,76,72,1,0,Placed
Female,ICSE,59.7,State,60.3,Computer Science,5.58,2,No,2,1,0,3,84,59,0,0,Not Placed
Male,CBSE,97.5,State,89.1,Computer Science,7.37,4,Yes,5,3,3,0,100,64,2,0,Placed
Male,State,85.0,State,75.7,Electronics,5.83,3,No,3,0,5,0,99,66,1,0,Placed
Male,CBSE,85.3,CBSE,93.2,Electronics,8.47,5,No,1,1,5,1,100,67,2,2,Placed
Female,Other,88.8,ICSE,89.2,Other,7.75,4,No,1,1,0,0,76,96,1,0,Placed
Female,CBSE,79.5,CBSE,74.8,Electronics,5.43,2,Yes,0,2,2,1,85,73,0,1,Placed
Female,CBSE,57.6,CBSE,53.7,Information Technology,5.44,3,Yes,0,1,1,0,97,34,0,1,Placed
Male,CBSE,70.1,State,66.4,Electronics,6.55,4,No,1,2,2,2,100,75,1,1,Placed
Female,Other,48.9,CBSE,55.9,Electrical,5.24,2,Yes,2,1,3,0,76,53,1,1,Placed
Female,State,77.8,ICSE,88.3,Civil,8.04,5,No,1,1,2,0,84,63,0,0,Placed
Male,State,69.6,CBSE,53.5,Information Technology,5.02,2,Yes,0,2,3,3,100,34,3,0,Not Placed
Female,State,71.4,State,75.1,Computer Science,4.75,1,Yes,2,3,2,1,86,55,1,3,Placed
Female,State,88.9,CBSE,92.9,Computer Science,8.11,5,No,1,2,0,0,77,95,3,0,Placed
Female,CBSE,65.6,CBSE,49.3,Electronics,4.97,1,Yes,0,3,3,1,100,74,1,0,Placed
Female,State,68.5,CBSE,64.6,Mechanical,5.88,2,No,1,0,3,0,82,61,0,0,Placed
Male,CBSE,72.3,ICSE,58.6,Electronics,6.41,3,Yes,1,0,4,1,99,51,3,1,Placed
Male,Other,46.2,Other,54.0,Computer Science,3.65,2,Yes,1,1,5,2,100,63,2,5,Placed
Female,ICSE,68.3,State,62.6,Mechanical,5.25,2,No,0,0,2,0,40,42,0,2,Not Placed
Male,State,37.2,ICSE,41.6,Civil,3.5,1,No,0,1,0,1,46,32,1,0,Not Placed
Female,CBSE,63.8,State,58.7,Information Technology,4.53,2,No,0,0,0,0,100,57,2,2,Placed
Female,ICSE,84.0,Other,85.2,Mechanical,6.87,4,No,0,1,2,0,42,80,0,0,Placed
Female,CBSE,78.3,ICSE,76.0,Information Technology,7.37,4,Yes,1,1,1,0,100,60,0,0,Placed
Female,CBSE,63.7,CBSE,65.1,Electrical,5.95,2,Yes,2,1,2,1,94,60,0,0,Placed
Male,CBSE,72.6,State,71.1,Civil,5.3,2,Yes,0,0,1,2,100,65,1,0,Not Placed
Male,State,57.0,State,63.5,Electronics,5.6,2,Yes,1,3,6,0,100,34,2,2,Placed
Male,ICSE,72.0,CBSE,66.4,Mechanical,6.55,3,Yes,1,2,2,0,93,45,1,3,Placed
Male,CBSE,99.9,CBSE,99.9,Electrical,8.56,5,Yes,1,1,1,0,100,69,0,0,Placed
Male,CBSE,97.8,Other,76.0,Information Technology,6.24,3,Yes,1,1,5,1,100,68,0,0,Placed
Male,State,72.7,Other,52.3,Information Technology,4.64,2,Yes,0,1,3,1,88,54,1,4,Placed
Female,State,74.2,ICSE,52.6,Mechanical,3.5,2,Yes,0,1,1,1,73,53,1,2,Not Placed
Female,CBSE,58.3,Other,37.9,Computer Science,3.98,1,Yes,3,0,5,0,100,45,1,0,Placed
Male,CBSE,60.8,ICSE,67.3,Information Technology,4.61,2,Yes,3,2,2,5,89,76,1,0,Not Placed
Male,Other,77.1,CBSE,78.3,Civil,8.25,5,Yes,2,1,4,0,100,83,0,2,Placed
Female,Other,64.7,CBSE,75.6,Mechanical,5.54,3,No,0,1,2,0,77,73,2,0,Placed
Male,Other,84.7,CBSE,68.0,Information Technology,7.22,3,No,0,0,0,0,99,78,0,2,Placed
Male,ICSE,94.0,CBSE,93.0,Computer Science,9.58,5,Yes,1,2,3,0,100,91,2,0,Placed
Male,CBSE,76.7,CBSE,73.1,Information Technology,6.75,2,No,0,0,1,3,100,83,0,2,Not Placed
Female,CBSE,73.4,State,71.7,Information Technology,6.37,3,Yes,1,1,3,1,100,71,5,0,Placed
Male,CBSE,48.5,ICSE,57.6,Computer Science,4.45,1,Yes,1,2,4,0,100,44,1,3,Placed
Female,CBSE,82.5,ICSE,69.3,Mechanical,5.45,1,Yes,1,1,1,4,80,59,0,0,Not Placed
Male,Other,56.0,State,82.9,Computer Science,8.73,5,No,1,1,1,0,100,78,2,3,Not Placed
Male,ICSE,66.1,Other,77.9,Information Technology,7.18,4,Yes,0,1,6,0,100,63,1,0,Placed
Male,State,85.4,State,73.7,Information Technology,6.62,3,Yes,3,1,3,1,100,60,1,0,Placed
Male,CBSE,86.4,ICSE,68.9,Other,7.06,4,No,1,0,2,0,81,72,0,3,Placed
Female,Other,65.5,State,63.2,Information Technology,6.53,4,Yes,1,0,2,2,100,49,0,1,Placed
Female,ICSE,66.3,CBSE,66.5,Computer Science,6.09,3,Yes,0,2,2,0,94,64,0,2,Not Placed
Female,CBSE,62.2,Other,72.3,Computer Science,6.79,2,No,2,3,1,0,90,61,1,0,Placed
Female,ICSE,55.2,CBSE,44.7,Electronics,3.81,2,No,3,1,1,0,65,30,0,0,Not Placed
Female,CBSE,63.1,State,65.2,Electronics,5.33,2,Yes,1,2,1,2,89,55,0,0,Not Placed
Female,CBSE,49.4,CBSE,36.8,Information Technology,4.01,1,Yes,0,1,3,0,71,40,1,2,Placed
Female,State,81.6,State,80.6,Information Technology,7.54,3,Yes,2,5,1,0,100,94,0,1,Placed
Male,State,77.5,Other,72.0,Computer Science,5.46,2,Yes,1,2,3,0,100,49,2,1,Placed
Male,CBSE,79.8,CBSE,94.2,Electronics,7.79,4,Yes,3,1,4,0,100,82,0,1,Placed
Male,CBSE,58.6,ICSE,43.5,Electronics,4.08,2,Yes,1,0,1,1,96,48,0,0,Not Placed
Female,Other,55.3,CBSE,70.2,Computer Science,5.65,3,Yes,2,1,3,0,91,58,0,2,Placed
Male,State,72.7,CBSE,52.5,Computer Science,4.97,1,Yes,2,0,2,0,100,65,1,1,Placed
Male,State,72.9,CBSE,56.4,Computer Science,3.5,1,Yes,1,2,6,0,93,46,0,1,Placed
Female,CBSE,69.9,ICSE,50.7,Computer Science,4.51,2,Yes,1,1,6,2,100,57,4,2,Placed
Female,CBSE,67.9,CBSE,68.4,Electronics,5.06,2,Yes,0,1,4,0,67,47,1,0,Placed
Female,CBSE,96.0,State,75.3,Computer Science,6.54,3,Yes,1,4,2,0,70,52,2,0,Placed
Male,CBSE,78.0,CBSE,60.0,Computer Science,3.75,2,Yes,1,2,5,0,100,45,1,1,Placed
Female,CBSE,99.6,CBSE,91.7,Computer Science,8.03,5,Yes,1,2,6,0,100,78,1,2,Placed
Male,CBSE,89.8,ICSE,86.9,Other,7.87,5,Yes,0,0,2,0,89,73,1,1,Placed
Male,State,95.8,CBSE,87.2,Civil,6.86,3,Yes,0,0,3,1,91,74,2,4,Placed
Male,CBSE,57.0,CBSE,56.1,Computer Science,6.0,2,Yes,0,0,1,1,76,51,1,2,Placed
Male,ICSE,80.3,CBSE,93.5,Information Technology,7.42,4,Yes,2,2,1,2,100,73,1,1,Placed
Male,CBSE,66.0,State,66.0,Computer Science,4.79,1,Yes,3,1,3,2,100,69,1,0,Placed
Female,State,48.7,State,59.6,Information Technology,5.68,3,Yes,2,0,3,0,100,47,4,0,Placed
Male,CBSE,92.9,CBSE,86.1,Computer Science,8.11,5,No,1,2,1,0,94,91,0,0,Placed
Female,State,67.9,CBSE,54.9,Mechanical,3.78,1,No,0,0,0,0,39,49,0,0,Not Placed
Male,CBSE,57.2,State,63.4,Electronics,5.3,2,Yes,3,1,5,2,75,66,3,1,Placed
Male,Other,66.2,CBSE,58.1,Electrical,5.0,3,No,0,2,1,0,77,62,0,0,Placed
Male,ICSE,60.9,ICSE,59.8,Computer Science,8.35,5,Yes,2,1,3,0,96,70,2,1,Placed
Male,State,62.3,ICSE,64.8,Civil,5.71,2,No,2,5,2,0,78,50,0,2,Placed
Female,CBSE,68.9,State,47.3,Civil,3.5,1,Yes,1,1,3,3,86,37,0,0,Not Placed
Male,State,96.2,CBSE,71.1,Computer Science,4.58,1,Yes,1,0,1,2,100,54,0,0,Not Placed
Male,ICSE,62.7,State,71.1,Information Technology,7.08,5,Yes,0,0,3,0,100,57,3,0,Placed
Male,CBSE,95.2,ICSE,79.8,Computer Science,9.32,5,Yes,3,1,3,0,100,87,1,1,Placed
Male,State,83.9,State,71.8,Computer Science,6.31,3,Yes,0,2,4,0,100,60,2,0,Placed
Female,ICSE,77.5,ICSE,74.8,Computer Science,6.46,3,Yes,0,3,1,1,100,68,1,2,Placed
Male,ICSE,82.5,State,73.0,Electronics,6.73,3,Yes,1,4,2,2,87,64,0,0,Placed
Female,ICSE,72.2,State,73.3,Information Technology,5.85,2,Yes,0,1,2,3,100,71,2,0,Not Placed
Female,ICSE,90.0,CBSE,82.0,Electrical,4.49,2,Yes,1,1,3,0,96,62,2,0,Placed
Female,Other,79.9,State,76.9,Computer Science,7.83,4,Yes,1,1,3,0,85,67,0,0,Placed
Female,State,48.7,CBSE,44.5,Other,3.74,1,No,0,1,1,2,44,38,4,0,Not Placed
Female,State,76.1,ICSE,74.0,Computer Science,7.66,3,Yes,0,0,2,0,100,51,0,0,Placed
Female,ICSE,83.0,ICSE,88.3,Civil,6.35,3,No,0,0,0,0,43,60,2,1,Placed
Female,State,68.0,ICSE,60.3,Information Technology,5.83,2,Yes,0,1,3,1,100,61,2,0,Placed
Male,Other,73.8,State,79.5,Computer Science,7.84,4,Yes,0,0,1,0,85,64,1,1,Placed
Male,CBSE,63.4,CBSE,62.0,Civil,6.29,3,No,2,3,3,0,70,66,4,0,Placed
Male,CBSE,52.7,CBSE,61.9,Information Technology,6.03,3,Yes,1,2,5,1,100,47,1,0,Placed
Female,CBSE,50.3,State,54.0,Mechanical,5.07,2,Yes,0,1,6,1,100,55,1,0,Placed
Female,CBSE,50.5,ICSE,52.5,Electronics,5.57,1,No,0,0,3,0,78,51,4,0,Placed
Male,CBSE,81.4,State,79.5,Information Technology,7.39,4,Yes,1,1,1,3,100,83,1,3,Placed
Female,State,37.1,CBSE,55.0,Information Technology,4.21,1,Yes,2,1,2,1,100,42,1,0,Not Placed
Male,CBSE,62.7,Other,64.4,Mechanical,4.44,1,Yes,3,1,2,1,59,47,2,1,Placed
Male,State,61.3,Other,65.8,Computer Science,4.28,1,Yes,0,1,1,0,100,65,3,0,Placed
Female,State,68.0,State,62.3,Mechanical,6.14,3,Yes,0,2,1,0,100,74,4,0,Placed
Male,CBSE,46.0,State,65.2,Electrical,5.33,2,Yes,1,2,3,0,78,36,2,2,Placed
Male,CBSE,77.7,ICSE,79.7,Computer Science,7.82,4,Yes,0,1,2,0,94,60,0,0,Placed
Female,State,54.2,State,56.4,Computer Science,5.93,2,Yes,2,0,5,1,100,72,1,1,Placed
Female,ICSE,87.9,Other,79.7,Mechanical,5.68,2,Yes,1,1,2,1,100,75,3,0,Placed
Male,ICSE,63.3,CBSE,72.3,Information Technology,6.39,2,Yes,0,3,3,1,100,73,0,0,Placed
Female,ICSE,70.7,State,62.0,Information Technology,5.42,2,Yes,2,2,2,5,88,54,1,1,Not Placed
Male,Other,72.1,State,51.2,Computer Science,4.68,1,Yes,2,0,4,1,97,49,2,1,Placed
Male,State,75.4,ICSE,72.3,Electronics,7.12,4,Yes,2,2,5,0,100,54,2,1,Placed
Male,Other,72.5,ICSE,81.3,Computer Science,9.44,4,Yes,1,0,2,0,100,80,1,1,Placed
Female,ICSE,66.0,Other,80.4,Information Technology,8.03,5,Yes,1,1,1,0,98,85,1,1,Placed
Male,ICSE,76.8,State,71.5,Mechanical,6.02,3,Yes,0,2,1,0,100,61,1,1,Placed
Female,CBSE,78.5,ICSE,74.3,Computer Science,7.86,4,Yes,0,1,3,0,100,83,2,1,Placed
Female,Other,61.3,State,66.2,Information Technology,7.64,4,No,1,1,1,0,86,79,1,0,Placed
Female,State,78.0,State,70.9,Other,4.76,1,Yes,2,1,4,5,75,63,1,1,Not Placed
Male,ICSE,88.7,CBSE,86.7,Mechanical,8.14,5,No,1,0,2,0,100,83,0,1,Placed
Female,CBSE,81.9,ICSE,75.6,Civil,6.91,3,Yes,1,2,3,1,100,66,3,0,Placed
Male,CBSE,85.1,Other,88.9,Information Technology,8.65,5,Yes,2,2,4,0,100,85,0,1,Placed
Male,CBSE,74.4,CBSE,78.0,Mechanical,7.2,4,No,0,2,2,0,82,60,2,2,Placed
Male,CBSE,58.9,CBSE,67.3,Computer Science,6.07,3,Yes,0,0,3,1,100,45,3,0,Placed
Male,CBSE,60.7,ICSE,58.5,Computer Science,7.53,4,No,1,2,0,0,100,69,0,0,Placed
Female,ICSE,76.5,State,91.6,Computer Science,8.16,5,Yes,2,0,2,0,100,74,0,1,Placed
Male,CBSE,85.2,Other,83.7,Information Technology,6.85,4,Yes,3,0,4,1,100,64,1,0,Placed
Male,CBSE,99.9,CBSE,92.4,Civil,7.76,5,Yes,3,1,6,0,100,77,1,1,Placed
Female,CBSE,85.7,CBSE,71.7,Information Technology,7.34,3,Yes,3,1,4,0,100,79,0,1,Placed
Male,State,55.6,State,55.7,Mechanical,5.11,3,No,1,0,2,0,58,61,0,1,Placed
Female,CBSE,61.3,CBSE,62.1,Mechanical,5.79,2,Yes,0,0,3,0,69,47,0,0,Placed
Male,CBSE,99.9,CBSE,82.0,Electronics,7.01,5,Yes,2,1,1,0,93,90,2,2,Placed
Female,State,69.0,CBSE,63.8,Information Technology,5.35,2,Yes,3,0,3,0,97,60,1,0,Placed
Female,State,72.7,CBSE,67.9,Electronics,5.27,2,Yes,0,0,1,0,66,60,1,0,Placed
Male,CBSE,58.6,CBSE,59.5,Information Technology,4.4,1,Yes,1,1,1,0,100,40,2,2,Placed
Male,CBSE,93.9,Other,67.8,Computer Science,7.67,3,Yes,1,0,2,0,100,70,1,0,Placed
Male,CBSE,79.0,CBSE,72.9,Other,5.94,3,Yes,3,1,4,2,100,62,0,1,Placed
Female,Other,61.2,State,57.1,Computer Science,3.5,1,Yes,0,3,4,3,100,27,0,1,Not Placed
Male,CBSE,58.1,ICSE,58.4,Computer Science,6.05,4,Yes,1,0,4,0,100,58,2,0,Placed
Male,State,76.3,State,82.6,Electrical,7.16,4,Yes,2,5,2,0,100,80,0,1,Placed
Male,CBSE,72.6,State,90.0,Information Technology,5.97,3,No,2,0,0,1,90,62,0,1,Placed
Male,State,83.6,State,84.5,Mechanical,6.14,3,Yes,1,0,2,0,92,59,4,0,Placed
Male,CBSE,79.7,ICSE,62.4,Information Technology,5.07,2,Yes,3,2,3,5,100,65,5,0,Placed
Female,CBSE,68.3,ICSE,62.8,Information Technology,5.21,2,Yes,0,2,2,1,95,57,0,0,Placed
Male,State,64.4,State,69.3,Computer Science,7.5,3,No,0,1,2,0,100,69,1,1,Placed
Male,CBSE,69.8,ICSE,72.2,Information Technology,6.36,3,Yes,1,0,1,0,100,66,1,0,Placed
Female,CBSE,64.3,State,73.1,Information Technology,6.17,3,Yes,0,2,2,0,100,70,0,0,Placed
Female,State,70.2,CBSE,66.7,Mechanical,6.75,2,No,0,4,2,0,91,73,0,0,Placed
Male,Other,72.2,ICSE,65.5,Electronics,6.3,3,Yes,0,5,2,0,89,71,2,2,Placed
Male,CBSE,59.4,State,77.1,Electrical,4.89,1,Yes,1,1,3,2,88,61,1,0,Placed
Male,State,80.8,Other,76.2,Computer Science,6.3,3,Yes,0,2,1,0,100,78,1,0,Placed
Female,Other,66.8,CBSE,54.9,Electronics,5.46,3,Yes,1,2,1,1,95,36,2,3,Not Placed
Male,ICSE,60.2,CBSE,74.9,Electronics,5.63,2,Yes,0,2,2,3,100,72,0,0,Not Placed
Female,State,67.1,Other,50.4,Electrical,6.55,3,Yes,0,5,1,0,100,57,0,1,Placed
Female,State,75.4,CBSE,36.6,Computer Science,4.38,2,Yes,0,2,1,0,57,28,2,0,Placed
Male,CBSE,73.2,Other,77.6,Electronics,5.97,1,No,0,1,0,3,81,73,4,0,Not Placed
Male,State,77.9,Other,82.5,Civil,5.65,2,No,0,1,1,0,35,59,0,0,Not Placed
Male,CBSE,84.6,ICSE,82.6,Computer Science,8.1,5,Yes,2,1,3,0,100,87,2,0,Placed
Male,CBSE,90.3,State,69.7,Electrical,5.4,1,Yes,2,3,2,2,98,56,1,0,Placed
Male,State,76.0,State,71.4,Computer Science,6.88,4,No,0,0,0,0,83,70,1,0,Placed
Female,CBSE,57.0,ICSE,55.0,Mechanical,3.94,1,No,0,0,2,0,25,39,1,0,Not Placed
Female,State,68.2,ICSE,60.8,Electrical,5.47,2,No,0,1,2,0,81,55,0,1,Placed
Female,State,57.9,State,72.5,Mechanical,5.54,2,Yes,3,4,3,2,78,53,2,0,Placed
Female,State,95.8,Other,76.4,Information Technology,6.48,3,Yes,0,2,2,1,100,55,2,1,Placed
Male,CBSE,99.8,State,93.0,Computer Science,7.23,5,Yes,0,0,2,0,79,64,1,0,Placed
Male,CBSE,81.1,Other,87.8,Electrical,8.08,5,Yes,2,0,1,0,88,80,3,2,Placed
Male,State,84.0,CBSE,81.8,Information Technology,6.68,3,Yes,3,1,4,0,100,64,0,1,Placed
Female,Other,75.5,CBSE,84.0,Computer Science,7.23,5,Yes,1,1,3,1,76,77,0,2,Placed
Female,CBSE,77.1,State,78.5,Mechanical,6.42,3,Yes,0,0,3,1,100,66,2,1,Placed
Female,CBSE,49.6,CBSE,56.5,Information Technology,6.92,3,No,1,4,1,0,80,57,0,1,Placed
Male,ICSE,71.0,ICSE,71.9,Computer Science,7.37,4,Yes,1,1,4,1,100,88,1,1,Placed
Male,CBSE,59.7,CBSE,65.9,Computer Science,6.9,4,Yes,1,1,5,2,100,60,2,1,Placed
Female,ICSE,75.9,Other,68.1,Computer Science,4.91,1,Yes,1,2,2,2,100,57,0,1,Not Placed
Male,State,71.2,CBSE,55.4,Electronics,4.61,1,Yes,4,1,2,5,73,65,1,0,Not Placed
Female,State,99.3,State,99.0,Electronics,9.1,5,Yes,2,1,3,0,89,96,0,0,Placed
Female,CBSE,84.8,CBSE,90.2,Electronics,6.41,3,Yes,2,1,3,1,100,73,3,1,Placed
Female,CBSE,76.0,State,74.5,Civil,6.22,3,Yes,1,4,2,0,85,57,4,0,Placed
Male,CBSE,68.3,CBSE,60.7,Civil,4.29,1,No,2,0,4,2,76,28,1,1,Not Placed
Male,ICSE,95.5,CBSE,71.0,Electronics,5.35,2,Yes,0,2,1,2,93,32,1,4,Placed
Male,State,71.6,State,69.6,Computer Science,7.94,4,Yes,1,1,2,0,100,69,0,0,Placed
Male,State,76.6,CBSE,59.0,Mechanical,5.88,1,No,1,2,0,1,72,73,2,1,Not Placed
Male,ICSE,72.6,CBSE,54.6,Information Technology,6.23,4,Yes,2,2,1,0,100,51,1,3,Placed
Female,CBSE,66.3,ICSE,64.5,Electronics,6.5,3,Yes,5,0,3,0,100,53,2,1,Placed
Female,State,72.5,CBSE,61.7,Electronics,5.49,2,No,0,0,1,0,62,51,0,1,Placed
Male,State,44.5,State,51.8,Information Technology,4.54,1,Yes,1,0,3,0,100,50,1,0,Placed
Male,ICSE,50.3,CBSE,51.1,Electrical,4.41,1,No,0,1,0,1,46,46,0,0,Not Placed
Male,CBSE,76.9,CBSE,66.6,Computer Science,6.06,3,No,1,3,2,0,99,73,1,1,Placed
Male,State,94.0,State,68.5,Mechanical,7.45,4,Yes,0,0,2,0,97,61,1,2,Placed
Female,ICSE,76.9,CBSE,64.1,Computer Science,4.86,1,Yes,1,1,1,1,100,67,2,3,Placed
Male,State,61.9,ICSE,53.3,Electrical,4.42,1,Yes,1,3,1,2,96,54,0,1,Not Placed
Male,CBSE,51.8,Other,41.6,Computer Science,3.78,1,Yes,1,3,1,1,84,34,0,1,Not Placed
Male,State,83.0,CBSE,74.0,Computer Science,7.66,3,Yes,1,1,3,0,100,63,0,1,Placed
Female,CBSE,64.1,Other,51.6,Information Technology,6.82,4,Yes,1,2,3,1,100,48,1,0,Placed
Female,State,81.0,CBSE,74.1,Information Technology,6.89,3,No,1,1,2,1,99,80,0,0,Placed
Male,Other,77.5,CBSE,75.5,Computer Science,7.16,4,Yes,1,0,1,0,100,67,4,1,Placed
Male,State,78.7,CBSE,65.8,Electronics,5.96,2,No,2,0,4,2,95,57,1,0,Placed
Female,State,72.5,State,73.6,Information Technology,6.98,4,Yes,1,1,2,0,100,71,0,2,Placed
Female,State,77.4,State,59.4,Computer Science,6.46,2,Yes,3,1,4,2,100,50,1,0,Placed
Male,CBSE,70.3,CBSE,56.6,Information Technology,5.86,2,No,0,1,0,4,67,70,2,0,Not Placed
Female,CBSE,63.1,ICSE,61.2,Civil,5.73,2,No,0,0,1,1,39,56,2,2,Not Placed
Female,Other,58.5,State,65.7,Mechanical,6.37,2,Yes,0,0,2,0,100,66,0,0,Placed
Female,State,38.6,CBSE,52.6,Mechanical,3.5,1,No,0,0,2,0,35,37,0,0,Not Placed
Female,CBSE,69.5,State,83.2,Mechanical,6.81,3,Yes,0,3,3,1,91,56,3,0,Placed
Female,CBSE,93.3,Other,81.2,Information Technology,7.35,4,Yes,1,4,2,0,99,83,2,0,Placed
Male,State,82.2,CBSE,75.4,Computer Science,7.18,5,No,2,0,1,0,100,93,1,4,Placed
Female,ICSE,75.2,CBSE,61.1,Computer Science,5.72,2,Yes,1,0,6,2,100,49,1,1,Placed
Male,ICSE,61.7,State,48.7,Civil,4.61,1,Yes,1,3,2,1,82,37,0,1,Not Placed
Female,CBSE,86.0,State,81.8,Other,6.07,3,Yes,2,0,1,0,79,56,2,1,Placed
Male,Other,70.3,State,60.0,Information Technology,4.1,1,Yes,0,3,2,4,98,41,3,0,Not Placed
Female,State,94.0,CBSE,97.8,Computer Science,9.14,5,Yes,2,1,2,0,100,100,0,1,Placed
Female,State,58.3,State,44.1,Computer Science,3.75,1,Yes,1,1,1,1,100,32,2,0,Not Placed
Male,State,61.5,State,66.0,Information Technology,5.95,2,No,0,2,2,0,100,84,2,0,Placed
Female,CBSE,60.1,State,50.0,Electronics,4.18,1,No,2,0,2,2,57,61,2,0,Not Placed
Male,Other,51.3,CBSE,45.3,Computer Science,6.27,3,Yes,2,0,2,1,100,64,2,2,Placed
Female,CBSE,58.9,State,64.6,Electrical,5.58,2,No,1,2,6,1,90,63,1,0,Placed
Male,CBSE,73.4,CBSE,63.3,Information Technology,5.64,3,Yes,2,5,3,0,100,67,2,1,Placed
Male,ICSE,62.0,State,56.3,Electrical,5.78,1,Yes,2,1,3,1,91,51,0,2,Placed
Female,State,28.0,Other,28.0,Civil,5.06,2,Yes,3,2,4,1,88,32,1,0,Placed
Male,ICSE,87.0,State,98.1,Mechanical,8.14,5,No,1,3,2,0,83,82,0,1,Placed
Female,State,48.4,CBSE,45.1,Electronics,4.19,1,Yes,2,0,1,1,94,31,0,0,Not Placed
Male,CBSE,80.2,State,75.7,Electronics,7.15,4,No,0,1,2,0,95,62,2,2,Placed
Male,Other,72.4,ICSE,67.3,Electronics,4.56,1,Yes,3,0,6,0,79,59,0,0,Placed
Male,CBSE,99.9,ICSE,92.1,Electronics,7.63,5,Yes,0,0,1,0,88,81,1,0,Placed
Female,ICSE,86.0,State,73.4,Electronics,8.17,5,No,1,2,3,0,100,89,1,0,Placed
Male,CBSE,64.9,CBSE,61.7,Other,5.55,2,No,2,0,1,0,93,54,1,0,Placed
Male,ICSE,62.2,State,65.6,Mechanical,5.76,1,Yes,2,0,2,0,95,77,2,0,Placed
Male,CBSE,93.0,State,76.1,Civil,6.27,4,Yes,3,1,6,0,95,58,3,0,Placed
Male,State,51.3,Other,64.4,Electrical,5.28,2,Yes,0,0,1,0,100,66,2,2,Placed
Female,ICSE,74.7,State,82.9,Computer Science,7.57,5,Yes,0,0,1,0,100,76,2,1,Placed
Female,State,70.2,State,73.7,Computer Science,7.39,4,Yes,3,0,5,1,100,82,1,2,Placed
Male,State,67.2,State,66.1,Information Technology,5.8,2,Yes,1,2,2,1,100,53,2,0,Placed
Female,ICSE,76.9,CBSE,42.8,Electronics,3.5,1,No,2,2,2,4,76,47,3,2,Not Placed
Male,State,74.7,ICSE,75.3,Civil,6.61,2,No,1,2,2,2,87,71,4,0,Placed
Female,Other,78.4,State,69.9,Information Technology,8.26,4,Yes,2,2,1,0,100,66,0,4,Placed
Female,State,73.9,Other,68.0,Electronics,5.68,2,Yes,1,3,1,1,100,82,0,1,Placed
Female,CBSE,77.8,State,54.4,Electronics,3.81,1,Yes,2,0,6,3,71,42,1,1,Not Placed
Male,CBSE,73.3,CBSE,74.9,Computer Science,7.38,4,Yes,1,3,1,0,100,80,0,2,Placed
Female,CBSE,62.8,State,47.6,Electronics,6.26,4,No,4,1,2,0,100,63,0,0,Placed
Male,CBSE,72.1,CBSE,70.3,Civil,6.35,4,Yes,0,0,2,0,100,52,3,1,Placed
Female,State,62.0,CBSE,70.5,Computer Science,8.03,5,Yes,1,1,4,0,100,83,2,0,Placed
Male,CBSE,61.1,CBSE,56.1,Electronics,5.96,2,Yes,1,1,6,0,96,46,0,1,Placed
Female,CBSE,67.3,State,77.6,Electronics,7.28,5,Yes,1,0,1,0,86,66,1,0,Placed
Female,CBSE,70.3,State,60.3,Computer Science,5.35,2,Yes,1,0,3,0,100,59,2,0,Placed
Female,ICSE,72.5,CBSE,75.4,Computer Science,7.06,5,Yes,0,1,4,0,100,70,0,0,Placed
Male,State,84.8,State,65.6,Other,5.64,1,Yes,2,2,4,1,71,63,1,2,Placed
Female,CBSE,65.0,State,74.1,Information Technology,6.56,3,Yes,2,0,2,0,100,43,1,2,Placed
Male,ICSE,74.8,Other,79.9,Computer Science,6.87,3,Yes,1,2,1,0,100,56,1,1,Placed
Female,CBSE,73.7,State,75.0,Computer Science,6.98,3,Yes,1,0,2,0,100,76,0,2,Placed
Male,Other,63.5,State,58.7,Mechanical,4.05,1,Yes,1,1,3,0,91,46,1,0,Placed
Male,State,73.0,CBSE,55.7,Electronics,5.95,1,Yes,2,0,6,1,100,61,3,0,Placed
Male,CBSE,86.0,ICSE,75.6,Electronics,5.72,3,No,3,2,3,2,66,64,0,1,Placed
Male,State,74.6,State,82.1,Computer Science,7.01,3,Yes,1,4,1,0,100,62,0,1,Placed
Male,ICSE,75.2,Other,72.7,Electrical,6.47,2,Yes,0,1,1,0,100,53,2,0,Placed
Male,State,62.1,CBSE,46.0,Information Technology,3.96,1,Yes,0,5,5,1,100,52,0,3,Placed
Male,ICSE,99.6,State,78.5,Information Technology,5.13,2,Yes,1,2,2,0,100,53,0,0,Placed
Female,CBSE,62.9,State,74.7,Information Technology,6.31,4,Yes,2,0,3,0,82,66,0,1,Placed
Female,CBSE,48.7,CBSE,56.4,Information Technology,4.18,2,Yes,2,1,3,0,70,45,0,0,Placed
Male,CBSE,84.0,State,65.7,Civil,6.21,3,Yes,1,2,4,0,74,49,0,0,Placed
Male,CBSE,70.4,Other,50.1,Electrical,3.67,1,No,0,1,0,4,77,37,0,1,Not Placed
Male,CBSE,67.8,State,59.6,Information Technology,7.01,5,Yes,0,1,2,1,78,73,1,0,Placed
Male,Other,64.4,Other,44.8,Civil,4.21,1,Yes,1,1,5,1,100,47,0,3,Placed
Female,CBSE,98.2,CBSE,87.1,Civil,7.01,4,No,0,1,2,1,70,68,1,1,Placed
Female,State,77.0,State,97.3,Electrical,5.99,2,No,2,0,0,0,70,72,1,1,Placed
Male,State,79.7,State,58.8,Computer Science,5.85,2,Yes,0,1,1,0,100,72,2,1,Placed
Male,ICSE,74.3,State,68.9,Electronics,6.01,4,Yes,1,2,1,0,100,62,0,0,Placed
Male,Other,75.8,Other,85.0,Computer Science,6.26,3,Yes,0,2,6,0,100,90,3,2,Placed
Female,ICSE,91.6,CBSE,91.2,Civil,7.31,5,Yes,1,1,1,1,100,80,1,0,Placed
Female,Other,68.5,ICSE,64.9,Computer Science,5.76,2,Yes,1,1,4,0,100,57,0,0,Placed
Male,ICSE,51.6,State,52.2,Electronics,4.8,1,Yes,0,0,1,0,100,55,1,2,Placed
Male,Other,84.2,CBSE,66.6,Information Technology,6.15,3,Yes,2,3,1,1,99,85,0,0,Placed
Female,State,79.0,Other,71.6,Information Technology,6.03,4,Yes,0,1,4,0,91,76,0,0,Placed
Female,CBSE,73.5,State,72.6,Electronics,6.54,2,Yes,1,1,4,1,100,52,2,3,Placed
Male,State,78.6,ICSE,85.0,Civil,6.75,3,Yes,1,0,1,0,100,56,1,3,Placed
Male,State,66.8,CBSE,58.9,Electronics,5.85,2,Yes,1,0,1,0,91,55,2,0,Placed
Male,CBSE,72.3,ICSE,67.3,Civil,5.2,2,No,2,0,1,1,81,78,0,1,Not Placed
Female,CBSE,70.2,State,58.2,Computer Science,4.72,1,Yes,0,2,1,1,100,54,3,1,Placed
Male,State,63.7,CBSE,65.0,Electronics,5.19,1,Yes,0,1,5,0,100,50,1,1,Placed
Male,Other,88.6,State,89.3,Information Technology,8.9,5,No,1,1,1,0,100,100,3,1,Placed
Female,CBSE,52.2,CBSE,60.4,Computer Science,6.69,2,Yes,0,3,2,0,88,73,1,1,Placed
Male,ICSE,99.9,State,78.2,Electronics,7.78,3,Yes,0,0,1,0,65,69,1,0,Placed
Female,State,84.3,CBSE,79.7,Mechanical,7.73,4,No,1,0,0,0,83,68,2,2,Placed
Male,Other,47.1,CBSE,43.6,Electronics,4.01,1,No,2,0,1,0,86,53,0,0,Not Placed
Male,Other,68.9,CBSE,76.8,Mechanical,6.66,2,Yes,2,1,1,0,86,57,0,1,Placed
Female,ICSE,69.6,State,65.6,Electronics,5.93,2,Yes,1,2,3,0,100,56,4,1,Placed
Male,State,77.5,State,57.9,Computer Science,6.26,3,Yes,1,3,4,0,100,62,1,2,Placed
Female,CBSE,58.1,State,56.4,Computer Science,5.31,2,Yes,0,1,1,0,100,50,0,2,Placed
Male,State,72.4,CBSE,73.9,Electronics,6.49,4,Yes,2,1,3,1,100,57,2,2,Placed
Male,ICSE,70.3,State,70.2,Computer Science,6.53,2,Yes,0,3,4,0,100,69,1,1,Placed
Female,ICSE,61.7,State,56.2,Computer Science,6.03,2,Yes,2,1,2,1,100,60,0,1,Placed
Male,ICSE,59.7,CBSE,53.9,Information Technology,5.89,2,Yes,2,0,5,0,100,59,2,0,Placed
Female,CBSE,84.9,ICSE,68.8,Electronics,6.16,2,Yes,1,2,1,0,92,42,0,0,Placed
Male,State,48.2,State,47.2,Information Technology,4.98,1,No,0,2,1,0,92,60,0,0,Not Placed
Male,CBSE,78.7,State,65.5,Mechanical,5.86,2,No,3,1,1,2,32,36,0,1,Not Placed
Male,CBSE,83.2,CBSE,87.1,Electronics,8.74,5,No,1,0,6,0,100,85,5,1,Placed
Male,CBSE,68.9,CBSE,57.7,Information Technology,3.99,1,Yes,3,1,3,0,100,70,0,0,Placed
Female,CBSE,72.7,ICSE,70.7,Mechanical,5.12,2,No,2,1,1,0,52,63,0,0,Placed
Female,ICSE,88.3,ICSE,81.8,Electronics,7.52,4,Yes,0,0,4,0,100,71,3,0,Placed
Male,CBSE,62.1,CBSE,71.0,Electronics,6.46,3,Yes,1,1,5,2,100,60,0,2,Placed
Male,CBSE,63.6,CBSE,73.6,Electronics,6.62,3,Yes,4,0,6,0,92,65,0,0,Placed
Female,Other,65.1,State,70.8,Computer Science,7.1,4,Yes,1,1,3,0,100,80,1,0,Placed
Female,CBSE,88.3,State,84.8,Mechanical,7.1,4,Yes,0,0,3,0,85,78,0,0,Placed
Male,CBSE,90.1,ICSE,72.1,Information Technology,5.98,2,Yes,1,3,2,4,100,63,3,0,Placed
Male,CBSE,52.5,CBSE,43.7,Electrical,4.86,1,No,1,0,2,2,93,58,1,3,Not Placed
Male,CBSE,86.1,State,71.1,Civil,5.94,2,No,0,1,1,0,87,48,1,0,Placed
Female,CBSE,83.5,CBSE,85.1,Electronics,6.73,3,Yes,0,0,3,0,78,63,0,0,Placed
Male,CBSE,93.8,CBSE,86.1,Computer Science,8.12,5,Yes,2,0,2,0,100,74,0,0,Placed
Male,State,77.4,CBSE,81.7,Computer Science,7.8,3,Yes,0,1,4,0,95,86,0,1,Placed
Female,CBSE,71.4,ICSE,78.6,Information Technology,7.1,3,Yes,1,0,1,0,100,73,0,0,Placed
Male,CBSE,88.0,State,73.7,Information Technology,8.14,5,Yes,2,1,3,0,100,100,0,0,Placed
Male,ICSE,81.8,ICSE,76.7,Information Technology,7.98,4,Yes,0,0,2,0,100,83,4,3,Placed
Male,State,99.9,CBSE,89.8,Electronics,8.34,5,No,1,1,0,0,65,71,1,0,Placed
Male,Other,85.4,CBSE,75.8,Computer Science,9.14,5,Yes,3,2,2,0,100,91,1,2,Placed
Male,State,74.1,CBSE,65.2,Other,5.51,2,No,1,3,0,2,59,48,0,0,Not Placed
Male,CBSE,55.6,CBSE,68.5,Computer Science,5.93,2,Yes,1,1,6,0,92,56,2,0,Placed
Male,ICSE,63.9,ICSE,63.4,Electrical,6.35,4,No,1,2,4,1,74,59,5,1,Placed
Female,CBSE,51.9,CBSE,54.1,Electrical,4.74,2,Yes,0,2,1,0,66,51,1,0,Placed
Female,CBSE,69.0,CBSE,58.7,Electronics,5.43,2,No,2,0,1,0,62,55,0,0,Placed
Female,State,85.0,CBSE,85.5,Mechanical,6.07,4,Yes,1,2,2,2,69,67,2,1,Placed
Male,State,71.9,CBSE,58.9,Information Technology,6.17,2,Yes,2,1,2,1,100,50,1,0,Placed
Male,ICSE,86.3,ICSE,84.3,Electronics,5.76,2,Yes,3,0,3,1,100,65,1,2,Placed
Male,Other,76.7,State,77.3,Information Technology,6.74,3,Yes,1,3,5,0,100,71,1,0,Placed
Male,CBSE,66.4,State,60.7,Information Technology,5.73,1,Yes,0,0,5,0,97,66,0,1,Placed
Male,State,73.2,State,73.1,Electronics,5.96,2,No,3,1,1,0,68,55,1,0,Placed
Female,State,78.6,CBSE,75.8,Information Technology,5.15,3,Yes,2,1,3,1,100,32,0,0,Placed
Male,Other,73.9,CBSE,70.0,Electronics,4.56,1,No,3,1,1,1,60,62,0,3,Not Placed
Male,ICSE,74.1,ICSE,70.7,Information Technology,5.72,1,Yes,0,1,3,0,88,65,1,1,Placed
Male,Other,61.2,State,61.5,Information Technology,6.28,3,No,3,0,4,0,100,48,1,2,Placed
Female,CBSE,65.9,CBSE,65.7,Computer Science,6.43,4,Yes,1,1,3,0,100,48,1,0,Not Placed
Male,ICSE,99.9,CBSE,90.5,Computer Science,7.77,4,Yes,2,0,2,2,100,85,0,0,Placed
Female,CBSE,89.2,CBSE,70.9,Computer Science,5.71,3,Yes,0,0,5,1,100,58,3,0,Placed
Male,CBSE,51.4,CBSE,52.0,Computer Science,5.59,2,Yes,0,2,3,1,100,40,4,1,Placed
Female,Other,38.9,CBSE,46.8,Computer Science,3.5,1,Yes,0,2,1,2,100,31,0,0,Not Placed
Female,CBSE,73.1,CBSE,70.8,Civil,3.75,1,Yes,1,1,2,1,41,44,0,0,Not Placed
Male,Other,84.5,State,87.9,Computer Science,7.39,4,Yes,1,0,3,0,100,67,0,0,Placed
Male,CBSE,64.7,CBSE,69.7,Mechanical,5.44,1,No,0,1,0,1,50,50,1,1,Not Placed
Male,ICSE,86.3,CBSE,71.0,Computer Science,7.43,4,Yes,4,0,2,0,100,71,3,0,Placed
Male,CBSE,72.8,ICSE,67.9,Electrical,6.01,2,Yes,2,2,4,0,74,70,1,0,Placed
Female,CBSE,69.7,State,64.2,Information Technology,7.46,3,Yes,2,0,1,0,100,74,1,0,Placed
Female,CBSE,82.6,Other,76.9,Information Technology,6.31,4,Yes,2,1,3,0,100,68,1,0,Placed
Female,State,64.6,CBSE,63.4,Electronics,6.16,3,Yes,2,1,2,0,96,75,2,1,Placed
Female,CBSE,68.0,State,72.1,Information Technology,6.26,3,Yes,0,5,4,0,100,55,0,2,Placed
Male,State,81.4,CBSE,77.8,Electronics,7.9,4,No,1,0,3,0,98,74,2,0,Placed
Male,CBSE,71.6,State,81.0,Computer Science,6.98,3,Yes,1,0,5,0,100,65,2,0,Placed
Female,CBSE,98.7,CBSE,91.4,Other,8.11,4,Yes,1,5,1,0,51,75,2,2,Placed
Male,CBSE,81.7,CBSE,68.0,Information Technology,5.25,2,Yes,0,1,2,0,100,57,2,0,Placed
Female,State,80.8,Other,70.9,Information Technology,6.03,2,No,0,2,2,0,100,56,3,0,Placed
Male,ICSE,71.3,State,74.5,Mechanical,6.17,3,No,1,2,4,1,100,61,0,0,Placed
Male,ICSE,84.2,Other,62.0,Information Technology,6.97,4,Yes,1,0,1,1,83,70,0,0,Placed
Female,CBSE,67.5,CBSE,52.2,Civil,3.5,1,No,2,0,0,1,87,41,1,0,Not Placed
Male,State,76.0,CBSE,72.1,Information Technology,6.19,2,Yes,0,0,1,5,100,35,2,0,Not Placed
Female,ICSE,59.2,State,68.9,Mechanical,5.55,2,No,1,2,1,0,71,64,0,1,Placed
Female,CBSE,86.6,State,93.0,Computer Science,6.08,3,Yes,3,2,4,0,100,75,3,0,Placed
Female,State,76.1,State,69.9,Civil,5.43,2,Yes,3,1,4,0,100,46,1,0,Placed
Female,State,99.8,Other,99.9,Mechanical,6.51,3,Yes,1,1,1,1,55,85,1,0,Placed
Female,CBSE,99.9,CBSE,90.6,Computer Science,5.69,2,Yes,0,0,3,1,100,64,5,0,Placed
Female,CBSE,82.7,State,61.7,Computer Science,5.67,2,Yes,1,1,3,1,92,67,3,1,Placed
Male,CBSE,73.0,CBSE,69.7,Information Technology,6.06,3,Yes,1,3,2,0,100,63,2,0,Placed
Male,State,58.8,CBSE,52.9,Other,4.62,2,No,2,2,2,2,56,41,0,0,Not Placed
Female,CBSE,84.7,State,87.7,Computer Science,7.83,4,Yes,2,1,3,0,89,80,1,1,Placed
Male,CBSE,74.9,State,70.9,Information Technology,5.62,1,Yes,0,1,1,2,86,54,3,0,Not Placed
Male,CBSE,79.5,CBSE,61.8,Computer Science,7.53,3,Yes,1,2,5,0,100,66,1,1,Placed
Male,CBSE,96.2,CBSE,72.2,Information Technology,6.46,3,Yes,0,1,1,0,100,49,2,1,Placed
Female,CBSE,60.5,State,60.2,Electronics,6.67,3,Yes,1,1,5,3,89,59,2,1,Placed
Female,Other,59.1,State,35.1,Other,3.5,1,No,1,1,2,1,53,22,0,0,Not Placed
Male,CBSE,68.7,CBSE,61.3,Electronics,4.83,2,Yes,1,0,3,1,100,53,0,1,Placed
Female,State,83.5,CBSE,79.9,Civil,7.11,3,Yes,1,0,1,0,93,76,1,0,Placed
Female,CBSE,79.8,CBSE,64.3,Electronics,5.58,3,Yes,2,0,5,2,100,59,2,0,Placed
Female,State,59.5,Other,69.6,Computer Science,5.46,2,Yes,1,0,2,0,100,68,1,1,Placed
Female,State,82.6,Other,88.9,Information Technology,5.92,2,Yes,5,0,5,0,100,87,1,0,Placed
Female,CBSE,55.2,State,46.2,Electronics,5.26,2,Yes,1,0,4,0,99,50,2,0,Placed
Male,ICSE,60.3,Other,57.2,Other,5.7,2,Yes,4,0,2,1,95,57,0,1,Placed
Female,State,70.4,State,77.7,Civil,6.57,3,Yes,2,0,5,2,100,61,2,0,Placed
Male,ICSE,64.3,CBSE,63.2,Computer Science,5.56,1,No,1,1,2,3,100,39,1,0,Not Placed
Female,State,84.5,CBSE,64.4,Computer Science,5.08,2,Yes,1,1,3,5,100,57,1,1,Not Placed
Female,Other,76.0,Other,70.6,Computer Science,6.44,4,No,1,3,4,0,80,70,1,0,Placed
Male,ICSE,96.7,State,79.0,Electrical,5.4,3,No,1,1,1,1,100,62,0,0,Placed
Male,Other,68.5,ICSE,77.5,Civil,5.66,1,No,1,0,1,1,26,48,0,1,Not Placed
Female,State,70.3,ICSE,73.8,Civil,7.23,3,No,1,1,2,0,86,59,1,1,Placed
Male,State,88.9,State,78.5,Information Technology,5.24,2,Yes,2,2,3,2,100,48,5,0,Placed
Female,ICSE,70.7,CBSE,69.4,Electronics,6.72,2,Yes,1,1,1,1,97,64,0,0,Not Placed
Male,ICSE,92.9,CBSE,71.6,Information Technology,7.8,3,No,1,0,0,0,100,62,0,1,Placed
Male,Other,79.6,CBSE,67.2,Computer Science,7.0,3,Yes,1,3,1,1,86,77,0,0,Placed
Female,CBSE,39.1,CBSE,59.9,Electronics,5.85,2,Yes,0,0,1,2,75,64,0,1,Not Placed
Female,ICSE,88.5,State,81.9,Computer Science,6.81,3,Yes,4,4,4,1,95,80,0,0,Placed
Female,CBSE,84.8,CBSE,87.9,Computer Science,7.03,3,Yes,3,2,2,1,92,85,1,0,Placed
Male,State,85.3,CBSE,81.3,Electrical,4.71,1,Yes,0,1,2,1,80,53,2,0,Not Placed
Female,CBSE,45.2,State,62.0,Mechanical,5.46,3,Yes,0,1,2,1,82,64,1,0,Not Placed
Female,CBSE,62.7,CBSE,42.0,Information Technology,4.17,1,Yes,1,0,5,1,100,41,1,0,Placed
Female,Other,63.8,State,61.0,Electronics,4.94,1,Yes,0,2,2,1,100,51,1,1,Not Placed
Female,CBSE,60.2,State,76.6,Information Technology,6.76,3,Yes,2,1,4,0,100,66,2,0,Placed
Female,State,96.4,State,96.9,Mechanical,7.75,4,Yes,0,1,2,1,92,71,1,0,Placed
Male,State,71.8,Other,82.1,Civil,6.06,3,Yes,2,0,1,2,86,63,5,1,Placed
Male,CBSE,71.5,CBSE,68.6,Mechanical,7.31,4,Yes,3,0,2,2,76,66,0,0,Placed
Female,CBSE,79.7,CBSE,69.4,Mechanical,6.57,4,Yes,0,1,2,0,81,70,1,0,Placed
Male,State,80.0,ICSE,64.7,Computer Science,6.91,3,Yes,2,1,1,0,100,63,1,0,Placed
Female,CBSE,28.0,State,28.0,Information Technology,3.53,1,Yes,3,1,4,2,100,30,0,0,Not Placed
Male,ICSE,63.0,ICSE,70.3,Information Technology,6.83,4,Yes,1,1,2,1,100,74,0,0,Placed
Female,Other,52.2,CBSE,59.3,Information Technology,4.85,1,No,0,2,2,2,100,43,1,2,Not Placed
Female,CBSE,77.6,ICSE,72.5,Mechanical,6.71,4,Yes,2,1,1,0,100,65,1,1,Not Placed
Male,CBSE,68.0,Other,71.1,Information Technology,6.24,4,Yes,0,1,3,1,100,70,5,0,Placed
Male,State,72.2,State,70.6,Computer Science,5.57,2,Yes,1,2,1,0,100,68,1,1,Placed
Male,State,42.9,CBSE,56.8,Information Technology,5.47,2,Yes,0,2,3,1,58,65,1,0,Placed
Female,CBSE,67.7,ICSE,75.3,Other,6.03,3,No,1,1,1,0,49,64,1,2,Placed
Female,CBSE,87.6,ICSE,70.0,Computer Science,8.54,5,Yes,1,3,3,0,94,77,1,0,Placed
Male,State,91.7,ICSE,86.5,Electronics,7.61,4,Yes,1,1,4,0,96,91,3,3,Placed
Female,Other,82.1,CBSE,59.9,Information Technology,7.12,4,Yes,0,0,2,0,100,57,4,1,Placed
Male,CBSE,53.3,ICSE,56.3,Computer Science,6.58,4,Yes,1,1,1,0,100,69,0,2,Placed
Male,State,89.6,CBSE,88.2,Information Technology,7.57,4,Yes,2,0,4,0,100,77,2,0,Placed
Female,Other,82.1,CBSE,63.4,Mechanical,5.12,1,Yes,0,3,2,0,87,33,0,2,Placed
Male,State,70.4,State,63.6,Electronics,4.17,1,Yes,2,1,3,0,100,66,2,0,Placed
Male,State,43.6,CBSE,47.8,Electrical,3.77,1,No,0,1,1,0,81,33,1,3,Not Placed
Male,State,85.4,State,81.4,Information Technology,7.69,4,Yes,1,1,2,0,100,100,3,0,Not Placed
Male,Other,63.7,State,60.0,Computer Science,5.53,3,Yes,1,0,3,0,99,58,3,1,Placed
Male,State,76.8,CBSE,60.9,Electrical,5.75,2,Yes,1,2,1,0,100,48,1,1,Placed
Male,ICSE,73.0,State,69.2,Information Technology,4.47,2,Yes,1,2,4,0,100,61,0,0,Placed
Female,State,93.5,Other,68.6,Electronics,6.47,4,No,0,5,1,0,94,60,0,1,Placed
Male,State,70.2,CBSE,65.3,Civil,6.53,2,Yes,0,1,1,0,74,62,1,0,Placed
Male,CBSE,71.8,State,64.4,Information Technology,4.39,1,Yes,2,1,2,2,100,57,0,0,Not Placed
Male,CBSE,94.1,CBSE,84.2,Mechanical,7.21,4,No,1,2,3,1,88,73,0,1,Placed
Male,ICSE,62.8,State,56.5,Computer Science,6.78,3,Yes,4,0,5,1,100,62,1,4,Placed
Female,CBSE,83.4,CBSE,62.5,Information Technology,7.37,4,Yes,3,0,4,0,98,62,2,1,Placed
Female,State,69.2,CBSE,63.2,Computer Science,5.55,2,Yes,2,0,2,0,100,36,3,1,Placed
Male,CBSE,58.0,CBSE,67.8,Civil,6.41,2,No,1,4,1,0,51,64,0,1,Placed
Female,ICSE,72.0,Other,81.6,Computer Science,8.49,4,Yes,1,0,4,0,100,85,3,1,Placed
Female,CBSE,81.7,State,99.9,Mechanical,8.25,5,No,3,2,2,0,93,100,1,1,Placed
Female,ICSE,91.0,State,99.9,Electrical,9.1,5,Yes,1,1,2,0,84,95,1,0,Placed
Male,State,92.6,CBSE,72.5,Electronics,6.28,3,No,1,0,1,1,84,53,1,0,Placed
Male,CBSE,67.9,State,61.8,Electronics,5.97,3,Yes,2,3,4,2,100,39,2,0,Placed
Male,State,58.2,CBSE,58.4,Information Technology,5.04,3,Yes,1,1,3,3,100,30,1,1,Not Placed
Female,CBSE,67.5,CBSE,64.8,Information Technology,5.86,1,Yes,0,1,1,2,99,60,2,0,Not Placed
Male,CBSE,55.5,State,57.3,Information Technology,5.91,2,Yes,0,0,1,0,100,64,2,2,Placed
Female,CBSE,69.0,CBSE,90.8,Electronics,6.88,3,Yes,4,1,2,3,86,76,2,0,Placed
Male,CBSE,67.2,CBSE,54.6,Other,4.75,1,No,5,2,6,2,100,54,1,1,Not Placed
Male,Other,82.2,State,69.5,Electrical,6.65,2,Yes,1,1,4,1,90,78,1,0,Placed
Female,CBSE,41.1,ICSE,62.3,Civil,7.2,4,No,2,1,2,0,84,69,1,0,Placed
Male,State,61.7,CBSE,55.1,Electrical,3.5,1,Yes,0,0,2,1,100,34,2,0,Not Placed
Male,CBSE,61.8,CBSE,65.3,Information Technology,7.82,4,Yes,1,2,3,0,100,65,0,0,Placed
Female,State,88.6,CBSE,91.8,Mechanical,7.13,4,Yes,1,2,1,0,100,79,2,1,Placed
Female,CBSE,56.4,Other,62.2,Electrical,6.36,3,No,0,2,2,0,80,62,5,0,Placed
Female,State,75.2,ICSE,73.3,Information Technology,7.61,4,Yes,1,0,4,0,100,71,0,1,Placed
Female,State,70.2,State,77.0,Other,7.81,4,Yes,0,1,1,0,100,69,2,0,Placed
Female,State,86.6,Other,71.0,Information Technology,5.76,2,Yes,1,0,2,0,100,52,0,1,Placed
Female,CBSE,80.3,State,70.3,Electronics,5.97,3,Yes,1,0,1,1,77,77,2,0,Placed
Male,State,73.7,Other,75.6,Mechanical,6.27,3,Yes,0,1,1,0,83,55,0,0,Placed
Male,CBSE,64.2,CBSE,42.5,Other,3.84,1,Yes,3,3,4,1,68,33,0,0,Not Placed
Male,CBSE,46.1,CBSE,63.7,Computer Science,7.23,4,Yes,1,5,2,0,100,67,0,1,Placed
Male,State,75.5,State,74.7,Mechanical,6.19,3,Yes,0,1,3,3,100,68,2,0,Placed
Female,State,79.4,CBSE,76.1,Electronics,5.09,2,No,0,1,2,0,96,61,0,2,Not Placed
Female,State,50.0,State,36.2,Computer Science,3.68,1,Yes,2,1,4,1,100,23,1,0,Not Placed
Female,State,54.7,CBSE,43.2,Civil,3.5,1,No,1,0,3,0,69,41,2,0,Not Placed
Male,CBSE,75.5,State,67.6,Electronics,5.79,2,Yes,1,2,3,0,100,71,5,0,Placed
Female,CBSE,76.7,CBSE,80.6,Mechanical,7.24,5,No,0,1,1,0,75,73,1,5,Placed
Male,CBSE,58.1,CBSE,37.8,Information Technology,3.67,1,Yes,1,1,1,5,66,58,0,0,Not Placed
Female,State,64.0,Other,70.9,Information Technology,6.05,3,Yes,0,2,2,0,85,76,0,0,Placed
Female,State,46.3,ICSE,46.1,Electronics,4.35,1,Yes,0,3,1,1,78,41,0,2,Not Placed
Male,CBSE,91.3,Other,81.2,Information Technology,7.2,4,Yes,1,1,5,0,100,67,0,0,Placed
Male,State,53.8,State,57.9,Computer Science,6.13,3,Yes,2,1,2,1,100,49,1,2,Placed
Male,State,79.6,State,77.4,Other,7.16,4,No,0,4,3,0,100,71,0,1,Placed
Female,State,71.5,State,61.5,Electronics,7.63,4,No,2,1,2,0,95,72,1,0,Placed
Female,State,90.1,CBSE,88.8,Mechanical,7.28,5,Yes,0,2,4,0,100,87,0,0,Placed
Female,State,60.9,CBSE,37.5,Information Technology,4.9,1,No,0,0,3,5,73,44,0,1,Not Placed
Male,State,72.9,CBSE,65.2,Information Technology,4.61,1,Yes,0,0,1,2,98,45,1,0,Not Placed
Male,CBSE,48.2,ICSE,52.7,Information Technology,4.88,1,Yes,4,1,4,1,100,62,1,1,Placed
Female,CBSE,44.9,CBSE,45.2,Information Technology,4.49,2,Yes,0,0,1,1,82,33,2,0,Not Placed
Female,CBSE,80.3,Other,57.0,Electronics,4.39,2,No,1,3,5,0,30,48,0,1,Placed
Male,State,47.0,State,57.8,Electronics,4.87,1,Yes,0,1,3,1,75,52,0,0,Not Placed
Male,ICSE,68.8,State,54.1,Information Technology,5.22,3,Yes,1,4,1,0,100,54,0,0,Placed
Female,State,86.2,CBSE,79.0,Computer Science,6.58,4,Yes,1,1,5,0,100,65,1,0,Placed
Male,CBSE,82.5,CBSE,78.4,Information Technology,9.24,5,Yes,1,0,2,0,100,94,1,2,Placed
Male,ICSE,62.7,Other,62.2,Computer Science,6.4,3,Yes,3,0,3,0,100,65,0,0,Placed
Male,ICSE,49.8,CBSE,64.0,Computer Science,7.86,4,Yes,2,0,3,0,100,75,1,2,Placed
Male,ICSE,79.1,CBSE,73.8,Electrical,7.59,4,Yes,0,1,5,0,100,79,0,0,Placed
Female,State,90.8,CBSE,87.4,Electronics,6.71,3,Yes,2,0,5,4,100,57,1,0,Placed
Female,ICSE,62.7,CBSE,61.5,Mechanical,5.43,2,Yes,0,1,3,2,100,46,2,0,Not Placed
Female,CBSE,60.8,CBSE,66.7,Information Technology,5.74,3,Yes,2,2,2,1,100,52,1,1,Placed
Male,CBSE,64.7,State,77.5,Electrical,6.34,3,No,1,0,0,0,72,65,0,0,Placed
Male,CBSE,80.0,State,76.4,Electronics,5.69,1,No,0,0,1,1,83,53,2,2,Not Placed
Male,State,89.2,State,89.7,Mechanical,6.83,3,No,2,1,0,0,80,63,1,1,Placed
Male,CBSE,54.6,CBSE,70.5,Information Technology,6.71,4,Yes,1,1,3,0,100,64,0,2,Placed
Female,State,51.0,ICSE,66.8,Other,6.04,3,No,0,3,1,3,75,69,0,0,Not Placed
Male,State,99.9,ICSE,86.1,Civil,7.12,4,Yes,1,1,3,0,100,83,0,2,Placed
Male,CBSE,69.5,CBSE,77.5,Civil,6.28,4,Yes,0,3,1,3,62,69,1,1,Not Placed
Male,ICSE,75.5,CBSE,74.1,Computer Science,7.49,4,Yes,1,0,2,0,99,77,2,1,Placed
Male,CBSE,62.3,CBSE,72.9,Computer Science,6.41,3,Yes,0,1,1,0,75,63,0,1,Placed
Male,CBSE,78.9,ICSE,79.9,Information Technology,8.25,5,No,2,2,1,0,100,80,1,2,Placed
Male,ICSE,85.4,State,81.8,Computer Science,5.55,3,No,0,2,1,0,79,62,1,0,Placed
Female,CBSE,76.2,Other,76.5,Civil,6.86,4,Yes,0,1,2,1,86,69,1,0,Placed
Male,State,96.4,CBSE,89.9,Computer Science,8.18,4,Yes,1,1,2,0,100,82,0,0,Placed
Male,ICSE,67.4,State,68.5,Computer Science,5.75,1,Yes,1,0,3,0,100,57,1,3,Placed
Female,Other,68.3,CBSE,64.6,Computer Science,5.78,1,Yes,2,0,2,0,74,37,3,0,Placed
Female,ICSE,75.2,CBSE,68.9,Computer Science,6.8,3,Yes,0,0,1,0,100,73,0,2,Placed
Female,CBSE,78.5,State,91.5,Computer Science,8.67,5,Yes,2,0,3,0,100,84,2,0,Placed
Female,State,75.2,CBSE,76.2,Civil,4.68,2,No,1,2,2,2,83,39,0,0,Not Placed
Male,CBSE,54.0,State,49.8,Electronics,5.4,2,Yes,0,0,1,2,86,59,2,1,Not Placed
Male,CBSE,76.4,State,69.5,Computer Science,6.01,3,Yes,1,1,1,3,95,65,1,3,Placed
Male,CBSE,66.8,ICSE,75.7,Information Technology,7.73,3,Yes,1,4,1,0,100,58,0,1,Placed
Female,CBSE,63.9,CBSE,55.6,Information Technology,3.76,2,Yes,2,1,1,0,81,61,1,0,Placed
Female,ICSE,72.5,Other,54.6,Computer Science,7.65,3,Yes,2,0,1,0,100,66,1,1,Placed
Male,CBSE,58.5,Other,44.8,Mechanical,3.51,1,Yes,4,1,2,0,62,61,0,1,Placed
Male,State,56.1,Other,39.8,Mechanical,5.27,2,Yes,1,2,1,1,73,58,0,0,Not Placed
Female,State,35.4,ICSE,28.6,Mechanical,3.5,1,No,4,0,4,1,100,52,2,1,Not Placed
Male,State,96.5,ICSE,75.6,Mechanical,5.58,2,Yes,1,2,2,0,64,59,0,2,Placed
Female,Other,79.8,State,88.7,Computer Science,7.9,5,Yes,0,0,2,1,100,80,1,0,Placed
Female,CBSE,70.4,CBSE,67.3,Other,6.7,3,Yes,1,1,1,0,100,72,0,3,Placed
Female,State,62.7,State,58.4,Civil,3.7,1,No,0,0,5,0,69,47,0,0,Not Placed
Female,State,31.7,State,28.0,Electrical,3.9,1,No,0,1,1,0,79,43,0,1,Not Placed
Female,CBSE,61.8,Other,59.9,Computer Science,5.78,2,Yes,1,1,3,2,100,57,0,0,Placed
Male,State,82.0,State,59.1,Electrical,5.81,2,Yes,0,2,3,0,97,40,0,1,Placed
Female,ICSE,85.2,CBSE,75.2,Civil,6.2,4,No,0,1,1,3,65,57,0,1,Not Placed
Female,CBSE,81.0,State,96.4,Civil,7.05,4,Yes,0,2,6,0,99,80,1,0,Placed
Male,CBSE,74.2,Other,77.3,Computer Science,5.92,2,Yes,0,0,1,0,100,68,2,1,Placed
Male,CBSE,90.3,CBSE,80.6,Mechanical,7.24,5,Yes,0,1,2,0,80,90,1,0,Placed
Male,ICSE,67.4,CBSE,72.5,Other,6.71,2,No,2,0,0,0,74,61,1,0,Placed
Male,State,87.2,State,75.2,Mechanical,6.88,3,Yes,1,1,4,1,100,72,0,1,Placed
Female,State,66.6,CBSE,56.9,Electronics,5.68,2,No,2,1,0,1,85,62,0,1,Placed
Female,State,59.7,CBSE,76.8,Electrical,7.29,4,Yes,2,0,3,2,100,76,1,0,Placed
Male,ICSE,57.9,CBSE,47.0,Information Technology,6.12,3,Yes,2,0,1,1,100,48,5,2,Placed
Male,ICSE,57.1,ICSE,54.3,Electronics,3.5,2,Yes,0,2,2,0,91,47,2,0,Placed
Female,ICSE,81.2,CBSE,79.0,Information Technology,4.83,1,Yes,1,0,2,1,100,48,4,0,Placed
Male,ICSE,61.6,State,51.8,Electrical,6.36,3,Yes,0,1,5,0,98,54,0,0,Placed
Male,State,57.5,ICSE,64.6,Computer Science,4.89,1,Yes,1,1,1,3,100,53,2,0,Not Placed
Female,State,82.0,Other,73.4,Electronics,5.39,1,Yes,0,0,3,0,100,58,4,0,Not Placed
Male,ICSE,76.6,Other,79.1,Mechanical,6.28,4,Yes,2,0,3,0,77,49,2,2,Placed
Male,Other,85.5,State,85.0,Civil,5.34,2,Yes,2,1,4,0,100,62,2,0,Placed
Male,CBSE,79.2,Other,72.0,Electronics,5.94,3,Yes,1,0,4,0,100,64,0,0,Placed
Male,CBSE,61.5,CBSE,78.2,Electrical,5.68,2,No,1,3,5,1,80,63,3,1,Placed
Female,Other,73.1,State,63.2,Electrical,5.35,3,No,0,3,0,1,48,50,1,1,Not Placed
Male,CBSE,73.8,State,83.8,Computer Science,7.6,4,Yes,1,1,1,0,100,95,0,1,Placed
Male,ICSE,59.1,CBSE,71.1,Information Technology,6.11,4,Yes,1,0,2,0,100,65,3,0,Placed
Female,CBSE,56.5,State,75.1,Computer Science,6.43,2,Yes,1,1,2,0,100,62,3,1,Placed
Female,CBSE,62.5,CBSE,63.6,Information Technology,6.17,3,Yes,0,0,2,1,100,64,3,2,Placed
Male,CBSE,99.9,ICSE,82.0,Electronics,7.87,4,No,0,1,2,0,100,70,0,0,Placed
Male,CBSE,66.2,CBSE,85.4,Electrical,8.44,5,Yes,1,0,1,0,100,90,0,1,Placed
Female,CBSE,89.3,State,78.6,Civil,6.21,3,No,1,2,0,0,81,69,0,2,Placed
Male,State,65.4,CBSE,55.9,Computer Science,7.18,4,Yes,1,0,3,0,100,80,2,3,Placed
Male,State,84.4,CBSE,76.4,Computer Science,7.66,4,Yes,0,1,4,0,100,83,2,0,Placed
Female,Other,84.6,Other,68.6,Electronics,4.95,2,No,0,0,2,4,51,67,1,3,Not Placed
Female,State,85.3,ICSE,84.2,Electronics,5.94,1,Yes,1,1,1,0,84,43,2,1,Placed
Female,State,77.4,Other,67.0,Computer Science,5.74,1,Yes,2,0,5,1,100,49,0,1,Placed
Female,State,91.3,CBSE,80.6,Electrical,7.99,4,Yes,0,3,2,1,100,83,0,0,Placed
Female,State,77.3,CBSE,82.7,Electrical,6.37,3,Yes,1,1,3,0,63,59,0,1,Placed
Male,State,96.0,State,93.2,Information Technology,6.15,4,Yes,2,0,1,0,100,85,0,0,Placed
Female,CBSE,49.3,State,52.1,Electrical,4.63,1,No,0,1,2,3,74,45,2,1,Not Placed
Male,CBSE,76.9,CBSE,74.4,Information Technology,4.85,1,No,0,0,1,1,93,68,1,1,Not Placed
Male,CBSE,76.0,State,72.1,Mechanical,5.14,3,No,3,1,6,0,64,60,0,0,Placed
Female,CBSE,58.9,CBSE,54.9,Information Technology,4.84,1,Yes,0,0,2,1,100,50,0,0,Not Placed
Female,State,80.1,CBSE,75.0,Computer Science,6.91,2,No,1,1,2,0,100,62,0,0,Placed
Male,CBSE,51.1,CBSE,58.2,Electrical,6.15,4,No,1,0,2,0,62,60,1,1,Placed
Female,ICSE,62.8,State,60.8,Information Technology,6.38,2,Yes,1,2,1,0,90,59,0,1,Placed
Male,Other,44.0,State,52.2,Mechanical,3.73,1,Yes,0,1,3,1,74,34,0,1,Not Placed
Male,Other,93.8,State,77.0,Information Technology,6.47,4,Yes,2,2,3,0,100,53,3,2,Placed
Male,Other,68.8,State,60.6,Computer Science,5.91,2,Yes,1,3,3,2,98,59,2,1,Placed
Female,CBSE,99.9,CBSE,82.6,Computer Science,7.03,4,Yes,0,4,2,0,100,81,0,1,Placed
Female,State,83.2,Other,71.7,Information Technology,6.22,4,Yes,2,0,4,2,100,67,5,1,Placed
Male,CBSE,78.3,Other,86.6,Mechanical,5.48,1,No,1,2,2,0,97,71,2,1,Placed
Female,ICSE,63.8,State,70.1,Information Technology,5.32,2,Yes,0,1,1,1,93,57,0,2,Placed
Male,ICSE,57.4,CBSE,47.3,Mechanical,4.11,2,Yes,1,1,3,0,82,35,2,2,Placed
Female,ICSE,79.3,State,78.8,Mechanical,3.74,1,No,0,2,4,0,86,59,0,1,Placed
Male,State,71.0,State,64.3,Mechanical,6.16,4,Yes,2,0,3,1,75,57,2,1,Placed
Male,ICSE,53.3,Other,48.2,Information Technology,3.7,2,No,1,1,1,1,66,41,3,1,Not Placed
Female,CBSE,50.8,Other,38.2,Electrical,4.55,1,No,1,1,2,4,56,48,1,1,Not Placed
Male,CBSE,58.6,ICSE,68.7,Information Technology,6.8,3,Yes,0,0,1,1,100,74,1,0,Placed
Male,ICSE,97.5,CBSE,74.5,Information Technology,6.15,4,Yes,2,2,3,0,87,64,2,2,Placed
Female,State,99.9,Other,89.4,Computer Science,8.61,4,Yes,1,0,2,0,100,91,2,1,Placed
Female,Other,74.9,State,61.7,Information Technology,6.48,2,Yes,1,1,1,0,95,67,2,4,Placed
Male,CBSE,74.1,ICSE,78.3,Computer Science,6.71,3,Yes,3,3,3,0,100,74,0,1,Placed
Male,ICSE,67.3,State,62.1,Electronics,5.26,1,Yes,5,2,3,0,63,66,0,0,Placed
Male,State,58.9,CBSE,57.8,Computer Science,6.64,4,Yes,1,3,2,1,100,68,3,0,Placed
Male,ICSE,91.3,State,82.5,Information Technology,7.37,4,Yes,0,0,1,0,97,91,1,0,Placed
Male,ICSE,98.2,CBSE,91.7,Civil,8.2,5,No,2,1,3,0,79,65,0,0,Placed
Female,Other,59.5,CBSE,59.8,Information Technology,3.54,1,No,0,1,2,0,82,35,2,2,Not Placed
Female,CBSE,70.8,ICSE,67.7,Computer Science,6.39,3,Yes,1,1,3,1,100,59,0,1,Placed
Male,Other,65.7,CBSE,59.1,Computer Science,4.32,1,No,1,0,1,2,69,36,0,2,Not Placed
Male,CBSE,66.1,CBSE,48.8,Civil,4.45,1,Yes,4,1,2,1,91,65,1,0,Placed
Male,CBSE,88.6,CBSE,70.3,Computer Science,7.11,4,Yes,5,0,3,0,100,84,1,0,Placed
Male,State,53.6,State,62.4,Information Technology,7.42,4,Yes,3,0,4,0,100,75,0,0,Placed
Female,ICSE,78.5,Other,70.8,Electronics,5.36,3,No,1,1,2,1,76,60,0,2,Placed
Male,State,82.2,CBSE,70.0,Mechanical,5.48,3,Yes,1,1,2,2,100,49,0,0,Placed
Male,ICSE,70.0,CBSE,53.4,Electronics,4.99,1,Yes,1,4,2,4,92,56,0,1,Not Placed
Female,State,84.5,Other,61.2,Civil,4.4,1,Yes,3,1,2,1,83,51,0,0,Not Placed
Male,CBSE,74.1,ICSE,63.5,Computer Science,6.91,3,Yes,2,1,4,0,100,74,0,0,Not Placed
Female,Other,89.0,CBSE,90.6,Information Technology,7.63,5,Yes,2,0,1,0,100,73,1,1,Placed
Male,CBSE,50.7,ICSE,47.5,Information Technology,5.0,2,Yes,0,0,1,1,100,56,3,0,Not Placed
Female,ICSE,67.1,State,69.3,Computer Science,6.96,4,No,0,1,1,1,100,77,2,0,Placed
Female,CBSE,71.0,ICSE,62.2,Information Technology,5.78,3,Yes,1,0,3,0,100,68,1,0,Placed
Female,State,34.6,State,47.3,Information Technology,4.14,1,Yes,0,2,6,0,100,47,0,1,Placed
Female,State,56.8,Other,54.1,Electronics,5.06,2,No,0,0,0,1,55,62,1,1,Not Placed
Male,CBSE,60.6,CBSE,48.1,Mechanical,3.76,1,Yes,0,1,2,0,83,33,3,1,Not Placed
Male,CBSE,85.3,CBSE,76.3,Information Technology,6.86,3,No,3,2,3,0,88,70,0,0,Placed
Female,CBSE,62.1,CBSE,79.9,Mechanical,7.49,5,Yes,2,2,4,0,97,79,1,0,Placed
Female,CBSE,60.5,State,78.3,Information Technology,5.83,2,Yes,2,1,3,2,100,64,1,0,Placed
Male,CBSE,83.4,Other,82.4,Information Technology,5.78,3,Yes,0,0,4,0,100,72,1,0,Placed
Male,State,49.3,State,50.6,Electronics,4.93,1,No,0,4,1,2,33,55,1,1,Not Placed
Male,ICSE,43.0,CBSE,50.3,Computer Science,4.48,1,No,0,2,1,3,70,27,0,2,Not Placed
Male,State,66.9,State,68.3,Computer Science,6.37,2,Yes,2,2,3,0,100,79,3,0,Placed
Male,ICSE,51.7,State,53.4,Information Technology,5.56,2,Yes,2,0,5,1,100,49,1,0,Placed
Female,State,52.3,Other,58.6,Electrical,3.5,2,No,0,1,2,3,73,54,0,0,Not Placed
Male,State,80.0,State,77.1,Mechanical,7.03,4,No,0,0,2,0,93,63,1,2,Placed
Male,State,84.3,State,75.1,Computer Science,5.73,1,Yes,0,0,2,4,64,64,0,0,Not Placed
Female,State,83.0,State,65.3,Civil,5.52,2,No,1,0,2,0,52,59,0,1,Placed
Female,State,87.5,ICSE,76.0,Mechanical,5.75,2,No,2,0,2,0,89,60,0,0,Placed
Female,CBSE,89.4,State,90.0,Electronics,6.95,2,Yes,2,5,3,1,73,67,2,2,Placed
Female,ICSE,42.2,CBSE,46.3,Civil,5.83,1,Yes,1,1,3,0,90,82,1,0,Placed
Male,ICSE,78.3,ICSE,76.7,Information Technology,7.07,4,No,0,1,0,0,55,61,1,2,Placed
Female,CBSE,64.6,State,60.6,Computer Science,6.65,3,Yes,2,3,3,0,100,78,1,0,Placed
Male,ICSE,61.5,State,50.5,Electronics,5.02,1,No,0,0,1,1,96,79,0,1,Not Placed
Male,CBSE,79.8,Other,72.5,Electronics,6.87,3,Yes,0,0,1,0,64,61,0,1,Placed
Female,CBSE,47.8,ICSE,40.6,Electronics,4.61,1,Yes,0,0,4,1,92,29,5,1,Placed
Female,CBSE,47.5,ICSE,39.8,Electronics,4.42,1,Yes,1,3,1,2,100,44,0,2,Not Placed
Male,ICSE,80.9,Other,87.7,Electrical,8.15,5,No,1,1,2,0,74,73,0,1,Placed
Male,ICSE,78.8,CBSE,69.9,Electrical,6.13,2,Yes,2,1,6,1,100,70,1,0,Placed
Male,ICSE,73.9,State,63.0,Electrical,7.6,4,Yes,1,2,1,2,100,64,0,1,Placed
Male,CBSE,59.7,State,76.0,Civil,7.1,3,Yes,2,0,1,0,100,68,3,1,Placed
Male,State,82.4,CBSE,84.9,Electrical,5.94,1,Yes,2,0,3,2,100,66,2,0,Placed
Female,State,81.5,ICSE,72.4,Computer Science,6.45,4,No,1,1,0,0,100,53,2,0,Placed
Male,CBSE,73.2,ICSE,74.2,Computer Science,7.08,5,Yes,0,2,4,1,100,67,2,2,Placed
Female,State,55.5,State,54.3,Information Technology,5.37,2,Yes,1,0,1,3,100,53,0,1,Not Placed
Female,CBSE,66.0,Other,57.6,Civil,5.66,2,Yes,3,0,5,1,76,48,2,0,Placed
Female,CBSE,83.7,CBSE,82.5,Electronics,7.68,4,Yes,0,1,1,0,100,79,1,1,Placed
Female,State,90.6,State,79.7,Mechanical,5.36,3,Yes,2,0,5,1,100,73,2,1,Placed
Male,State,67.4,State,66.3,Computer Science,7.36,4,Yes,2,2,4,1,81,65,2,0,Placed
Male,CBSE,68.5,CBSE,76.6,Computer Science,6.43,3,No,4,1,2,0,80,65,5,0,Placed
Female,CBSE,69.7,CBSE,76.4,Mechanical,5.83,2,No,2,1,2,0,70,58,1,2,Placed
Female,CBSE,75.8,ICSE,66.3,Computer Science,5.67,3,No,0,2,0,0,71,75,2,1,Placed
Female,CBSE,63.9,State,67.8,Information Technology,6.93,3,Yes,1,2,1,1,100,60,0,0,Placed
Male,CBSE,31.5,ICSE,28.0,Computer Science,3.5,1,Yes,0,0,2,0,100,29,0,0,Not Placed
Female,CBSE,88.7,State,86.0,Information Technology,6.79,4,Yes,0,1,2,0,100,66,0,0,Placed
Male,State,97.1,CBSE,89.3,Mechanical,6.82,3,No,1,1,3,0,100,85,3,0,Placed
Female,State,63.4,CBSE,66.3,Information Technology,4.49,1,No,3,2,3,3,98,66,1,0,Not Placed
Female,ICSE,57.1,CBSE,54.9,Electronics,4.41,1,Yes,5,2,5,0,91,40,1,2,Placed
Male,State,70.1,Other,88.4,Computer Science,6.53,2,Yes,0,1,3,3,93,78,2,0,Placed
Female,CBSE,69.4,CBSE,58.0,Civil,4.83,2,Yes,0,2,4,0,97,48,2,0,Placed
Male,CBSE,85.9,Other,89.1,Information Technology,8.19,5,Yes,1,1,3,0,99,66,3,0,Placed
Male,ICSE,72.8,Other,59.3,Electronics,5.95,3,No,0,2,5,0,100,45,3,0,Placed
Male,CBSE,60.9,Other,65.7,Mechanical,6.8,3,No,0,0,0,0,60,61,1,0,Placed
Female,CBSE,53.5,State,60.9,Computer Science,6.79,3,Yes,2,0,1,1,72,70,0,1,Placed
Female,CBSE,84.1,Other,78.6,Electrical,6.08,4,Yes,2,2,5,1,100,65,2,0,Placed
Female,State,80.4,CBSE,70.3,Electronics,6.19,3,No,2,0,3,1,96,64,0,0,Placed
Male,State,86.8,CBSE,81.5,Information Technology,7.07,4,Yes,1,1,1,2,100,54,2,0,Placed
Female,Other,58.4,CBSE,61.5,Computer Science,3.96,2,Yes,1,2,6,1,86,44,3,1,Placed
Female,ICSE,97.7,Other,99.9,Electrical,6.85,3,Yes,3,1,5,3,100,73,2,0,Placed
Male,State,47.6,CBSE,42.0,Mechanical,3.98,1,Yes,0,2,1,0,100,39,0,0,Not Placed
Female,CBSE,81.9,State,70.9,Computer Science,6.35,3,Yes,2,1,4,1,99,54,2,0,Placed
Male,CBSE,45.3,CBSE,51.8,Information Technology,5.63,1,Yes,0,3,4,0,100,74,0,4,Placed
Female,CBSE,60.9,CBSE,58.1,Civil,5.49,3,Yes,2,1,1,1,75,60,2,1,Placed
Male,CBSE,93.9,CBSE,84.4,Mechanical,5.29,2,No,2,1,2,0,62,68,0,2,Placed
Male,CBSE,83.6,ICSE,88.4,Mechanical,7.61,4,No,0,1,5,1,92,77,0,2,Placed
Male,CBSE,64.4,State,35.1,Information Technology,4.24,2,Yes,1,3,3,2,95,55,2,1,Placed
Female,CBSE,64.7,Other,57.5,Mechanical,5.7,2,Yes,1,0,4,0,89,47,0,1,Placed
Male,CBSE,73.4,State,52.6,Information Technology,6.18,3,Yes,1,1,1,2,100,67,0,2,Placed
Male,Other,79.2,Other,62.4,Computer Science,5.83,2,Yes,2,0,3,2,88,46,1,2,Placed
Female,State,89.5,State,99.9,Electronics,9.21,5,Yes,1,0,1,0,100,90,0,1,Placed
Female,Other,65.6,State,70.2,Other,5.16,2,Yes,4,4,2,2,100,58,0,2,Placed
Male,CBSE,49.4,State,61.6,Information Technology,4.95,1,No,0,0,2,1,91,54,1,1,Not Placed
Male,State,74.2,State,69.8,Information Technology,6.72,3,No,1,1,2,1,100,66,0,0,Placed
Male,CBSE,65.6,ICSE,71.8,Mechanical,5.74,2,No,2,1,2,0,57,36,0,0,Placed
Male,CBSE,53.8,State,37.7,Electronics,4.29,1,Yes,1,2,5,0,84,38,2,1,Placed
Female,CBSE,76.2,ICSE,82.5,Civil,8.46,5,No,2,2,2,0,56,75,0,2,Placed
Female,Other,69.0,ICSE,58.6,Mechanical,5.56,1,Yes,1,0,1,0,84,50,0,3,Placed
Female,Other,76.3,CBSE,66.9,Computer Science,6.44,4,Yes,2,1,5,0,100,48,1,0,Placed
Male,CBSE,59.5,State,64.7,Other,4.82,1,No,2,0,0,2,73,49,1,1,Not Placed
Female,CBSE,78.8,CBSE,77.3,Mechanical,4.89,1,No,2,1,2,1,71,62,1,1,Not Placed
Female,State,53.6,State,56.0,Civil,4.87,1,Yes,2,2,1,2,73,65,1,0,Not Placed
Female,CBSE,60.4,State,46.7,Mechanical,5.4,1,Yes,0,0,6,1,88,50,1,1,Placed
Female,CBSE,68.6,Other,67.4,Civil,5.39,2,No,1,2,1,0,52,52,1,0,Placed
Female,CBSE,96.4,CBSE,96.9,Computer Science,8.56,4,Yes,1,0,2,0,100,77,2,2,Placed
Female,State,83.0,CBSE,71.9,Information Technology,7.76,4,Yes,0,0,2,1,100,88,1,0,Placed
Male,CBSE,87.1,CBSE,93.5,Electrical,8.79,5,Yes,1,0,1,0,100,77,2,0,Placed
Female,CBSE,91.8,CBSE,75.1,Computer Science,7.17,4,Yes,4,0,3,0,100,67,0,1,Placed
Male,CBSE,99.9,ICSE,90.0,Computer Science,7.9,5,Yes,1,1,1,1,100,83,4,0,Placed
Female,State,72.6,ICSE,84.8,Civil,5.45,2,Yes,2,0,4,0,77,71,0,0,Placed
Male,Other,91.9,State,77.1,Civil,5.74,3,No,3,5,5,0,65,55,0,2,Placed
Female,CBSE,86.2,ICSE,90.2,Computer Science,7.51,4,Yes,1,5,4,0,100,75,1,1,Placed
Female,ICSE,85.9,CBSE,99.2,Civil,6.98,3,No,0,1,1,1,89,73,1,4,Placed
Male,ICSE,96.8,CBSE,89.3,Mechanical,7.43,5,Yes,0,1,1,0,96,62,4,0,Placed
Male,Other,66.1,CBSE,59.3,Electronics,7.17,3,Yes,1,3,1,1,100,70,0,1,Placed
Female,ICSE,65.0,ICSE,56.0,Civil,6.31,2,No,0,2,1,2,83,52,1,0,Not Placed
Female,State,76.5,State,85.4,Information Technology,7.57,4,Yes,2,0,3,2,78,69,1,1,Placed
Male,ICSE,69.4,State,79.8,Computer Science,7.79,4,Yes,0,2,4,0,100,78,3,0,Placed
Male,CBSE,76.5,CBSE,86.9,Information Technology,6.79,2,Yes,1,0,3,2,100,72,0,1,Placed
Female,State,93.9,CBSE,85.1,Electronics,8.45,5,Yes,1,1,6,0,100,98,1,0,Placed
Male,Other,65.3,Other,74.4,Electronics,5.03,2,No,1,1,1,1,100,76,1,1,Placed
Male,ICSE,67.7,CBSE,65.3,Civil,6.37,3,Yes,2,2,3,2,91,76,1,1,Placed
Male,Other,74.4,ICSE,62.0,Civil,5.78,2,No,4,0,1,1,78,77,1,0,Placed
Male,ICSE,68.8,CBSE,77.8,Electronics,5.98,2,Yes,2,0,2,0,80,79,1,0,Placed
Male,ICSE,45.2,CBSE,65.2,Civil,5.35,2,No,0,2,2,1,78,39,2,0,Not Placed
Male,State,63.9,State,52.7,Computer Science,4.3,2,Yes,1,2,3,2,100,53,1,1,Not Placed
Male,ICSE,81.6,CBSE,65.8,Computer Science,5.19,2,Yes,1,1,2,3,100,59,1,1,Not Placed
Male,State,92.1,State,84.5,Electrical,5.51,3,Yes,0,1,1,2,100,66,1,0,Placed
Male,Other,55.8,State,66.4,Computer Science,6.91,4,Yes,1,2,2,0,100,61,0,0,Placed
Male,ICSE,55.8,State,45.5,Computer Science,5.94,2,Yes,0,1,1,0,55,33,0,1,Placed
Male,ICSE,72.4,ICSE,71.6,Mechanical,4.11,1,Yes,0,0,3,0,73,44,0,1,Placed
Female,State,42.9,State,41.3,Information Technology,6.14,2,Yes,0,1,2,0,97,47,3,0,Placed
Male,CBSE,65.8,CBSE,71.4,Electrical,6.08,3,Yes,4,4,3,0,98,70,4,0,Placed
Male,CBSE,47.7,State,42.8,Information Technology,4.84,1,Yes,1,2,3,2,100,45,0,0,Not Placed
Male,Other,91.2,State,91.1,Computer Science,6.5,3,Yes,0,1,3,1,100,83,1,2,Placed
Male,State,61.2,CBSE,59.3,Information Technology,6.84,3,No,3,0,3,0,96,81,1,1,Placed
Female,CBSE,95.1,Other,77.0,Electronics,6.79,3,Yes,3,3,3,1,100,60,2,0,Placed
Female,CBSE,87.6,State,81.3,Information Technology,8.11,5,No,2,1,1,0,56,63,0,1,Placed
Female,ICSE,63.0,ICSE,42.9,Electronics,5.49,2,No,1,1,3,0,100,56,0,1,Placed
Female,ICSE,57.0,ICSE,52.2,Electrical,6.04,3,Yes,0,0,2,1,100,63,0,1,Placed
Female,ICSE,69.3,State,70.3,Electrical,5.44,1,Yes,1,2,2,1,92,59,0,2,Placed
Male,State,70.5,State,50.2,Computer Science,4.98,2,No,1,0,5,1,94,38,1,1,Placed
Male,CBSE,76.8,State,46.9,Information Technology,4.3,1,Yes,3,1,2,1,76,47,0,0,Placed
Male,CBSE,61.1,State,37.4,Electronics,4.84,2,Yes,3,1,4,0,100,44,0,0,Placed
Male,CBSE,82.4,ICSE,90.1,Electrical,7.61,3,No,0,1,1,0,73,82,2,2,Not Placed
Male,ICSE,75.7,ICSE,71.0,Other,6.98,3,Yes,2,1,4,2,68,63,1,0,Placed
Female,CBSE,67.2,CBSE,60.1,Computer Science,6.81,3,Yes,2,1,2,0,100,72,0,1,Placed
Male,State,62.0,State,71.0,Mechanical,4.46,1,Yes,2,0,2,2,82,61,0,0,Not Placed
Female,State,69.4,Other,63.0,Information Technology,7.11,4,Yes,0,1,1,1,100,60,0,3,Placed
Female,State,60.6,State,63.1,Computer Science,6.86,3,Yes,1,0,4,1,100,72,1,0,Placed
Male,Other,72.8,ICSE,69.9,Computer Science,6.11,2,Yes,1,1,3,0,100,68,2,0,Placed
Male,CBSE,73.2,ICSE,65.2,Information Technology,6.35,3,Yes,0,1,1,1,93,60,0,1,Placed
Male,ICSE,75.7,CBSE,74.7,Information Technology,6.54,4,Yes,2,1,3,1,87,77,0,1,Placed
Male,CBSE,96.7,CBSE,95.3,Computer Science,8.65,5,Yes,2,2,1,0,91,71,0,0,Placed
Male,CBSE,70.1,State,65.7,Mechanical,5.34,2,Yes,1,2,1,1,92,52,3,1,Placed
Male,State,86.1,State,75.0,Information Technology,7.11,5,Yes,1,0,3,1,100,81,4,3,Placed
Male,CBSE,75.2,State,68.0,Electronics,6.08,4,Yes,4,1,3,0,100,64,1,0,Placed
Male,ICSE,68.7,State,43.5,Information Technology,4.24,1,Yes,2,0,4,3,100,43,0,0,Not Placed
Female,State,70.3,ICSE,70.6,Computer Science,6.66,3,No,0,1,2,0,100,63,2,0,Placed
Female,CBSE,71.2,CBSE,56.3,Information Technology,7.9,4,Yes,2,1,6,0,100,60,0,0,Placed
Female,CBSE,75.9,CBSE,78.2,Computer Science,6.37,3,No,0,0,3,0,90,80,1,0,Placed
Male,State,58.6,CBSE,58.0,Electronics,5.15,2,No,1,1,1,1,74,53,0,0,Not Placed
Male,ICSE,51.5,State,54.7,Computer Science,4.85,1,Yes,0,3,4,0,100,51,0,1,Placed
Female,State,81.2,CBSE,82.9,Electronics,6.48,3,No,0,2,3,0,72,77,0,0,Placed
Male,State,84.6,State,69.2,Computer Science,7.13,3,Yes,4,2,6,0,100,79,0,0,Placed
Male,ICSE,82.4,CBSE,80.5,Mechanical,7.28,4,Yes,0,2,1,1,46,70,2,1,Placed
Female,State,74.2,State,73.3,Mechanical,6.16,3,No,1,1,3,0,100,89,1,2,Placed
Female,CBSE,82.7,CBSE,75.2,Computer Science,7.71,4,No,0,2,0,0,94,59,1,1,Not Placed
Male,State,82.0,State,67.2,Information Technology,6.88,4,Yes,2,0,2,1,100,83,1,0,Placed
Male,State,83.0,State,83.2,Computer Science,7.16,3,No,0,0,1,0,81,76,1,3,Placed
Male,State,60.0,CBSE,67.0,Electronics,4.57,2,No,0,1,4,1,85,60,3,1,Placed
Male,State,56.6,Other,58.6,Computer Science,6.46,3,Yes,0,0,2,0,100,49,3,0,Placed
Male,Other,66.6,CBSE,54.2,Electronics,5.28,2,No,0,1,2,1,100,43,0,1,Not Placed
Male,CBSE,71.8,State,63.6,Electronics,5.75,2,Yes,3,0,4,3,93,57,2,2,Placed
Male,Other,68.6,Other,65.8,Electrical,5.31,3,Yes,4,4,2,0,89,59,0,0,Placed
Female,State,45.7,State,56.2,Electronics,5.92,2,No,2,2,2,2,95,60,2,1,Placed
Female,State,96.1,ICSE,71.2,Electronics,6.54,3,Yes,0,5,2,1,100,64,1,1,Placed
Female,CBSE,68.2,CBSE,60.5,Information Technology,5.52,3,Yes,0,2,3,0,89,49,1,0,Placed
Male,CBSE,74.4,State,66.8,Electrical,4.69,1,Yes,1,4,1,2,99,55,0,1,Not Placed
Male,ICSE,89.4,State,81.2,Civil,7.54,3,Yes,4,1,2,0,100,56,0,0,Placed
Male,State,39.2,CBSE,31.4,Information Technology,4.39,1,Yes,1,1,1,1,100,63,0,0,Not Placed
Male,CBSE,64.8,State,61.4,Civil,5.52,1,Yes,0,0,4,1,69,53,1,0,Not Placed
Male,State,66.6,CBSE,61.8,Information Technology,3.5,1,Yes,3,1,3,0,100,38,0,0,Placed
Female,CBSE,67.3,State,55.1,Civil,4.85,1,No,0,2,1,2,45,40,1,0,Not Placed
Female,Other,69.6,Other,66.0,Civil,5.37,2,No,2,1,1,0,82,45,2,0,Placed
Male,ICSE,92.3,CBSE,78.8,Computer Science,6.47,3,Yes,4,0,4,0,100,78,1,0,Placed
Male,CBSE,81.4,CBSE,81.0,Mechanical,7.34,5,Yes,5,1,3,1,100,78,1,0,Placed
Female,ICSE,85.4,State,70.2,Information Technology,7.01,4,Yes,1,0,1,0,100,66,2,2,Placed
Male,Other,72.7,State,70.4,Information Technology,6.77,4,No,1,2,1,0,77,63,1,0,Placed
Male,CBSE,52.4,ICSE,46.2,Information Technology,5.74,3,Yes,2,1,3,0,100,49,0,1,Placed
Male,State,42.9,State,41.2,Mechanical,3.5,1,Yes,0,3,5,1,74,17,4,0,Not Placed
Female,State,50.6,CBSE,55.9,Computer Science,5.13,1,No,1,3,0,1,66,58,4,0,Not Placed
Female,State,77.0,State,75.1,Computer Science,6.85,2,Yes,1,0,4,0,100,68,0,1,Placed
Male,CBSE,72.4,ICSE,65.1,Mechanical,5.07,2,Yes,1,5,1,0,84,60,2,2,Placed
Female,CBSE,69.1,State,64.1,Computer Science,6.72,3,Yes,0,4,2,0,94,73,1,0,Placed
Female,State,66.8,State,50.6,Computer Science,4.72,1,No,0,1,0,1,86,59,0,1,Not Placed
Male,CBSE,99.9,CBSE,99.9,Computer Science,9.56,5,Yes,3,2,6,0,100,92,5,2,Placed
Male,ICSE,60.5,CBSE,67.2,Information Technology,5.33,2,Yes,3,0,4,0,78,57,2,1,Placed
Male,CBSE,85.0,CBSE,85.3,Information Technology,9.26,5,No,2,4,1,0,100,96,1,2,Placed
Female,State,72.0,State,53.0,Computer Science,7.17,4,Yes,1,1,2,0,100,62,1,2,Placed
Male,ICSE,71.1,Other,62.4,Other,5.37,2,Yes,1,3,3,0,84,68,2,1,Placed
Female,State,88.5,State,78.0,Mechanical,7.5,3,No,0,1,0,1,65,81,2,0,Placed
Male,State,92.5,CBSE,65.1,Information Technology,5.67,1,Yes,2,2,1,0,100,53,0,0,Placed
Female,Other,68.6,CBSE,75.3,Information Technology,7.61,4,Yes,2,1,4,0,100,66,0,1,Placed
Male,ICSE,83.2,CBSE,91.9,Information Technology,7.62,4,Yes,3,1,2,0,100,66,1,0,Placed
Female,CBSE,77.1,State,93.4,Electronics,6.51,2,Yes,0,3,3,0,100,81,0,1,Placed
Female,State,72.1,State,58.6,Computer Science,3.5,1,Yes,1,1,1,0,97,18,1,4,Placed
Female,Other,74.9,CBSE,72.3,Computer Science,6.36,2,Yes,3,2,2,0,100,38,2,2,Placed
Female,CBSE,62.4,State,75.0,Civil,6.43,2,Yes,3,1,6,0,94,69,2,1,Placed
Male,CBSE,67.7,CBSE,63.2,Computer Science,7.21,4,Yes,2,3,5,0,100,52,1,1,Placed
Female,CBSE,63.9,CBSE,57.3,Information Technology,5.56,2,No,0,2,2,0,88,44,3,2,Placed
Male,CBSE,84.6,CBSE,59.8,Electrical,6.24,2,Yes,1,0,2,0,100,62,1,0,Placed
Male,State,70.7,CBSE,79.4,Mechanical,6.15,3,No,1,2,2,3,79,49,1,0,Not Placed
Male,ICSE,53.8,CBSE,55.2,Information Technology,5.08,2,Yes,2,0,2,0,100,39,0,1,Placed
Male,Other,61.9,CBSE,54.1,Mechanical,5.87,2,No,1,2,2,1,32,67,0,1,Not Placed
Male,ICSE,28.0,ICSE,38.8,Computer Science,3.5,1,Yes,0,1,3,1,100,43,0,2,Not Placed
Female,CBSE,65.1,State,65.4,Mechanical,5.66,1,Yes,1,1,4,1,100,68,0,0,Placed
Male,CBSE,72.5,State,71.1,Information Technology,6.06,2,Yes,0,2,2,0,100,57,1,0,Placed
Female,Other,70.1,ICSE,65.4,Civil,6.78,2,Yes,0,1,4,1,92,81,2,0,Placed
Male,CBSE,99.7,CBSE,99.9,Other,7.42,4,Yes,0,1,1,1,100,48,3,1,Placed
Male,CBSE,80.0,ICSE,73.7,Electrical,6.71,4,Yes,0,3,1,0,100,51,0,0,Placed
Male,Other,79.4,CBSE,90.7,Electrical,8.17,5,Yes,2,1,3,0,71,61,2,1,Placed
Female,State,49.0,State,57.4,Electronics,3.99,1,No,1,1,0,5,89,37,1,0,Not Placed
Female,CBSE,66.9,State,68.7,Information Technology,6.14,4,Yes,1,0,3,1,100,74,1,1,Placed
Female,ICSE,65.2,CBSE,62.8,Information Technology,5.49,1,Yes,1,1,3,0,100,77,1,1,Placed
Female,Other,61.0,Other,70.5,Mechanical,6.83,3,Yes,4,0,3,2,82,67,2,1,Placed
Male,CBSE,60.8,CBSE,61.7,Electrical,6.07,3,Yes,4,1,2,1,100,65,0,0,Placed
Male,ICSE,46.7,CBSE,40.7,Computer Science,4.34,2,Yes,2,1,4,1,100,20,0,2,Placed
Female,CBSE,54.1,CBSE,45.9,Electrical,3.5,1,Yes,0,2,1,3,55,43,0,2,Not Placed
Male,State,84.2,CBSE,82.4,Civil,7.59,3,Yes,1,1,5,0,89,67,2,0,Placed
Male,Other,70.0,CBSE,58.4,Other,5.14,2,No,1,0,0,2,89,42,1,0,Not Placed
Male,Other,64.9,CBSE,63.1,Electrical,4.09,1,Yes,1,1,3,1,100,45,4,1,Placed
Female,CBSE,71.9,CBSE,79.5,Computer Science,5.69,3,No,0,0,4,2,93,61,2,1,Placed
Female,CBSE,88.3,ICSE,84.3,Computer Science,7.77,3,Yes,0,0,5,0,100,89,0,1,Placed
Male,CBSE,72.1,CBSE,61.9,Computer Science,4.78,1,Yes,2,2,4,2,95,37,1,2,Placed
Male,State,79.6,CBSE,88.8,Information Technology,9.25,5,Yes,1,1,4,0,100,75,4,2,Placed
Female,CBSE,60.1,State,65.6,Electronics,5.02,1,Yes,1,0,2,0,97,67,3,1,Placed
Female,State,63.3,Other,72.7,Civil,6.03,2,No,2,0,2,1,100,50,0,1,Placed
Male,CBSE,77.0,CBSE,50.1,Electrical,4.85,1,Yes,1,1,3,0,90,30,0,0,Placed
Female,State,98.5,CBSE,92.2,Electronics,6.94,3,Yes,0,2,4,2,100,97,0,0,Placed
Male,CBSE,92.0,Other,92.4,Computer Science,5.89,2,Yes,1,1,4,1,100,57,2,0,Placed
Male,ICSE,80.2,CBSE,92.2,Computer Science,8.06,5,Yes,4,0,5,0,100,78,2,0,Placed
Female,CBSE,74.1,State,55.9,Computer Science,4.86,1,Yes,1,1,3,1,100,49,0,1,Placed
Female,CBSE,91.6,CBSE,95.8,Information Technology,8.13,5,Yes,1,4,3,0,100,95,2,1,Placed
Male,ICSE,83.1,Other,93.8,Electronics,7.59,4,No,0,1,4,0,100,79,2,1,Placed
Female,State,39.9,Other,28.0,Computer Science,3.96,1,Yes,0,0,1,3,100,41,1,0,Not Placed
Female,CBSE,57.2,ICSE,62.7,Information Technology,7.28,5,Yes,2,1,1,1,100,74,1,0,Placed
Female,CBSE,76.7,CBSE,78.7,Computer Science,6.52,3,No,1,2,5,0,88,75,2,0,Placed
Female,State,47.0,State,47.0,Electronics,4.23,1,Yes,1,0,3,1,94,54,2,0,Not Placed
Female,CBSE,59.4,CBSE,54.6,Information Technology,3.85,1,Yes,0,1,2,2,91,59,1,0,Not Placed
Male,ICSE,62.2,ICSE,68.3,Information Technology,6.06,3,Yes,2,2,4,1,100,55,1,1,Placed
Male,State,68.4,Other,60.2,Information Technology,6.08,3,No,0,0,3,2,100,50,2,0,Placed
Male,CBSE,68.0,State,63.8,Other,5.11,2,No,0,3,0,2,74,48,2,3,Not Placed
Male,State,68.0,State,74.1,Computer Science,7.09,4,Yes,0,1,1,0,100,62,4,0,Placed
Female,State,83.6,CBSE,95.2,Electronics,7.63,4,Yes,2,1,4,0,100,86,1,2,Placed
Male,Other,68.3,State,71.6,Mechanical,4.88,1,No,0,4,3,2,74,34,1,1,Not Placed
Male,CBSE,66.6,State,66.3,Electronics,6.19,3,No,0,0,0,1,62,72,0,1,Not Placed
Male,State,53.1,CBSE,49.7,Electrical,4.5,2,Yes,1,2,4,1,100,52,2,2,Placed
Male,CBSE,86.3,CBSE,69.6,Information Technology,6.43,4,No,1,2,1,1,100,48,0,1,Placed
Male,State,62.6,CBSE,73.0,Information Technology,6.03,3,Yes,2,1,2,2,100,63,2,0,Placed
Female,ICSE,56.8,ICSE,56.1,Computer Science,4.96,1,No,1,0,5,0,100,55,1,2,Placed
Male,CBSE,75.0,ICSE,82.8,Electronics,7.12,5,Yes,2,1,2,0,100,81,2,2,Placed
Female,Other,61.3,Other,57.7,Information Technology,5.34,2,Yes,0,0,1,0,100,54,0,1,Placed
Female,State,64.6,State,57.0,Computer Science,7.16,4,Yes,3,1,3,0,100,64,1,0,Placed
Male,Other,75.6,State,75.9,Electronics,7.25,4,Yes,0,2,2,1,98,69,1,2,Placed
Male,ICSE,67.4,CBSE,64.8,Electronics,6.3,4,Yes,1,1,5,0,78,72,0,1,Placed
Male,CBSE,99.9,Other,77.9,Computer Science,6.8,3,No,1,1,0,1,83,86,0,0,Placed
Female,CBSE,71.0,State,86.4,Mechanical,5.19,2,No,1,0,1,2,96,65,0,4,Not Placed
Female,CBSE,80.6,State,69.2,Electronics,5.37,2,No,0,0,2,2,100,52,4,0,Not Placed
Male,CBSE,44.8,State,57.9,Computer Science,5.08,1,Yes,3,2,2,0,100,57,0,0,Placed
Male,State,60.0,ICSE,68.4,Information Technology,6.0,2,Yes,1,0,3,0,100,80,2,1,Placed
Female,State,56.8,CBSE,45.0,Mechanical,4.29,1,Yes,1,0,1,0,73,43,5,0,Placed
Male,Other,58.6,CBSE,48.9,Electronics,5.37,1,No,0,3,0,0,73,43,0,0,Not Placed
Male,State,77.8,State,70.3,Information Technology,6.62,3,Yes,0,1,6,0,100,82,1,0,Not Placed
Female,ICSE,86.5,ICSE,71.2,Information Technology,7.47,4,Yes,3,1,3,0,100,73,0,1,Placed
Female,Other,76.8,State,89.9,Electronics,7.16,4,Yes,1,0,3,0,79,74,0,0,Placed
Female,ICSE,68.8,State,64.6,Electrical,5.88,1,No,1,0,3,0,85,44,0,2,Placed
Female,CBSE,63.2,CBSE,71.3,Mechanical,6.34,3,Yes,1,1,2,0,100,65,1,1,Placed
Female,State,87.6,State,85.8,Computer Science,7.7,4,Yes,3,1,3,1,100,85,2,0,Placed
Male,CBSE,99.9,State,92.6,Information Technology,8.97,5,Yes,1,4,3,0,100,80,2,1,Placed
Female,CBSE,73.9,State,70.8,Electrical,6.78,3,Yes,0,1,3,1,100,64,0,0,Placed
Female,CBSE,85.2,CBSE,91.3,Computer Science,6.65,3,No,1,0,1,1,82,71,2,0,Placed
Female,ICSE,76.8,Other,64.3,Other,5.48,3,Yes,2,1,3,0,94,58,1,0,Placed
Male,State,82.6,State,94.2,Electrical,7.56,3,No,4,0,4,0,80,78,2,1,Placed
Male,State,55.7,ICSE,43.9,Computer Science,6.69,3,Yes,1,0,1,0,99,75,3,1,Placed
Male,Other,65.2,CBSE,71.7,Electrical,5.81,2,Yes,0,1,1,0,90,56,1,1,Placed
Male,CBSE,77.5,CBSE,59.1,Information Technology,4.76,1,Yes,1,0,1,0,100,45,0,1,Placed
Male,State,89.0,ICSE,78.6,Civil,6.8,2,No,1,0,2,0,92,60,1,2,Placed
Female,ICSE,60.5,CBSE,61.3,Information Technology,6.23,4,No,1,4,4,0,100,57,0,0,Placed
Female,CBSE,43.5,State,42.8,Information Technology,4.52,2,Yes,0,1,4,4,100,35,0,5,Not Placed
Male,State,65.0,State,61.9,Electronics,5.43,2,Yes,2,0,1,1,100,54,1,0,Placed
Female,CBSE,86.1,ICSE,65.7,Civil,6.42,2,No,2,0,3,0,84,70,2,1,Placed
Male,ICSE,49.8,CBSE,42.5,Computer Science,3.89,2,No,0,2,3,2,73,50,1,0,Not Placed
Male,CBSE,55.5,CBSE,61.6,Electronics,5.3,3,Yes,1,3,3,2,100,45,1,1,Placed
Male,CBSE,74.2,Other,70.9,Computer Science,6.04,3,No,0,1,2,0,77,57,1,0,Placed
Male,State,70.4,State,60.9,Information Technology,6.74,3,Yes,1,1,4,1,100,69,1,0,Placed
Male,CBSE,80.3,CBSE,88.5,Information Technology,7.81,4,Yes,0,2,4,1,100,71,1,0,Placed
Male,CBSE,54.8,CBSE,43.9,Information Technology,3.7,1,Yes,1,3,4,1,100,51,4,1,Placed
Male,State,67.5,Other,62.0,Information Technology,4.96,2,Yes,4,0,2,1,100,52,3,1,Placed
Female,CBSE,88.7,CBSE,76.5,Computer Science,8.56,5,Yes,2,2,3,0,100,62,2,1,Placed
Male,State,55.3,State,62.6,Computer Science,6.94,4,No,0,2,3,1,99,69,0,0,Placed
Female,State,92.7,State,85.0,Computer Science,8.18,5,No,1,1,0,3,58,83,2,2,Placed
Female,State,57.1,ICSE,56.7,Information Technology,5.5,1,Yes,1,0,1,0,100,47,0,0,Placed
Female,State,83.9,ICSE,59.5,Other,6.63,3,Yes,0,1,4,1,100,57,1,0,Placed
Female,CBSE,66.8,State,73.8,Computer Science,5.7,2,Yes,3,0,3,1,100,55,0,0,Placed
Male,CBSE,56.0,CBSE,54.8,Electrical,5.69,2,Yes,1,0,2,0,84,58,0,0,Placed
Male,ICSE,65.0,ICSE,64.9,Mechanical,5.22,2,No,0,4,1,2,98,48,0,1,Not Placed
Female,ICSE,79.6,State,67.2,Electronics,5.74,3,Yes,0,1,1,5,85,57,0,0,Not Placed
Male,CBSE,71.9,Other,59.9,Electronics,6.15,2,No,2,1,4,0,74,47,1,1,Placed
Female,State,87.7,State,95.8,Civil,7.4,4,Yes,0,0,4,1,100,75,2,1,Placed
Female,State,92.1,State,66.3,Computer Science,5.82,3,Yes,0,1,1,0,100,59,0,1,Placed
Female,State,55.4,CBSE,46.0,Electronics,4.14,2,Yes,1,2,1,0,96,39,0,1,Placed
Female,State,54.4,State,70.6,Mechanical,4.2,1,Yes,1,0,2,0,91,34,1,0,Not Placed
Female,CBSE,53.7,CBSE,61.7,Electronics,6.3,4,Yes,4,1,3,2,100,81,0,1,Placed
Female,State,59.4,CBSE,56.3,Civil,4.05,2,No,0,0,0,2,64,48,3,1,Not Placed
Male,CBSE,87.5,CBSE,93.1,Computer Science,9.62,4,Yes,0,1,4,0,100,83,0,0,Placed
Female,State,79.8,CBSE,79.3,Mechanical,6.3,2,Yes,2,2,4,0,100,70,3,1,Placed
Male,ICSE,64.4,CBSE,65.6,Electronics,7.04,3,Yes,0,0,4,0,100,74,0,3,Placed
Male,State,71.8,CBSE,71.1,Information Technology,4.79,1,Yes,0,0,4,2,100,60,1,1,Not Placed
Female,CBSE,91.7,ICSE,88.4,Information Technology,8.2,5,Yes,1,1,3,0,100,87,1,0,Placed
Male,Other,98.7,CBSE,94.1,Electronics,8.61,4,Yes,2,1,3,0,100,94,1,1,Placed
Male,ICSE,75.6,State,93.7,Electrical,8.71,5,Yes,2,1,6,0,100,76,2,0,Placed
Male,ICSE,34.8,CBSE,39.2,Information Technology,3.5,1,Yes,2,1,3,1,95,35,4,1,Not Placed
Female,State,76.2,State,70.5,Civil,5.25,2,Yes,3,0,4,1,72,57,0,1,Placed
Male,CBSE,85.1,State,66.5,Information Technology,6.64,2,Yes,3,1,5,1,100,69,2,2,Not Placed
Female,Other,75.1,Other,70.8,Computer Science,6.64,2,Yes,1,0,1,0,100,69,0,0,Placed
Male,State,82.2,ICSE,95.3,Computer Science,8.36,5,No,4,0,6,0,100,61,3,0,Placed
Female,ICSE,77.0,State,82.6,Computer Science,6.94,2,Yes,2,1,1,0,100,99,1,1,Placed
Female,CBSE,54.7,ICSE,50.6,Information Technology,6.48,3,Yes,0,1,3,0,100,76,0,1,Placed
Male,CBSE,59.6,CBSE,60.0,Information Technology,8.05,5,Yes,3,0,2,0,100,65,0,1,Placed
Male,Other,67.5,State,52.7,Mechanical,4.92,2,No,1,0,3,2,100,58,2,0,Placed
Male,State,86.9,CBSE,70.5,Mechanical,6.39,3,No,0,1,5,2,96,57,0,1,Placed
Female,CBSE,61.3,CBSE,62.5,Computer Science,6.01,3,No,2,1,1,0,70,47,3,0,Placed
Female,CBSE,78.4,CBSE,68.9,Computer Science,7.53,3,Yes,1,0,4,1,100,61,2,0,Placed
Female,State,76.3,State,61.8,Computer Science,6.66,4,Yes,2,0,2,0,100,58,1,2,Placed
Male,CBSE,94.2,State,90.5,Electronics,6.52,3,Yes,2,2,1,0,100,76,0,1,Placed
Female,State,71.4,ICSE,67.7,Computer Science,5.75,2,Yes,0,0,1,0,100,65,1,2,Placed
Female,State,47.4,State,34.9,Computer Science,3.5,1,No,0,1,1,2,94,35,1,0,Not Placed
Female,ICSE,81.1,CBSE,55.1,Electrical,7.46,4,No,1,1,2,0,75,47,1,1,Placed
Female,CBSE,99.9,State,84.2,Civil,7.34,4,Yes,1,2,4,0,100,78,3,1,Placed
Male,Other,82.0,ICSE,60.6,Computer Science,5.3,2,No,0,2,0,0,78,68,0,0,Placed
Male,CBSE,61.0,Other,42.1,Information Technology,3.93,1,Yes,0,1,1,0,100,40,2,2,Placed
Female,State,56.9,State,69.0,Information Technology,7.01,5,Yes,0,1,1,0,100,67,3,0,Placed
Female,CBSE,58.7,ICSE,58.0,Civil,5.88,3,No,1,1,1,0,61,76,0,0,Placed
Female,State,99.9,ICSE,87.3,Electronics,7.99,4,Yes,1,1,1,0,100,87,1,1,Placed
Male,Other,67.4,CBSE,63.7,Computer Science,5.66,2,Yes,1,1,1,2,100,49,1,0,Placed
Male,ICSE,62.7,CBSE,50.6,Mechanical,4.96,1,Yes,1,2,2,3,91,39,0,3,Not Placed
Male,State,69.8,CBSE,71.5,Information Technology,6.55,2,No,0,5,3,1,91,52,1,2,Placed
Male,State,67.6,CBSE,64.4,Computer Science,5.24,3,No,0,0,0,1,96,60,0,0,Not Placed
Female,ICSE,93.9,State,77.9,Information Technology,6.03,3,Yes,3,2,5,0,100,81,2,4,Placed
Female,Other,57.8,Other,52.3,Information Technology,5.57,2,Yes,2,1,2,2,100,60,0,0,Placed
Male,Other,88.5,State,69.1,Information Technology,6.47,3,Yes,0,1,3,0,100,55,3,1,Placed
Male,CBSE,73.7,State,66.2,Computer Science,6.7,4,No,2,1,3,0,100,73,4,0,Placed
Male,Other,88.9,State,79.3,Information Technology,7.67,4,No,0,0,1,0,43,61,1,0,Placed
Male,CBSE,94.2,CBSE,81.3,Computer Science,8.53,5,Yes,1,3,5,0,88,100,4,0,Placed
Female,CBSE,73.2,CBSE,70.5,Civil,5.18,1,No,0,2,0,1,91,51,1,0,Not Placed
Female,CBSE,67.6,State,64.9,Computer Science,6.69,3,Yes,2,1,2,0,89,53,0,0,Placed
Male,CBSE,72.9,State,72.0,Computer Science,7.25,4,Yes,0,2,1,0,87,71,1,1,Placed
Female,ICSE,70.7,Other,77.5,Mechanical,6.16,3,Yes,1,2,2,1,85,73,1,1,Placed
Female,ICSE,48.8,CBSE,57.5,Civil,5.15,1,Yes,1,0,2,0,89,56,1,0,Placed
Female,ICSE,93.7,ICSE,94.8,Civil,7.2,3,Yes,2,0,5,0,91,79,1,0,Placed
Male,State,75.4,CBSE,63.1,Information Technology,7.8,4,Yes,2,2,2,0,60,73,1,0,Placed
Female,State,55.7,State,51.7,Computer Science,5.35,1,Yes,1,2,3,0,100,54,0,0,Placed
Male,State,43.1,State,53.9,Mechanical,5.31,2,Yes,1,5,5,0,100,57,3,1,Placed
Male,CBSE,39.4,CBSE,51.3,Mechanical,4.5,1,Yes,2,0,2,1,57,53,0,1,Not Placed
Male,ICSE,82.8,CBSE,70.3,Computer Science,6.04,4,Yes,1,1,2,1,100,50,0,0,Placed
Male,State,63.3,CBSE,68.6,Electrical,4.74,1,No,0,2,5,2,82,51,0,0,Not Placed
Male,State,65.6,CBSE,54.8,Computer Science,6.45,2,No,2,1,3,0,100,67,1,0,Placed
Male,State,78.8,State,78.9,Other,7.22,4,No,2,2,4,0,93,56,0,0,Placed
Male,ICSE,64.8,CBSE,63.3,Civil,5.14,3,No,4,0,2,0,59,55,0,0,Placed
Female,CBSE,79.7,State,60.9,Mechanical,4.55,2,Yes,1,0,3,1,96,46,2,2,Placed
Female,CBSE,73.3,CBSE,65.6,Electrical,5.88,2,Yes,1,0,1,1,100,58,0,1,Placed
Male,ICSE,70.8,ICSE,89.9,Mechanical,6.8,3,Yes,2,1,4,0,70,70,1,4,Placed
Female,State,50.0,ICSE,54.5,Computer Science,5.24,2,Yes,0,1,5,0,100,37,0,0,Placed
Female,ICSE,60.5,ICSE,83.4,Information Technology,6.08,4,Yes,3,2,2,0,100,61,3,0,Placed
Female,CBSE,80.4,State,60.9,Computer Science,6.05,4,Yes,0,0,1,0,100,73,0,1,Placed
Male,CBSE,62.5,CBSE,69.4,Information Technology,6.52,3,Yes,0,1,1,1,84,44,0,0,Placed
Female,ICSE,88.9,ICSE,56.3,Mechanical,6.04,3,Yes,0,4,3,0,100,74,1,0,Placed
Female,State,99.9,CBSE,89.9,Information Technology,7.51,4,Yes,1,1,1,0,79,69,2,2,Placed
Female,State,81.2,CBSE,82.2,Information Technology,6.84,3,No,0,0,2,2,91,64,0,0,Placed
Male,CBSE,92.9,CBSE,93.1,Electronics,6.25,3,Yes,0,0,2,0,97,71,1,1,Placed
Male,CBSE,82.1,State,68.6,Electrical,6.9,4,Yes,1,1,5,0,100,81,1,2,Placed
Female,State,64.5,State,73.8,Computer Science,7.5,4,Yes,2,0,2,0,74,56,3,0,Placed
Male,CBSE,74.8,State,65.8,Information Technology,6.1,3,Yes,2,4,2,0,100,56,0,0,Placed
Male,ICSE,99.9,State,88.3,Computer Science,6.44,3,Yes,0,1,2,0,99,77,1,1,Placed
Male,ICSE,64.7,CBSE,59.2,Mechanical,4.15,1,No,0,2,0,0,48,52,0,1,Placed
Female,CBSE,57.4,Other,46.7,Computer Science,4.44,1,Yes,0,1,2,0,100,64,2,0,Placed
Female,State,56.1,State,72.8,Mechanical,7.0,4,No,1,4,2,4,58,54,1,1,Not Placed
Male,State,69.0,State,67.2,Information Technology,6.43,3,Yes,1,1,5,0,97,51,1,0,Placed
Female,CBSE,58.0,State,69.4,Computer Science,5.07,3,Yes,0,1,1,1,82,64,1,1,Placed
Male,CBSE,95.4,CBSE,97.0,Electrical,8.12,5,Yes,1,2,4,0,100,75,1,0,Placed
Female,State,75.0,CBSE,61.6,Computer Science,5.15,2,Yes,2,2,1,3,100,59,1,0,Not Placed
Female,State,85.6,State,91.4,Information Technology,7.27,4,Yes,0,0,4,0,100,83,1,0,Placed
Female,State,67.8,CBSE,70.9,Computer Science,7.38,4,Yes,1,0,2,2,100,53,2,0,Placed
Female,State,56.0,CBSE,46.6,Information Technology,5.52,2,Yes,0,0,1,1,100,71,2,0,Placed
Male,ICSE,53.7,ICSE,59.8,Electronics,6.47,3,Yes,0,0,3,0,66,62,0,1,Placed
Female,ICSE,59.3,State,49.2,Information Technology,4.98,2,Yes,0,2,4,2,100,44,0,3,Placed
Male,State,76.9,State,88.7,Computer Science,8.46,5,Yes,1,0,1,0,89,81,1,0,Placed
Female,ICSE,79.3,State,82.6,Information Technology,6.64,4,No,1,1,0,0,100,71,0,0,Placed
Female,CBSE,80.4,Other,74.6,Mechanical,6.02,2,No,2,0,3,0,90,65,4,1,Placed
Female,ICSE,51.2,CBSE,66.0,Civil,5.3,1,No,2,5,2,0,81,64,0,1,Placed
Male,State,72.0,ICSE,53.2,Electronics,5.08,1,Yes,1,2,4,1,98,46,1,1,Placed
Female,ICSE,57.6,State,50.7,Electronics,3.74,1,Yes,0,1,1,0,78,44,0,1,Not Placed
Male,State,77.6,CBSE,70.7,Computer Science,6.29,4,Yes,3,2,5,1,100,61,1,0,Placed
Male,CBSE,78.7,CBSE,96.4,Information Technology,9.37,5,Yes,2,2,2,0,100,92,2,3,Placed
Female,State,55.6,State,46.0,Computer Science,3.91,1,Yes,2,1,4,0,100,45,0,0,Placed
Male,CBSE,85.6,State,62.1,Computer Science,4.74,2,Yes,0,0,1,2,92,32,1,2,Not Placed
Female,State,99.9,CBSE,75.5,Computer Science,5.68,2,Yes,3,2,5,0,100,55,0,0,Placed
Male,State,83.7,State,86.8,Electronics,9.64,5,No,2,1,2,0,90,68,1,0,Not Placed
Male,ICSE,69.7,State,61.3,Electronics,6.0,3,Yes,1,2,3,1,97,77,1,0,Placed
Female,State,67.6,State,64.1,Electrical,5.37,1,Yes,3,1,2,0,100,66,1,1,Placed
Male,State,69.1,ICSE,74.5,Computer Science,6.8,3,Yes,3,4,4,0,100,55,2,0,Placed
Male,CBSE,61.3,ICSE,59.4,Electronics,5.67,2,No,1,1,2,0,100,65,1,2,Placed
Female,Other,75.5,State,73.7,Civil,5.51,2,Yes,2,1,3,1,100,56,3,0,Placed
Male,ICSE,56.1,Other,62.4,Electronics,5.19,3,Yes,2,2,3,2,71,55,4,1,Placed
Female,ICSE,45.5,CBSE,44.8,Computer Science,4.67,1,Yes,3,1,3,1,95,26,2,0,Placed
Male,CBSE,75.1,CBSE,69.7,Computer Science,5.78,2,Yes,3,0,2,0,100,65,2,2,Placed
Female,State,72.3,CBSE,71.6,Computer Science,6.2,3,Yes,1,1,5,0,100,68,0,1,Placed
Female,CBSE,64.0,State,71.7,Information Technology,6.78,4,Yes,1,1,5,0,100,49,2,2,Placed
Female,State,54.0,State,47.6,Mechanical,3.6,1,Yes,1,0,1,5,94,54,0,0,Not Placed
Male,CBSE,76.1,State,41.9,Computer Science,6.97,3,Yes,3,1,4,0,100,70,0,0,Placed
Female,State,58.1,CBSE,65.4,Computer Science,6.83,3,Yes,0,2,1,0,100,67,4,1,Placed
Female,State,70.1,CBSE,76.9,Mechanical,5.26,2,No,0,1,3,2,96,56,2,0,Not Placed
Female,CBSE,96.7,ICSE,89.5,Civil,4.89,1,Yes,1,1,1,1,67,56,0,0,Not Placed
Male,State,81.1,ICSE,78.5,Information Technology,6.28,2,Yes,0,0,6,0,100,83,2,2,Placed
Female,ICSE,52.8,State,49.0,Mechanical,5.2,2,Yes,1,3,3,0,80,68,2,1,Placed
Female,CBSE,54.2,State,60.7,Information Technology,6.19,3,No,2,2,0,1,64,52,0,1,Placed
Male,ICSE,74.1,State,79.1,Computer Science,6.94,3,Yes,0,1,4,1,100,52,1,1,Placed
Male,CBSE,52.7,CBSE,55.1,Information Technology,4.84,1,Yes,2,1,3,1,100,50,2,0,Placed
Female,CBSE,44.0,State,72.9,Electronics,5.52,1,No,1,1,2,0,58,70,0,2,Placed
Male,CBSE,79.5,State,59.0,Electrical,4.92,1,Yes,2,0,1,2,71,44,2,1,Not Placed
Female,ICSE,76.5,State,74.0,Computer Science,5.8,3,Yes,1,0,2,0,100,52,0,0,Placed
Female,State,78.3,CBSE,62.0,Electronics,5.27,2,Yes,3,0,6,1,100,75,0,0,Placed
Female,ICSE,75.7,Other,80.6,Information Technology,8.24,5,Yes,2,1,3,0,100,63,1,0,Placed
Male,State,71.1,ICSE,52.5,Electronics,4.32,1,No,0,1,0,1,63,59,1,0,Not Placed
Male,CBSE,62.7,CBSE,48.7,Computer Science,5.62,1,Yes,1,1,2,1,100,54,0,0,Placed
Female,State,79.2,State,68.1,Information Technology,6.91,3,No,3,1,3,1,90,65,0,0,Placed
Male,CBSE,93.4,Other,87.7,Civil,6.03,3,No,1,0,0,2,93,71,0,0,Not Placed
Female,ICSE,65.0,CBSE,57.8,Electronics,4.6,2,Yes,2,2,1,1,79,48,0,2,Placed
Male,CBSE,57.7,State,52.4,Information Technology,6.17,3,Yes,2,0,1,0,100,57,1,1,Placed
Male,CBSE,56.1,State,55.3,Information Technology,4.56,1,No,0,1,2,2,78,39,1,1,Not Placed
Male,ICSE,59.9,State,57.5,Information Technology,5.49,1,Yes,0,1,2,1,99,52,1,0,Not Placed
Male,Other,74.8,ICSE,86.0,Information Technology,9.23,5,No,1,0,1,0,91,91,2,0,Placed
Female,CBSE,42.0,CBSE,53.4,Civil,5.65,2,Yes,1,1,1,1,96,43,0,0,Not Placed
Male,ICSE,78.1,CBSE,70.3,Other,6.05,3,No,1,2,2,0,100,71,1,0,Placed
Male,CBSE,81.0,CBSE,96.7,Information Technology,8.84,5,Yes,2,1,3,0,100,84,0,2,Placed
Male,ICSE,46.8,CBSE,55.0,Information Technology,5.32,1,No,2,1,3,0,76,40,3,0,Placed
Male,State,58.3,State,49.0,Civil,5.4,2,Yes,4,0,4,1,100,51,2,1,Placed
Male,CBSE,73.1,State,72.4,Information Technology,4.66,2,Yes,1,1,3,1,100,60,1,1,Placed
Female,CBSE,70.0,CBSE,72.9,Electronics,6.21,4,Yes,1,2,3,0,100,56,0,1,Placed
Male,CBSE,79.3,State,67.6,Computer Science,4.42,1,Yes,0,1,2,2,79,65,0,2,Not Placed
Male,CBSE,70.0,State,57.0,Mechanical,5.25,1,Yes,1,0,1,0,70,61,2,0,Placed
Male,CBSE,89.7,CBSE,83.1,Electronics,6.79,4,No,1,1,0,1,64,74,0,1,Placed
Female,State,67.5,State,62.0,Civil,6.55,3,No,0,0,1,1,72,58,1,1,Placed
Male,Other,58.2,State,73.4,Civil,6.71,3,Yes,0,2,3,0,100,75,1,0,Placed
Male,CBSE,57.1,State,65.2,Computer Science,5.66,1,No,1,3,4,0,100,70,1,1,Placed
Female,State,82.3,CBSE,70.3,Mechanical,5.6,1,No,1,1,0,0,72,52,1,0,Placed
Female,State,72.4,State,73.6,Civil,6.43,3,No,1,3,2,1,100,65,0,0,Placed
Male,Other,80.9,Other,88.3,Information Technology,7.02,3,No,3,0,2,0,100,71,1,2,Placed
Male,State,80.6,State,61.5,Computer Science,5.87,2,Yes,3,0,4,0,100,57,0,2,Placed
Female,State,43.7,CBSE,37.5,Computer Science,5.52,1,Yes,0,0,1,0,92,63,1,1,Placed
Male,State,56.0,State,56.9,Information Technology,4.75,1,No,2,2,0,3,96,63,0,0,Not Placed
Female,CBSE,57.7,CBSE,58.6,Information Technology,5.21,2,Yes,1,1,1,0,100,65,0,2,Placed
Female,CBSE,60.6,State,59.9,Electronics,5.22,1,Yes,3,1,5,1,100,61,2,0,Placed
Male,State,66.1,CBSE,61.5,Computer Science,8.74,5,Yes,2,0,1,0,100,75,2,0,Placed
Male,CBSE,86.0,CBSE,76.2,Civil,6.8,3,Yes,0,2,3,0,86,65,0,0,Placed
Male,State,88.8,State,85.4,Computer Science,8.47,5,Yes,0,0,5,0,100,85,1,0,Placed
Female,CBSE,67.9,CBSE,77.3,Computer Science,7.62,4,Yes,1,1,3,0,100,57,2,1,Placed
Male,State,68.5,State,61.6,Information Technology,6.56,4,Yes,1,0,2,3,100,72,2,0,Placed
Male,CBSE,62.1,CBSE,86.0,Information Technology,7.82,5,Yes,2,0,2,0,100,86,0,1,Placed
Female,Other,73.2,CBSE,89.5,Computer Science,8.05,5,No,2,0,2,0,100,70,2,0,Placed
Female,ICSE,74.8,ICSE,84.4,Computer Science,6.08,3,Yes,1,1,2,0,100,53,3,0,Placed
Male,CBSE,83.3,Other,83.7,Computer Science,7.66,4,No,1,1,2,0,74,79,0,0,Placed
Female,CBSE,83.2,CBSE,97.5,Mechanical,7.64,3,No,1,1,2,0,78,62,2,0,Placed
Male,State,39.8,State,41.9,Civil,4.51,2,No,0,2,2,1,72,46,2,0,Not Placed
Male,CBSE,69.9,CBSE,59.1,Information Technology,5.58,2,Yes,1,3,5,0,100,49,0,1,Placed
Male,CBSE,91.4,State,78.3,Mechanical,7.18,3,Yes,1,0,4,1,100,57,2,1,Placed
Male,CBSE,65.9,State,54.4,Mechanical,5.78,2,Yes,2,0,3,0,83,62,0,0,Placed
Male,Other,87.9,CBSE,82.1,Computer Science,4.62,1,Yes,1,1,2,2,87,71,1,2,Placed
Male,ICSE,67.7,State,68.8,Other,5.48,1,No,1,1,2,0,97,55,1,0,Placed
Female,State,74.4,CBSE,72.8,Civil,4.36,1,No,0,0,3,0,63,59,0,0,Not Placed
Female,State,56.1,CBSE,57.0,Computer Science,5.82,2,Yes,2,2,2,0,100,49,1,1,Placed
Female,Other,56.6,ICSE,58.8,Computer Science,5.45,2,Yes,1,1,3,2,100,65,1,0,Placed
Male,Other,82.2,State,94.0,Computer Science,9.23,5,Yes,1,2,1,0,92,81,0,0,Placed
Male,Other,84.3,State,84.4,Computer Science,7.57,5,Yes,0,1,2,0,100,89,0,0,Placed
Male,CBSE,72.4,State,78.5,Mechanical,6.07,3,No,0,1,4,0,85,41,1,3,Placed
Female,CBSE,54.8,State,58.0,Information Technology,6.41,2,No,2,2,1,0,100,55,1,1,Placed
Female,State,72.6,State,53.3,Civil,4.48,1,Yes,1,0,1,3,100,45,1,2,Not Placed
Male,State,89.6,CBSE,64.1,Mechanical,5.12,2,No,1,1,0,3,62,37,0,0,Not Placed
Male,CBSE,96.4,State,99.9,Electronics,8.45,5,Yes,2,0,2,0,100,92,2,0,Placed
Male,CBSE,67.6,State,60.4,Mechanical,6.78,3,No,1,1,0,1,74,61,1,1,Placed
Male,ICSE,48.8,State,45.4,Computer Science,5.62,2,Yes,0,2,2,1,100,60,1,0,Placed
Male,ICSE,83.8,State,80.3,Information Technology,7.53,3,Yes,0,0,3,0,100,66,1,0,Placed
Female,CBSE,68.1,CBSE,71.6,Electronics,8.73,5,No,1,1,3,0,100,67,2,3,Placed
Female,ICSE,85.2,State,85.7,Computer Science,6.81,2,Yes,2,2,1,3,91,65,3,0,Placed
Male,State,75.9,CBSE,89.7,Computer Science,7.05,4,Yes,3,1,4,0,100,62,0,3,Placed
Male,ICSE,59.6,State,74.7,Civil,6.29,3,No,0,0,0,1,95,61,2,0,Not Placed
Female,State,72.8,State,61.5,Mechanical,6.76,3,No,2,5,1,0,79,75,1,1,Placed
Male,CBSE,90.3,ICSE,92.4,Computer Science,7.06,4,Yes,1,0,6,2,100,77,1,0,Placed
Male,State,69.9,State,63.6,Mechanical,7.11,3,Yes,2,0,1,0,100,73,1,1,Placed
Male,State,57.5,ICSE,56.7,Civil,3.69,2,Yes,0,3,1,4,95,40,0,0,Not Placed
Male,State,49.8,State,41.4,Information Technology,4.38,1,Yes,1,0,2,2,90,34,1,1,Placed
Male,CBSE,61.2,Other,44.0,Computer Science,4.92,2,Yes,2,2,5,0,100,50,5,1,Placed
Female,Other,66.3,State,64.4,Electrical,4.84,1,Yes,2,1,1,1,88,54,1,1,Not Placed
Male,CBSE,83.5,Other,68.1,Information Technology,5.67,1,Yes,0,2,1,2,100,71,0,1,Not Placed
Male,CBSE,56.3,CBSE,66.5,Computer Science,6.94,3,Yes,0,1,3,0,100,79,1,0,Placed
Female,State,93.8,CBSE,82.5,Information Technology,8.46,5,Yes,1,1,1,0,100,89,0,1,Placed
Male,State,53.3,State,58.1,Mechanical,3.5,1,Yes,2,1,1,1,52,62,0,1,Not Placed
Female,State,99.9,Other,99.9,Computer Science,8.56,5,Yes,3,0,2,0,100,86,2,2,Placed
Female,ICSE,96.2,State,72.3,Computer Science,6.5,2,Yes,0,0,3,0,100,72,5,1,Placed
Male,State,74.0,CBSE,63.3,Computer Science,6.11,3,No,1,2,2,0,99,73,1,0,Placed
Female,State,48.9,State,53.5,Other,4.59,2,No,0,2,2,0,92,57,2,1,Placed
Male,State,71.2,State,71.5,Computer Science,5.39,2,Yes,0,2,1,2,100,69,0,2,Not Placed
Female,CBSE,66.6,CBSE,76.0,Electronics,7.93,5,No,1,3,1,0,90,74,1,2,Not Placed
Male,State,54.2,State,64.3,Electrical,6.67,3,Yes,1,3,3,0,100,63,1,0,Placed
Female,ICSE,76.1,Other,73.0,Computer Science,6.55,2,Yes,0,2,1,0,100,63,1,0,Placed
Female,CBSE,60.5,ICSE,63.4,Other,5.08,2,No,2,3,2,0,34,48,0,0,Placed
Male,State,62.0,CBSE,64.8,Electrical,5.11,2,No,0,0,2,2,69,54,0,0,Not Placed
Male,Other,69.1,CBSE,52.1,Electrical,3.5,1,No,2,2,6,1,87,35,2,0,Placed
Female,CBSE,64.0,CBSE,61.4,Computer Science,6.21,3,Yes,2,2,3,0,100,49,4,5,Placed
Female,State,99.9,CBSE,92.4,Electronics,8.31,5,Yes,0,0,4,0,87,69,0,1,Placed
Male,Other,64.5,CBSE,68.0,Mechanical,5.94,2,Yes,1,3,4,5,100,74,2,0,Not Placed
Female,CBSE,78.2,ICSE,64.4,Other,5.51,2,No,0,0,4,2,69,51,1,0,Not Placed
Male,CBSE,74.0,CBSE,57.8,Computer Science,5.78,1,Yes,1,1,3,0,100,63,0,0,Placed
Male,ICSE,76.9,ICSE,70.3,Mechanical,5.2,2,Yes,1,0,1,2,76,54,0,2,Not Placed
Male,ICSE,78.0,Other,93.2,Information Technology,7.41,4,Yes,0,1,2,0,100,90,0,1,Placed
Male,State,84.3,CBSE,70.0,Computer Science,6.3,3,Yes,1,1,4,0,100,51,0,0,Placed
Female,State,75.7,Other,83.5,Information Technology,7.85,4,Yes,0,1,2,1,100,74,0,1,Placed
Male,ICSE,75.1,State,87.2,Civil,8.21,5,Yes,1,2,1,0,100,74,3,1,Placed
Female,State,72.8,State,70.1,Information Technology,6.15,2,Yes,1,2,3,0,96,62,1,0,Placed
Male,CBSE,70.1,CBSE,60.8,Electronics,4.61,2,Yes,3,2,6,1,81,59,2,1,Placed
Male,CBSE,59.2,State,64.5,Other,5.62,2,No,2,0,1,0,48,53,1,1,Placed
Male,State,71.1,CBSE,70.3,Information Technology,8.18,5,Yes,0,1,3,0,100,68,1,0,Placed
Male,ICSE,75.4,State,63.0,Electronics,4.83,1,No,1,2,2,1,78,52,0,2,Not Placed
Male,ICSE,77.6,CBSE,66.6,Information Technology,6.93,3,Yes,1,1,1,0,100,63,2,0,Placed
Male,Other,74.5,State,75.4,Information Technology,7.9,5,Yes,1,1,1,0,100,79,1,4,Placed
Female,ICSE,68.7,CBSE,75.9,Mechanical,6.01,4,No,0,0,3,0,66,36,1,2,Placed
Male,State,71.2,CBSE,65.2,Electrical,5.06,1,Yes,3,1,6,4,100,52,1,0,Placed
Male,State,64.2,State,62.5,Electronics,6.18,3,No,1,4,4,0,100,61,1,1,Placed
Male,ICSE,76.4,State,79.0,Mechanical,6.85,3,No,2,2,1,1,60,74,0,3,Placed
Female,State,68.9,State,65.0,Computer Science,6.75,3,Yes,1,0,2,1,100,74,0,1,Placed
Female,State,74.5,CBSE,67.9,Computer Science,8.18,5,Yes,1,1,5,2,100,67,1,1,Placed
Male,CBSE,86.0,ICSE,71.9,Electronics,6.42,4,Yes,2,1,4,3,97,60,4,2,Placed
Male,Other,62.1,State,53.8,Computer Science,4.32,1,Yes,2,1,4,1,100,31,2,1,Placed
Male,State,80.4,CBSE,99.9,Computer Science,8.45,5,Yes,2,1,2,1,100,86,1,0,Placed
Female,CBSE,72.5,State,67.4,Electronics,6.2,2,No,0,1,2,0,100,87,0,0,Placed
Male,State,99.9,State,99.9,Computer Science,9.53,5,Yes,1,4,3,0,100,92,1,0,Placed
Male,State,69.0,CBSE,83.6,Computer Science,7.16,4,Yes,1,2,3,1,100,66,1,0,Placed
Male,CBSE,81.7,State,74.4,Electronics,6.07,3,Yes,0,2,3,2,100,65,1,0,Placed
Male,ICSE,72.2,ICSE,72.8,Electronics,5.1,2,No,0,2,2,1,63,34,0,0,Not Placed
Male,CBSE,52.6,State,55.5,Electrical,5.55,2,No,2,0,2,0,82,61,1,0,Placed
Female,CBSE,64.7,CBSE,47.4,Electronics,7.69,3,Yes,4,1,2,0,100,78,0,0,Placed
Male,State,84.3,ICSE,62.7,Information Technology,5.68,2,Yes,2,1,2,0,100,56,2,1,Placed
Female,State,65.9,CBSE,64.9,Electrical,6.08,3,Yes,1,2,4,1,99,53,1,0,Placed
Male,Other,40.9,Other,41.4,Civil,3.5,1,Yes,0,3,1,2,85,34,2,1,Not Placed
Male,ICSE,71.6,CBSE,87.6,Computer Science,6.44,4,No,0,1,4,1,100,66,1,5,Placed
Female,Other,56.7,State,55.2,Computer Science,5.88,2,Yes,1,0,4,0,100,62,0,1,Placed
Male,CBSE,73.8,State,89.9,Mechanical,7.27,4,No,2,1,3,0,94,77,1,1,Placed
Female,CBSE,93.7,CBSE,80.5,Electronics,4.69,2,No,2,1,1,0,62,54,1,1,Placed
Male,State,82.8,ICSE,96.2,Civil,9.0,5,No,2,0,0,0,54,83,0,0,Placed
Male,CBSE,93.5,State,90.2,Mechanical,7.64,3,No,0,3,0,0,78,69,2,0,Placed
Female,ICSE,64.1,CBSE,68.7,Electronics,6.13,3,No,0,1,2,2,69,66,0,3,Not Placed
Male,State,70.0,State,62.4,Other,5.08,2,No,3,5,2,0,72,53,1,1,Placed
Female,Other,57.4,State,63.8,Electronics,6.11,4,Yes,2,0,1,0,100,45,1,2,Placed
Male,CBSE,62.4,CBSE,78.7,Computer Science,7.42,4,Yes,1,0,1,0,100,80,2,0,Placed
Female,State,59.0,Other,57.8,Civil,5.42,2,Yes,1,1,3,0,100,52,0,0,Placed
Male,State,53.7,ICSE,51.9,Computer Science,6.23,2,No,1,2,2,0,100,54,1,1,Placed
Male,CBSE,91.1,CBSE,80.9,Civil,7.72,4,Yes,1,1,2,0,100,93,0,2,Placed
Female,State,42.7,State,63.2,Other,7.31,5,Yes,1,2,1,0,100,71,2,1,Placed
Female,State,91.2,CBSE,92.0,Mechanical,6.63,3,Yes,0,1,5,0,100,79,1,1,Placed
Female,State,89.4,ICSE,96.5,Electronics,7.36,3,No,1,2,1,0,87,70,0,1,Placed
Female,CBSE,79.0,Other,77.4,Information Technology,7.16,4,No,0,0,0,0,93,64,0,1,Not Placed
Female,CBSE,56.4,CBSE,57.7,Information Technology,4.85,1,Yes,5,1,3,2,100,66,2,0,Placed
Male,State,49.8,ICSE,56.6,Information Technology,4.92,1,Yes,0,0,1,0,97,77,3,0,Placed
Male,CBSE,64.3,State,73.9,Electronics,6.83,3,Yes,1,0,2,0,100,77,0,1,Placed
Male,CBSE,80.8,CBSE,73.1,Mechanical,6.96,2,Yes,1,1,3,0,78,41,0,1,Placed
Male,CBSE,72.0,Other,82.7,Mechanical,7.92,4,No,1,1,5,1,100,69,2,0,Placed
Male,CBSE,57.4,State,61.7,Computer Science,5.74,2,No,0,2,0,0,100,57,2,0,Placed
Male,CBSE,88.1,State,57.0,Information Technology,5.92,3,No,1,2,3,3,100,56,2,1,Placed
Male,CBSE,95.6,State,95.5,Civil,7.73,4,No,0,1,4,0,88,77,1,0,Placed
Female,State,68.8,CBSE,53.9,Information Technology,5.32,1,No,0,5,1,2,76,37,0,1,Not Placed
Male,State,73.5,CBSE,78.7,Electronics,5.98,3,Yes,0,4,1,0,100,84,0,0,Placed
Male,State,50.9,Other,62.2,Civil,4.49,2,Yes,1,3,2,5,93,56,1,1,Not Placed
Male,ICSE,66.2,State,67.9,Mechanical,6.41,3,No,3,1,4,1,100,56,2,0,Placed
Female,State,79.1,ICSE,79.8,Information Technology,6.24,3,Yes,1,1,1,0,100,60,4,0,Placed
Female,State,77.0,CBSE,83.7,Electrical,5.29,2,No,0,0,1,0,85,67,1,0,Placed
Female,ICSE,64.9,State,58.7,Computer Science,5.69,1,Yes,3,0,4,1,100,54,1,1,Not Placed
Male,State,68.2,Other,74.1,Other,7.53,4,Yes,0,1,3,0,92,72,0,0,Placed
Male,State,65.7,CBSE,75.9,Computer Science,4.32,1,Yes,1,1,2,1,100,59,0,1,Not Placed
Male,State,68.1,CBSE,83.7,Computer Science,7.08,4,Yes,0,1,3,0,100,67,3,0,Placed
Male,State,77.9,State,62.4,Electrical,6.11,3,No,1,1,2,1,72,75,1,0,Placed
Male,ICSE,44.5,CBSE,52.5,Computer Science,3.67,1,Yes,1,0,3,0,99,20,1,0,Placed
Male,CBSE,71.0,CBSE,58.6,Mechanical,5.02,3,Yes,0,1,2,0,71,43,2,0,Placed
Male,CBSE,76.9,ICSE,62.6,Civil,4.34,1,No,0,1,1,0,75,57,2,0,Not Placed
Female,CBSE,64.0,Other,66.6,Civil,4.72,2,Yes,1,1,1,0,100,47,0,1,Placed
Female,CBSE,65.3,State,64.7,Other,5.24,2,Yes,1,1,6,0,51,51,0,0,Placed
Male,CBSE,65.7,ICSE,75.7,Information Technology,5.71,2,Yes,2,0,1,1,100,75,0,0,Placed
Male,State,65.3,ICSE,60.5,Mechanical,4.25,1,Yes,1,2,1,2,100,54,2,0,Not Placed
Male,ICSE,72.1,State,67.7,Computer Science,6.25,3,Yes,1,0,1,0,100,64,0,3,Placed
Male,ICSE,73.8,CBSE,72.5,Information Technology,8.52,5,No,1,1,4,0,100,88,1,1,Placed
Female,CBSE,42.6,CBSE,38.3,Civil,4.47,1,Yes,1,3,3,0,67,36,0,2,Placed
Male,Other,81.1,CBSE,68.6,Information Technology,7.17,4,No,0,0,1,2,100,72,1,0,Placed
Female,State,67.9,CBSE,77.1,Electronics,7.33,4,Yes,0,1,5,0,100,77,2,2,Placed
Male,CBSE,99.1,CBSE,83.8,Electronics,6.42,4,Yes,1,1,5,1,100,57,0,1,Placed
Female,ICSE,55.3,CBSE,68.3,Electronics,6.32,3,No,2,0,1,0,100,55,0,0,Placed
Male,State,59.9,CBSE,66.0,Other,6.68,3,No,0,1,2,0,54,44,1,1,Placed
Female,State,69.2,CBSE,51.4,Computer Science,5.99,3,Yes,1,1,5,0,100,59,1,0,Placed
Male,CBSE,77.8,State,78.7,Electronics,6.89,3,Yes,0,0,2,1,98,82,1,0,Placed
Female,State,44.7,CBSE,53.7,Civil,5.26,2,No,0,1,1,3,92,44,0,1,Not Placed
Male,ICSE,60.4,ICSE,64.5,Information Technology,8.21,5,Yes,1,0,4,0,100,49,0,1,Placed
Male,State,80.3,CBSE,73.8,Computer Science,7.45,4,Yes,0,3,3,0,100,71,1,0,Placed
Female,State,58.7,ICSE,49.6,Electronics,4.54,1,Yes,0,1,1,1,100,60,0,4,Not Placed
Female,State,91.2,Other,96.9,Information Technology,8.03,5,Yes,0,0,1,0,86,77,0,2,Placed
Female,ICSE,65.6,State,63.2,Computer Science,5.06,2,Yes,2,2,4,1,100,60,1,1,Placed
Female,CBSE,59.4,State,50.7,Civil,6.71,3,No,0,1,0,0,58,35,1,3,Placed
Female,State,80.5,Other,79.9,Electronics,8.24,5,Yes,1,0,5,0,100,83,1,1,Placed
Male,CBSE,94.5,CBSE,78.4,Electrical,6.62,2,Yes,1,0,1,0,100,83,1,3,Placed
Male,State,77.8,Other,63.9,Civil,7.42,4,Yes,0,1,3,0,100,86,2,1,Placed
Male,State,89.6,ICSE,78.4,Mechanical,7.07,5,Yes,1,0,3,0,95,80,0,0,Placed
Female,CBSE,95.5,State,80.0,Computer Science,6.71,4,Yes,1,0,2,0,100,94,1,0,Placed
Male,State,59.1,CBSE,50.2,Information Technology,5.88,3,Yes,2,1,1,0,100,64,0,0,Placed
Male,State,85.1,State,86.9,Computer Science,7.91,3,No,0,5,0,1,74,75,1,2,Placed
Female,CBSE,50.7,State,51.9,Electrical,5.58,3,Yes,1,1,3,0,78,48,2,1,Placed
Female,State,77.9,State,85.9,Computer Science,6.25,2,No,0,1,1,0,82,50,2,1,Placed
Male,CBSE,71.0,State,59.7,Information Technology,4.95,1,Yes,1,3,2,0,82,45,0,1,Placed
Male,State,89.4,CBSE,64.8,Electronics,7.15,4,No,0,0,0,0,85,55,0,0,Placed
Male,CBSE,88.4,CBSE,82.8,Computer Science,8.81,5,Yes,2,0,2,0,100,89,0,4,Placed
Male,State,80.0,State,93.6,Computer Science,9.26,5,Yes,1,3,2,0,100,75,0,0,Placed
Male,ICSE,76.2,CBSE,77.5,Electronics,8.63,4,No,2,1,0,2,68,66,1,0,Placed
Female,State,79.1,CBSE,99.9,Computer Science,8.91,5,Yes,5,0,3,1,100,97,2,1,Placed
Female,CBSE,72.9,CBSE,73.0,Computer Science,7.1,4,Yes,4,1,3,0,100,64,1,1,Placed
Female,Other,71.1,CBSE,70.7,Information Technology,5.57,2,Yes,1,2,3,0,100,68,2,3,Placed
Male,State,92.2,State,62.6,Mechanical,4.95,2,No,2,0,0,1,43,67,0,1,Not Placed
Female,CBSE,93.9,CBSE,89.7,Electronics,5.64,2,No,0,1,1,2,88,56,1,0,Not Placed
Male,ICSE,70.0,Other,69.2,Information Technology,6.01,3,Yes,0,0,4,0,100,65,2,2,Placed
Male,CBSE,75.3,ICSE,67.4,Electronics,4.13,1,Yes,1,1,4,1,100,80,3,0,Placed
Female,State,73.1,State,68.5,Information Technology,7.23,4,No,4,1,2,0,100,75,1,0,Placed
Male,State,49.4,CBSE,51.4,Electrical,5.14,2,Yes,1,0,2,0,51,57,0,1,Placed
Male,State,67.3,State,63.7,Computer Science,4.22,1,Yes,0,1,4,1,94,49,3,1,Placed
Female,ICSE,94.4,State,99.9,Mechanical,7.72,4,Yes,1,1,6,0,100,82,0,0,Placed
Male,State,61.5,Other,57.4,Electrical,6.95,3,No,0,0,1,0,44,67,0,0,Placed
Female,CBSE,99.9,State,91.6,Civil,7.14,4,Yes,1,1,4,0,100,63,0,0,Placed
Male,Other,88.4,State,77.3,Computer Science,6.03,3,Yes,1,1,2,0,100,51,1,2,Placed
Female,Other,77.6,ICSE,81.0,Information Technology,5.46,2,Yes,0,1,1,0,78,65,0,1,Placed
Male,State,79.9,CBSE,76.7,Mechanical,4.81,1,Yes,0,3,3,2,100,55,0,1,Not Placed
Male,State,59.2,CBSE,56.6,Computer Science,6.06,3,Yes,2,1,2,2,100,45,2,3,Placed
Female,CBSE,68.3,State,47.0,Civil,3.96,1,Yes,2,0,1,3,89,28,0,1,Not Placed
Male,ICSE,92.2,CBSE,86.6,Mechanical,6.71,3,No,0,1,0,0,78,79,2,0,Placed
Male,CBSE,63.4,CBSE,59.5,Mechanical,4.88,1,Yes,0,1,4,0,100,52,1,0,Placed
Male,CBSE,86.9,State,79.6,Computer Science,6.95,3,Yes,2,5,4,0,100,66,0,2,Placed
Male,State,52.7,CBSE,42.7,Mechanical,3.5,1,Yes,3,0,2,2,83,38,3,1,Not Placed
Male,CBSE,55.2,State,70.7,Mechanical,6.28,3,Yes,3,1,4,0,81,63,2,3,Placed
Male,CBSE,98.6,Other,97.5,Civil,6.36,3,No,0,1,0,0,89,69,1,0,Placed
Female,State,71.8,CBSE,83.2,Computer Science,6.63,4,No,0,2,2,0,97,53,1,2,Placed
Male,CBSE,64.5,CBSE,74.8,Computer Science,7.67,5,Yes,0,1,5,0,84,75,2,0,Placed
Male,CBSE,91.1,CBSE,89.2,Information Technology,7.94,4,Yes,1,2,1,0,86,67,1,2,Placed
Male,CBSE,89.4,CBSE,70.6,Computer Science,7.11,5,Yes,2,0,2,2,100,64,3,1,Placed
Male,CBSE,84.9,CBSE,97.1,Electronics,9.85,5,Yes,1,1,4,0,100,96,1,0,Placed
Female,State,64.0,CBSE,53.7,Electrical,4.89,1,Yes,4,0,4,0,90,58,1,1,Placed
Male,ICSE,68.0,State,63.3,Information Technology,5.93,2,Yes,2,3,2,0,95,62,1,2,Placed
Female,State,76.4,CBSE,79.4,Civil,6.22,3,Yes,0,0,4,0,79,66,1,0,Placed
Male,State,81.7,State,83.8,Computer Science,6.95,4,No,1,1,4,0,100,80,1,0,Placed
Female,CBSE,64.9,ICSE,69.4,Computer Science,5.5,2,No,1,0,1,0,100,63,2,4,Placed
Male,CBSE,74.4,ICSE,66.8,Computer Science,6.32,3,Yes,1,3,1,1,100,53,0,0,Placed
Female,CBSE,75.7,State,65.7,Information Technology,6.39,3,Yes,2,1,2,1,100,72,1,1,Placed
Female,State,90.0,CBSE,99.9,Electrical,8.31,5,No,1,4,2,0,91,91,3,3,Placed
Male,State,82.6,State,76.6,Computer Science,6.94,2,Yes,1,0,1,0,81,69,1,1,Placed
Male,State,50.9,CBSE,51.6,Electronics,5.79,1,Yes,0,0,1,3,100,62,0,1,Not Placed
Male,CBSE,69.0,CBSE,59.6,Information Technology,5.7,2,Yes,2,1,2,1,100,60,0,1,Placed
Female,CBSE,59.0,ICSE,61.7,Electrical,5.09,2,Yes,1,1,1,3,100,22,2,1,Not Placed
Male,ICSE,80.0,CBSE,77.0,Computer Science,6.07,2,Yes,1,1,3,0,90,60,1,1,Placed
Male,CBSE,84.9,CBSE,78.5,Computer Science,5.61,2,Yes,0,2,1,0,78,59,2,0,Placed
Female,State,73.4,ICSE,73.9,Computer Science,8.02,5,Yes,1,0,3,0,100,72,0,2,Placed
Male,State,68.2,Other,83.8,Information Technology,6.62,3,No,0,1,0,2,100,65,0,1,Placed
Female,State,73.0,CBSE,63.8,Computer Science,5.21,2,Yes,2,1,6,0,100,55,3,1,Placed
Female,Other,74.9,CBSE,71.6,Civil,5.58,2,Yes,5,1,4,4,92,67,3,2,Placed
Female,Other,63.0,State,55.8,Electronics,4.98,1,Yes,0,1,1,1,93,54,1,0,Not Placed
Female,State,54.9,State,59.1,Electronics,6.92,3,Yes,0,0,3,0,96,62,1,1,Placed
Male,State,43.3,CBSE,41.8,Electronics,4.02,1,Yes,0,3,2,0,89,22,1,0,Not Placed
Male,CBSE,89.7,State,77.0,Computer Science,9.28,5,Yes,0,2,3,0,100,93,0,1,Placed
Male,Other,78.9,Other,59.6,Information Technology,5.73,2,Yes,0,1,5,0,100,53,3,0,Placed
Male,State,77.1,CBSE,73.8,Other,8.05,5,No,1,1,1,0,54,88,0,0,Placed
Female,CBSE,89.7,Other,86.6,Civil,7.73,3,No,2,0,3,0,83,66,0,2,Placed
Female,State,54.4,Other,74.4,Electrical,6.61,3,Yes,2,1,2,1,85,73,0,1,Placed
Male,CBSE,47.7,CBSE,55.5,Civil,6.33,3,Yes,0,1,3,1,100,58,3,0,Placed
Male,State,77.4,ICSE,68.6,Computer Science,7.37,4,No,0,1,0,1,100,57,0,0,Placed
Female,State,76.1,CBSE,58.5,Computer Science,6.27,2,Yes,1,2,4,0,100,69,2,0,Placed
Male,CBSE,47.8,State,38.6,Computer Science,6.49,2,No,0,0,0,0,77,37,0,1,Placed
Male,CBSE,77.0,ICSE,59.8,Information Technology,5.24,2,No,1,0,1,1,100,56,2,0,Placed
Male,Other,66.4,CBSE,83.6,Computer Science,6.44,3,Yes,1,1,5,0,100,70,5,4,Placed
Female,ICSE,60.7,State,63.4,Information Technology,5.31,2,Yes,1,1,1,0,95,49,0,2,Placed
Female,ICSE,67.3,ICSE,59.6,Mechanical,6.85,4,No,0,0,0,1,75,74,1,2,Placed
Female,CBSE,37.8,CBSE,33.8,Electrical,4.95,1,Yes,3,1,4,2,84,46,0,0,Not Placed
Female,ICSE,63.7,CBSE,54.2,Mechanical,4.45,1,No,1,0,5,2,79,65,3,3,Not Placed
Male,State,62.1,CBSE,55.5,Electrical,3.5,1,Yes,2,2,3,3,77,45,1,1,Not Placed
Male,CBSE,79.8,State,88.0,Computer Science,7.43,4,Yes,0,1,1,0,100,81,0,1,Placed
Female,CBSE,69.8,Other,67.1,Computer Science,5.35,1,Yes,2,2,3,4,100,36,0,0,Not Placed
Male,CBSE,80.9,ICSE,61.2,Mechanical,4.93,1,Yes,0,1,2,0,100,60,0,1,Placed
Female,CBSE,36.3,State,65.3,Information Technology,5.1,1,Yes,1,2,6,2,93,60,1,1,Placed
Female,Other,60.3,State,48.8,Computer Science,3.62,1,No,2,2,2,0,83,36,0,1,Placed
Female,CBSE,79.8,CBSE,68.9,Information Technology,7.97,3,No,0,2,1,1,100,65,2,0,Placed
Female,State,67.7,CBSE,78.9,Computer Science,6.41,3,Yes,0,2,3,0,95,64,1,1,Placed
Female,State,83.8,State,82.0,Electronics,8.2,5,Yes,1,1,3,0,100,86,2,0,Placed
Female,CBSE,46.7,State,45.3,Information Technology,4.55,2,Yes,1,1,3,1,100,35,1,0,Placed
Male,State,82.2,State,64.3,Electronics,4.76,2,Yes,1,2,1,1,80,39,3,0,Placed
Male,CBSE,63.1,Other,52.7,Mechanical,5.28,2,Yes,1,1,1,0,58,58,2,1,Placed
Male,ICSE,61.7,State,52.2,Information Technology,4.84,1,Yes,2,0,2,2,99,46,0,1,Not Placed
Female,CBSE,85.9,State,79.5,Computer Science,6.88,4,Yes,2,2,2,0,100,68,1,2,Placed
Male,State,88.3,CBSE,83.1,Computer Science,7.43,4,Yes,2,1,2,0,100,73,0,0,Placed
Female,State,86.5,Other,78.4,Information Technology,6.17,3,Yes,0,0,1,0,100,69,2,0,Placed
Male,ICSE,99.9,ICSE,89.5,Mechanical,5.76,2,No,0,1,4,1,83,78,0,1,Placed
Female,ICSE,89.7,ICSE,71.8,Mechanical,6.02,2,Yes,1,3,1,0,86,51,0,0,Placed
Male,State,60.9,State,63.6,Mechanical,6.4,3,Yes,2,2,5,0,77,65,3,0,Placed
Female,CBSE,74.0,State,83.3,Computer Science,6.5,2,No,2,1,4,2,77,67,1,0,Not Placed
Male,State,67.0,State,63.6,Electronics,5.87,2,No,1,0,2,3,100,62,2,0,Not Placed
Male,ICSE,99.9,CBSE,88.1,Electronics,8.68,5,Yes,1,1,1,0,77,100,1,0,Placed
Male,ICSE,87.5,State,81.5,Information Technology,7.02,4,Yes,0,1,1,0,100,59,0,1,Placed
Female,CBSE,69.4,Other,78.2,Electronics,6.76,4,Yes,2,0,6,0,100,75,3,1,Placed
Male,CBSE,84.3,CBSE,69.3,Information Technology,6.35,3,Yes,0,3,5,1,100,75,0,1,Placed
Male,ICSE,54.7,CBSE,70.5,Electronics,5.57,2,Yes,1,0,6,0,73,48,2,0,Placed
Female,State,75.5,State,75.8,Mechanical,5.43,2,Yes,0,1,6,0,100,58,0,0,Placed
Female,CBSE,58.9,CBSE,59.5,Computer Science,4.88,1,Yes,0,0,1,0,100,48,4,2,Placed
Female,State,48.4,State,63.4,Mechanical,5.85,2,Yes,1,3,3,2,72,71,1,2,Placed
Male,State,83.0,State,65.4,Computer Science,6.83,4,Yes,0,0,4,3,100,65,0,1,Placed
Male,Other,84.7,CBSE,83.7,Computer Science,8.07,5,Yes,1,1,2,0,100,61,0,2,Placed
Female,State,78.4,ICSE,78.1,Other,6.14,3,No,1,2,1,1,76,86,1,1,Placed
Male,CBSE,69.4,State,57.7,Other,6.13,3,No,2,0,1,0,62,73,0,0,Placed
Female,CBSE,54.3,ICSE,60.3,Computer Science,6.1,4,Yes,1,0,1,0,100,69,0,1,Placed
Male,CBSE,55.7,ICSE,59.6,Information Technology,5.74,3,Yes,0,0,1,1,96,55,0,0,Placed
Male,State,58.4,ICSE,57.0,Computer Science,3.5,1,Yes,3,1,2,0,99,33,0,2,Placed
Male,State,68.7,CBSE,75.2,Information Technology,5.95,2,Yes,0,1,2,0,100,61,2,0,Placed
Male,CBSE,87.1,CBSE,74.6,Civil,4.78,2,No,2,2,2,2,73,64,2,1,Not Placed
Male,State,86.8,CBSE,82.8,Other,7.35,4,Yes,0,0,2,0,95,71,4,0,Placed
Male,State,48.9,State,50.4,Electronics,4.96,1,Yes,1,2,4,1,99,45,0,2,Placed
Female,CBSE,62.3,ICSE,55.6,Information Technology,4.45,1,Yes,0,5,4,2,100,34,0,1,Not Placed
Male,CBSE,61.9,State,66.5,Electronics,6.2,2,Yes,1,2,1,0,100,53,0,1,Placed
Female,Other,36.6,ICSE,40.4,Information Technology,3.5,1,Yes,2,1,1,2,84,24,1,0,Not Placed
Female,CBSE,79.9,CBSE,60.2,Electrical,4.42,1,Yes,1,3,2,1,77,50,0,0,Not Placed
Female,ICSE,68.6,CBSE,48.4,Electrical,3.96,1,Yes,1,5,3,0,100,52,0,1,Placed
Male,State,70.4,ICSE,75.7,Electronics,7.01,4,Yes,1,1,2,0,100,57,0,0,Placed
Female,ICSE,90.8,State,70.9,Information Technology,7.67,3,Yes,3,0,3,0,100,55,0,1,Placed
Female,ICSE,73.2,ICSE,72.7,Information Technology,6.0,2,Yes,1,3,1,0,92,62,1,0,Placed
Female,State,66.0,CBSE,65.0,Computer Science,7.32,4,Yes,0,2,2,0,100,65,1,0,Not Placed
Female,ICSE,80.0,Other,71.3,Civil,5.98,2,No,0,0,4,0,45,61,1,3,Placed
Female,Other,86.8,State,99.7,Information Technology,8.49,5,No,1,3,1,0,100,70,1,2,Placed
Female,State,76.2,ICSE,73.9,Information Technology,6.55,2,Yes,0,1,3,0,100,78,1,0,Placed
Male,CBSE,81.6,CBSE,83.8,Information Technology,7.07,4,Yes,3,1,2,0,97,76,1,0,Placed
Female,CBSE,70.0,State,70.3,Civil,6.26,3,No,0,1,0,1,80,73,1,1,Placed
Male,ICSE,70.9,Other,65.9,Computer Science,6.85,3,Yes,0,1,2,0,100,61,3,0,Placed
Female,State,73.6,ICSE,70.0,Civil,5.05,2,Yes,1,1,3,1,86,66,0,0,Placed
Male,CBSE,61.5,CBSE,75.7,Electrical,6.2,2,Yes,1,1,2,0,100,59,1,1,Placed
Male,CBSE,64.0,CBSE,73.9,Electrical,7.76,4,Yes,0,1,1,2,100,83,0,0,Placed
Female,State,91.3,State,99.9,Information Technology,8.45,5,Yes,1,1,3,0,100,79,1,1,Placed
Female,CBSE,99.9,CBSE,92.1,Computer Science,8.14,5,Yes,1,2,1,0,100,61,1,0,Not Placed
